"year","country","event_type","events_total","fatalities_total"
"1996","Algeria","Violence against civilians","3","9"
"1996","Angola","Violence against civilians","2","40"
"1996","Central African Republic","Battles","2","4"
"1996","Egypt","Battles","1","1"
"1996","Libya","Violence against civilians","1","8"
"1996","Rwanda","Battles","1","1"
"1996","Sierra Leone","Battles","4","0"
"1996","Sierra Leone","Strategic developments","8","0"
"1996","Sierra Leone","Violence against civilians","1","0"
"1996","Sudan","Battles","2","0"
"1996","Uganda","Battles","2","9"
"1997","Algeria","Battles","8","20"
"1997","Algeria","Explosions/Remote violence","17","299"
"1997","Algeria","Violence against civilians","114","3329"
"1997","Angola","Battles","163","2416"
"1997","Angola","Protests","42","0"
"1997","Angola","Riots","2","0"
"1997","Angola","Strategic developments","3","0"
"1997","Angola","Violence against civilians","49","2802"
"1997","Benin","Protests","2","0"
"1997","Botswana","Protests","1","0"
"1997","Burkina Faso","Protests","4","0"
"1997","Burundi","Battles","85","2013"
"1997","Burundi","Explosions/Remote violence","22","82"
"1997","Burundi","Protests","1","0"
"1997","Burundi","Riots","1","0"
"1997","Burundi","Strategic developments","16","0"
"1997","Burundi","Violence against civilians","94","2251"
"1997","Cameroon","Battles","11","6"
"1997","Cameroon","Protests","1","0"
"1997","Cameroon","Violence against civilians","2","0"
"1997","Central African Republic","Battles","20","127"
"1997","Central African Republic","Protests","6","0"
"1997","Central African Republic","Riots","4","0"
"1997","Central African Republic","Strategic developments","2","0"
"1997","Central African Republic","Violence against civilians","5","0"
"1997","Chad","Battles","3","98"
"1997","Chad","Riots","1","0"
"1997","Chad","Strategic developments","1","0"
"1997","Chad","Violence against civilians","9","109"
"1997","Democratic Republic of Congo","Battles","95","1053"
"1997","Democratic Republic of Congo","Explosions/Remote violence","5","22"
"1997","Democratic Republic of Congo","Protests","22","14"
"1997","Democratic Republic of Congo","Riots","9","2"
"1997","Democratic Republic of Congo","Strategic developments","43","0"
"1997","Democratic Republic of Congo","Violence against civilians","45","1200"
"1997","Djibouti","Battles","1","0"
"1997","Egypt","Battles","18","57"
"1997","Egypt","Explosions/Remote violence","1","9"
"1997","Egypt","Protests","4","0"
"1997","Egypt","Riots","4","3"
"1997","Egypt","Strategic developments","1","0"
"1997","Egypt","Violence against civilians","12","101"
"1997","Equatorial Guinea","Violence against civilians","3","0"
"1997","Eritrea","Battles","1","100"
"1997","Eritrea","Explosions/Remote violence","1","0"
"1997","eSwatini","Protests","5","0"
"1997","eSwatini","Strategic developments","1","0"
"1997","Ethiopia","Battles","5","53"
"1997","Ethiopia","Explosions/Remote violence","7","4"
"1997","Ethiopia","Protests","2","0"
"1997","Ethiopia","Strategic developments","2","0"
"1997","Ethiopia","Violence against civilians","7","27"
"1997","Gabon","Battles","1","4"
"1997","Gambia","Battles","1","1"
"1997","Gambia","Riots","1","0"
"1997","Gambia","Violence against civilians","1","0"
"1997","Ghana","Battles","3","2"
"1997","Ghana","Protests","1","2"
"1997","Ghana","Riots","1","1"
"1997","Guinea","Strategic developments","3","0"
"1997","Guinea-Bissau","Riots","2","0"
"1997","Ivory Coast","Battles","1","1"
"1997","Ivory Coast","Protests","7","0"
"1997","Ivory Coast","Riots","4","15"
"1997","Ivory Coast","Violence against civilians","2","2"
"1997","Kenya","Battles","46","159"
"1997","Kenya","Explosions/Remote violence","1","1"
"1997","Kenya","Protests","14","12"
"1997","Kenya","Riots","34","21"
"1997","Kenya","Strategic developments","1","0"
"1997","Kenya","Violence against civilians","47","296"
"1997","Lesotho","Battles","2","5"
"1997","Lesotho","Riots","1","1"
"1997","Lesotho","Violence against civilians","2","12"
"1997","Liberia","Battles","10","2"
"1997","Liberia","Protests","2","0"
"1997","Liberia","Strategic developments","9","0"
"1997","Liberia","Violence against civilians","1","0"
"1997","Libya","Violence against civilians","1","1"
"1997","Madagascar","Explosions/Remote violence","4","0"
"1997","Madagascar","Protests","1","0"
"1997","Malawi","Riots","1","0"
"1997","Mali","Explosions/Remote violence","1","0"
"1997","Mali","Protests","6","0"
"1997","Mali","Riots","6","3"
"1997","Mali","Violence against civilians","1","0"
"1997","Mauritania","Battles","1","3"
"1997","Mauritania","Protests","3","0"
"1997","Mauritania","Riots","1","0"
"1997","Morocco","Battles","1","0"
"1997","Morocco","Protests","3","0"
"1997","Morocco","Riots","2","4"
"1997","Morocco","Violence against civilians","4","4"
"1997","Mozambique","Protests","8","0"
"1997","Mozambique","Riots","2","0"
"1997","Mozambique","Violence against civilians","2","0"
"1997","Namibia","Protests","8","0"
"1997","Niger","Battles","10","108"
"1997","Niger","Protests","4","0"
"1997","Niger","Riots","6","0"
"1997","Niger","Violence against civilians","7","13"
"1997","Nigeria","Battles","61","358"
"1997","Nigeria","Explosions/Remote violence","17","18"
"1997","Nigeria","Protests","11","0"
"1997","Nigeria","Riots","20","29"
"1997","Nigeria","Strategic developments","3","0"
"1997","Nigeria","Violence against civilians","30","67"
"1997","Republic of Congo","Battles","60","39"
"1997","Republic of Congo","Explosions/Remote violence","6","0"
"1997","Republic of Congo","Protests","7","0"
"1997","Republic of Congo","Strategic developments","9","0"
"1997","Republic of Congo","Violence against civilians","9","2"
"1997","Rwanda","Battles","26","1107"
"1997","Rwanda","Explosions/Remote violence","5","103"
"1997","Rwanda","Protests","5","0"
"1997","Rwanda","Strategic developments","1","0"
"1997","Rwanda","Violence against civilians","87","1732"
"1997","Senegal","Battles","25","380"
"1997","Senegal","Explosions/Remote violence","6","13"
"1997","Senegal","Protests","1","0"
"1997","Senegal","Riots","3","0"
"1997","Senegal","Strategic developments","1","0"
"1997","Senegal","Violence against civilians","16","70"
"1997","Sierra Leone","Battles","243","0"
"1997","Sierra Leone","Strategic developments","465","0"
"1997","Sierra Leone","Violence against civilians","251","40"
"1997","Somalia","Battles","14","34"
"1997","Somalia","Strategic developments","1","0"
"1997","Somalia","Violence against civilians","16","15"
"1997","South Africa","Battles","8","33"
"1997","South Africa","Explosions/Remote violence","3","4"
"1997","South Africa","Protests","37","4"
"1997","South Africa","Riots","13","5"
"1997","South Africa","Strategic developments","5","0"
"1997","South Africa","Violence against civilians","16","53"
"1997","Sudan","Battles","181","4309"
"1997","Sudan","Explosions/Remote violence","27","312"
"1997","Sudan","Protests","16","0"
"1997","Sudan","Riots","4","0"
"1997","Sudan","Strategic developments","6","0"
"1997","Sudan","Violence against civilians","18","489"
"1997","Tanzania","Battles","1","20"
"1997","Tanzania","Violence against civilians","4","6"
"1997","Togo","Protests","6","0"
"1997","Togo","Riots","1","0"
"1997","Togo","Violence against civilians","2","4"
"1997","Tunisia","Strategic developments","1","0"
"1997","Uganda","Battles","54","573"
"1997","Uganda","Explosions/Remote violence","8","9"
"1997","Uganda","Riots","1","0"
"1997","Uganda","Strategic developments","2","0"
"1997","Uganda","Violence against civilians","25","341"
"1997","Zambia","Battles","1","1"
"1997","Zambia","Protests","2","0"
"1997","Zambia","Riots","7","0"
"1997","Zambia","Violence against civilians","2","0"
"1997","Zimbabwe","Protests","12","0"
"1997","Zimbabwe","Riots","7","2"
"1997","Zimbabwe","Violence against civilians","2","0"
"1998","Algeria","Battles","14","221"
"1998","Algeria","Explosions/Remote violence","13","130"
"1998","Algeria","Protests","1","0"
"1998","Algeria","Violence against civilians","19","840"
"1998","Angola","Battles","328","38474"
"1998","Angola","Explosions/Remote violence","23","5021"
"1998","Angola","Protests","3","0"
"1998","Angola","Strategic developments","62","0"
"1998","Angola","Violence against civilians","103","9315"
"1998","Benin","Protests","2","0"
"1998","Benin","Violence against civilians","1","1"
"1998","Botswana","Riots","1","0"
"1998","Burkina Faso","Protests","2","0"
"1998","Burkina Faso","Violence against civilians","1","4"
"1998","Burundi","Battles","49","559"
"1998","Burundi","Explosions/Remote violence","1","0"
"1998","Burundi","Protests","3","1"
"1998","Burundi","Strategic developments","5","0"
"1998","Burundi","Violence against civilians","56","474"
"1998","Cameroon","Battles","2","7"
"1998","Cameroon","Explosions/Remote violence","1","0"
"1998","Cameroon","Protests","1","0"
"1998","Cameroon","Violence against civilians","2","1"
"1998","Central African Republic","Battles","6","5"
"1998","Central African Republic","Explosions/Remote violence","1","0"
"1998","Central African Republic","Protests","3","0"
"1998","Central African Republic","Riots","5","41"
"1998","Central African Republic","Strategic developments","6","0"
"1998","Central African Republic","Violence against civilians","1","0"
"1998","Chad","Battles","4","46"
"1998","Chad","Riots","1","0"
"1998","Chad","Violence against civilians","7","39"
"1998","Democratic Republic of Congo","Battles","206","1023"
"1998","Democratic Republic of Congo","Explosions/Remote violence","7","625"
"1998","Democratic Republic of Congo","Protests","3","0"
"1998","Democratic Republic of Congo","Riots","5","15"
"1998","Democratic Republic of Congo","Strategic developments","56","0"
"1998","Democratic Republic of Congo","Violence against civilians","30","1713"
"1998","Djibouti","Explosions/Remote violence","2","3"
"1998","Egypt","Battles","6","16"
"1998","Egypt","Protests","6","0"
"1998","Egypt","Riots","2","1"
"1998","Egypt","Violence against civilians","4","10"
"1998","Equatorial Guinea","Battles","1","0"
"1998","Equatorial Guinea","Violence against civilians","1","6"
"1998","Eritrea","Battles","7","1200"
"1998","Eritrea","Explosions/Remote violence","3","30"
"1998","Eritrea","Protests","1","0"
"1998","Eritrea","Violence against civilians","13","68"
"1998","eSwatini","Explosions/Remote violence","4","2"
"1998","eSwatini","Strategic developments","1","0"
"1998","Ethiopia","Battles","25","827"
"1998","Ethiopia","Explosions/Remote violence","12","77"
"1998","Ethiopia","Protests","1","0"
"1998","Ethiopia","Strategic developments","6","0"
"1998","Ethiopia","Violence against civilians","16","54"
"1998","Gabon","Protests","2","0"
"1998","Gambia","Riots","1","0"
"1998","Ghana","Battles","1","4"
"1998","Ghana","Protests","1","0"
"1998","Ghana","Riots","2","0"
"1998","Guinea","Battles","3","30"
"1998","Guinea","Protests","8","3"
"1998","Guinea","Riots","9","18"
"1998","Guinea","Strategic developments","5","0"
"1998","Guinea","Violence against civilians","9","35"
"1998","Guinea-Bissau","Battles","62","467"
"1998","Guinea-Bissau","Explosions/Remote violence","1","100"
"1998","Guinea-Bissau","Violence against civilians","1","0"
"1998","Ivory Coast","Battles","1","0"
"1998","Ivory Coast","Protests","5","1"
"1998","Ivory Coast","Riots","3","1"
"1998","Ivory Coast","Violence against civilians","5","12"
"1998","Kenya","Battles","30","106"
"1998","Kenya","Explosions/Remote violence","2","213"
"1998","Kenya","Protests","57","0"
"1998","Kenya","Riots","31","2"
"1998","Kenya","Strategic developments","3","0"
"1998","Kenya","Violence against civilians","57","294"
"1998","Lesotho","Battles","15","45"
"1998","Lesotho","Protests","5","0"
"1998","Lesotho","Riots","6","1"
"1998","Lesotho","Strategic developments","2","0"
"1998","Lesotho","Violence against civilians","6","39"
"1998","Liberia","Battles","7","97"
"1998","Liberia","Protests","7","2"
"1998","Liberia","Strategic developments","3","0"
"1998","Liberia","Violence against civilians","9","3"
"1998","Libya","Battles","1","1"
"1998","Libya","Protests","5","0"
"1998","Libya","Violence against civilians","4","1"
"1998","Madagascar","Protests","1","0"
"1998","Madagascar","Riots","2","0"
"1998","Malawi","Protests","1","0"
"1998","Malawi","Riots","1","0"
"1998","Malawi","Violence against civilians","3","0"
"1998","Mali","Battles","2","11"
"1998","Mali","Violence against civilians","1","0"
"1998","Mauritania","Protests","1","0"
"1998","Morocco","Protests","9","0"
"1998","Morocco","Riots","2","0"
"1998","Morocco","Violence against civilians","2","10"
"1998","Mozambique","Violence against civilians","1","0"
"1998","Namibia","Protests","4","0"
"1998","Niger","Battles","29","18"
"1998","Niger","Protests","2","0"
"1998","Niger","Riots","5","0"
"1998","Niger","Violence against civilians","4","151"
"1998","Nigeria","Battles","47","310"
"1998","Nigeria","Explosions/Remote violence","3","709"
"1998","Nigeria","Protests","21","13"
"1998","Nigeria","Riots","29","83"
"1998","Nigeria","Strategic developments","8","0"
"1998","Nigeria","Violence against civilians","45","176"
"1998","Republic of Congo","Battles","21","100"
"1998","Republic of Congo","Explosions/Remote violence","1","9"
"1998","Republic of Congo","Protests","1","0"
"1998","Republic of Congo","Strategic developments","4","0"
"1998","Republic of Congo","Violence against civilians","15","12"
"1998","Rwanda","Battles","75","2057"
"1998","Rwanda","Explosions/Remote violence","2","1"
"1998","Rwanda","Protests","1","0"
"1998","Rwanda","Strategic developments","1","0"
"1998","Rwanda","Violence against civilians","58","889"
"1998","Senegal","Battles","13","134"
"1998","Senegal","Explosions/Remote violence","2","3"
"1998","Senegal","Protests","1","0"
"1998","Senegal","Riots","3","4"
"1998","Senegal","Violence against civilians","15","79"
"1998","Sierra Leone","Battles","305","0"
"1998","Sierra Leone","Explosions/Remote violence","1","0"
"1998","Sierra Leone","Strategic developments","883","0"
"1998","Sierra Leone","Violence against civilians","500","0"
"1998","Somalia","Battles","14","0"
"1998","Somalia","Explosions/Remote violence","2","0"
"1998","Somalia","Strategic developments","1","0"
"1998","Somalia","Violence against civilians","10","4"
"1998","South Africa","Battles","3","10"
"1998","South Africa","Explosions/Remote violence","8","3"
"1998","South Africa","Protests","22","0"
"1998","South Africa","Riots","27","5"
"1998","South Africa","Strategic developments","1","0"
"1998","South Africa","Violence against civilians","24","82"
"1998","Sudan","Battles","189","3451"
"1998","Sudan","Explosions/Remote violence","31","164"
"1998","Sudan","Protests","7","0"
"1998","Sudan","Riots","8","1"
"1998","Sudan","Strategic developments","5","0"
"1998","Sudan","Violence against civilians","20","430"
"1998","Tanzania","Explosions/Remote violence","1","10"
"1998","Tanzania","Riots","2","0"
"1998","Tanzania","Violence against civilians","2","10"
"1998","Togo","Battles","1","0"
"1998","Togo","Protests","4","1"
"1998","Togo","Riots","1","0"
"1998","Togo","Violence against civilians","7","2"
"1998","Tunisia","Protests","2","0"
"1998","Uganda","Battles","147","789"
"1998","Uganda","Explosions/Remote violence","16","33"
"1998","Uganda","Protests","2","0"
"1998","Uganda","Riots","1","0"
"1998","Uganda","Strategic developments","32","0"
"1998","Uganda","Violence against civilians","116","339"
"1998","Zambia","Protests","9","0"
"1998","Zambia","Riots","4","0"
"1998","Zambia","Violence against civilians","1","1"
"1998","Zimbabwe","Protests","45","0"
"1998","Zimbabwe","Riots","32","6"
"1998","Zimbabwe","Violence against civilians","8","4"
"1999","Algeria","Battles","27","79"
"1999","Algeria","Explosions/Remote violence","11","46"
"1999","Algeria","Strategic developments","3","0"
"1999","Algeria","Violence against civilians","25","244"
"1999","Angola","Battles","1143","64635"
"1999","Angola","Explosions/Remote violence","45","979"
"1999","Angola","Protests","14","0"
"1999","Angola","Strategic developments","48","0"
"1999","Angola","Violence against civilians","94","6111"
"1999","Benin","Protests","1","0"
"1999","Benin","Violence against civilians","1","0"
"1999","Burkina Faso","Battles","2","0"
"1999","Burkina Faso","Protests","17","0"
"1999","Burkina Faso","Riots","10","1"
"1999","Burkina Faso","Violence against civilians","2","2"
"1999","Burundi","Battles","70","903"
"1999","Burundi","Explosions/Remote violence","5","15"
"1999","Burundi","Strategic developments","2","0"
"1999","Burundi","Violence against civilians","86","800"
"1999","Cameroon","Battles","1","1"
"1999","Cameroon","Protests","1","0"
"1999","Central African Republic","Battles","5","18"
"1999","Central African Republic","Protests","1","0"
"1999","Central African Republic","Riots","3","0"
"1999","Central African Republic","Strategic developments","6","0"
"1999","Central African Republic","Violence against civilians","3","2"
"1999","Chad","Battles","8","143"
"1999","Chad","Explosions/Remote violence","1","11"
"1999","Chad","Strategic developments","2","0"
"1999","Chad","Violence against civilians","1","26"
"1999","Democratic Republic of Congo","Battles","339","4400"
"1999","Democratic Republic of Congo","Explosions/Remote violence","24","957"
"1999","Democratic Republic of Congo","Protests","12","0"
"1999","Democratic Republic of Congo","Riots","3","1"
"1999","Democratic Republic of Congo","Strategic developments","51","0"
"1999","Democratic Republic of Congo","Violence against civilians","45","1682"
"1999","Djibouti","Explosions/Remote violence","3","13"
"1999","Djibouti","Protests","2","0"
"1999","Djibouti","Riots","2","1"
"1999","Egypt","Battles","3","6"
"1999","Egypt","Protests","5","0"
"1999","Egypt","Violence against civilians","2","2"
"1999","Eritrea","Battles","101","47406"
"1999","Eritrea","Explosions/Remote violence","25","27"
"1999","Eritrea","Riots","1","2"
"1999","Eritrea","Violence against civilians","12","4622"
"1999","eSwatini","Explosions/Remote violence","2","0"
"1999","Ethiopia","Battles","53","17841"
"1999","Ethiopia","Explosions/Remote violence","8","21"
"1999","Ethiopia","Violence against civilians","12","977"
"1999","Gabon","Battles","1","2"
"1999","Gabon","Protests","1","0"
"1999","Gabon","Violence against civilians","1","2"
"1999","Gambia","Battles","1","0"
"1999","Gambia","Strategic developments","3","0"
"1999","Ghana","Protests","2","0"
"1999","Guinea","Battles","11","380"
"1999","Guinea","Explosions/Remote violence","4","0"
"1999","Guinea","Protests","2","0"
"1999","Guinea","Riots","1","2"
"1999","Guinea","Strategic developments","5","0"
"1999","Guinea","Violence against civilians","19","71"
"1999","Guinea-Bissau","Battles","12","228"
"1999","Guinea-Bissau","Protests","1","0"
"1999","Guinea-Bissau","Riots","3","0"
"1999","Guinea-Bissau","Violence against civilians","2","1"
"1999","Ivory Coast","Battles","7","2"
"1999","Ivory Coast","Explosions/Remote violence","1","0"
"1999","Ivory Coast","Protests","35","1"
"1999","Ivory Coast","Riots","24","0"
"1999","Ivory Coast","Strategic developments","2","0"
"1999","Ivory Coast","Violence against civilians","4","2"
"1999","Kenya","Battles","77","200"
"1999","Kenya","Explosions/Remote violence","1","0"
"1999","Kenya","Protests","11","0"
"1999","Kenya","Riots","50","1"
"1999","Kenya","Strategic developments","4","0"
"1999","Kenya","Violence against civilians","50","138"
"1999","Lesotho","Battles","1","0"
"1999","Lesotho","Riots","2","34"
"1999","Lesotho","Violence against civilians","1","16"
"1999","Liberia","Battles","28","408"
"1999","Liberia","Protests","2","0"
"1999","Liberia","Riots","1","0"
"1999","Liberia","Strategic developments","2","0"
"1999","Liberia","Violence against civilians","9","121"
"1999","Libya","Strategic developments","2","0"
"1999","Madagascar","Protests","1","0"
"1999","Malawi","Protests","1","0"
"1999","Malawi","Riots","1","0"
"1999","Mali","Battles","7","111"
"1999","Mali","Riots","1","0"
"1999","Mali","Violence against civilians","2","9"
"1999","Mauritania","Battles","1","0"
"1999","Mauritania","Riots","1","0"
"1999","Mauritania","Violence against civilians","1","0"
"1999","Morocco","Protests","13","0"
"1999","Morocco","Riots","1","0"
"1999","Morocco","Strategic developments","1","0"
"1999","Mozambique","Protests","1","0"
"1999","Mozambique","Riots","2","0"
"1999","Mozambique","Violence against civilians","1","0"
"1999","Namibia","Battles","22","19"
"1999","Namibia","Explosions/Remote violence","2","9"
"1999","Namibia","Violence against civilians","6","43"
"1999","Niger","Battles","2","10"
"1999","Niger","Protests","3","0"
"1999","Niger","Riots","2","0"
"1999","Niger","Violence against civilians","3","0"
"1999","Nigeria","Battles","90","1279"
"1999","Nigeria","Explosions/Remote violence","3","1"
"1999","Nigeria","Protests","25","6"
"1999","Nigeria","Riots","33","66"
"1999","Nigeria","Strategic developments","3","0"
"1999","Nigeria","Violence against civilians","48","425"
"1999","Republic of Congo","Battles","49","14"
"1999","Republic of Congo","Explosions/Remote violence","2","7"
"1999","Republic of Congo","Protests","2","0"
"1999","Republic of Congo","Riots","1","0"
"1999","Republic of Congo","Strategic developments","7","0"
"1999","Republic of Congo","Violence against civilians","14","8"
"1999","Rwanda","Battles","3","59"
"1999","Rwanda","Explosions/Remote violence","2","3"
"1999","Rwanda","Protests","3","0"
"1999","Rwanda","Violence against civilians","5","19"
"1999","Senegal","Battles","13","43"
"1999","Senegal","Explosions/Remote violence","2","0"
"1999","Senegal","Protests","4","0"
"1999","Senegal","Riots","3","0"
"1999","Senegal","Violence against civilians","11","40"
"1999","Sierra Leone","Battles","203","0"
"1999","Sierra Leone","Strategic developments","462","0"
"1999","Sierra Leone","Violence against civilians","232","113"
"1999","Somalia","Battles","47","64"
"1999","Somalia","Explosions/Remote violence","3","2"
"1999","Somalia","Strategic developments","12","0"
"1999","Somalia","Violence against civilians","26","44"
"1999","South Africa","Battles","10","23"
"1999","South Africa","Explosions/Remote violence","7","0"
"1999","South Africa","Protests","21","0"
"1999","South Africa","Riots","10","9"
"1999","South Africa","Strategic developments","3","0"
"1999","South Africa","Violence against civilians","21","55"
"1999","Sudan","Battles","128","2199"
"1999","Sudan","Explosions/Remote violence","32","107"
"1999","Sudan","Protests","11","0"
"1999","Sudan","Riots","7","0"
"1999","Sudan","Strategic developments","5","0"
"1999","Sudan","Violence against civilians","29","133"
"1999","Tanzania","Battles","2","13"
"1999","Tanzania","Explosions/Remote violence","2","0"
"1999","Tanzania","Strategic developments","1","0"
"1999","Tanzania","Violence against civilians","3","0"
"1999","Togo","Protests","1","0"
"1999","Togo","Violence against civilians","2","4"
"1999","Tunisia","Protests","1","0"
"1999","Tunisia","Riots","2","4"
"1999","Uganda","Battles","108","688"
"1999","Uganda","Explosions/Remote violence","9","19"
"1999","Uganda","Protests","2","0"
"1999","Uganda","Riots","1","0"
"1999","Uganda","Strategic developments","18","0"
"1999","Uganda","Violence against civilians","114","580"
"1999","Zambia","Battles","1","0"
"1999","Zambia","Explosions/Remote violence","3","1"
"1999","Zambia","Protests","2","0"
"1999","Zambia","Strategic developments","1","0"
"1999","Zambia","Violence against civilians","5","3"
"1999","Zimbabwe","Battles","1","0"
"1999","Zimbabwe","Protests","19","0"
"1999","Zimbabwe","Riots","7","0"
"1999","Zimbabwe","Strategic developments","2","0"
"1999","Zimbabwe","Violence against civilians","14","6"
"2000","Algeria","Battles","95","908"
"2000","Algeria","Explosions/Remote violence","12","29"
"2000","Algeria","Protests","2","0"
"2000","Algeria","Violence against civilians","61","452"
"2000","Angola","Battles","231","1238"
"2000","Angola","Explosions/Remote violence","6","342"
"2000","Angola","Protests","7","0"
"2000","Angola","Strategic developments","24","0"
"2000","Angola","Violence against civilians","68","2377"
"2000","Benin","Riots","1","1"
"2000","Botswana","Protests","1","0"
"2000","Burkina Faso","Battles","1","0"
"2000","Burkina Faso","Protests","7","0"
"2000","Burkina Faso","Riots","13","1"
"2000","Burkina Faso","Violence against civilians","1","0"
"2000","Burundi","Battles","334","2254"
"2000","Burundi","Explosions/Remote violence","14","65"
"2000","Burundi","Protests","6","0"
"2000","Burundi","Riots","1","5"
"2000","Burundi","Strategic developments","14","0"
"2000","Burundi","Violence against civilians","143","1577"
"2000","Cameroon","Protests","4","0"
"2000","Cameroon","Violence against civilians","4","16"
"2000","Central African Republic","Protests","4","0"
"2000","Central African Republic","Riots","5","0"
"2000","Central African Republic","Strategic developments","2","0"
"2000","Central African Republic","Violence against civilians","5","9"
"2000","Chad","Battles","17","548"
"2000","Chad","Strategic developments","2","0"
"2000","Chad","Violence against civilians","3","12"
"2000","Democratic Republic of Congo","Battles","145","927"
"2000","Democratic Republic of Congo","Explosions/Remote violence","27","304"
"2000","Democratic Republic of Congo","Protests","2","0"
"2000","Democratic Republic of Congo","Riots","1","0"
"2000","Democratic Republic of Congo","Strategic developments","2","0"
"2000","Democratic Republic of Congo","Violence against civilians","35","473"
"2000","Djibouti","Battles","1","0"
"2000","Egypt","Battles","9","41"
"2000","Egypt","Protests","17","0"
"2000","Egypt","Riots","16","30"
"2000","Egypt","Strategic developments","1","0"
"2000","Egypt","Violence against civilians","6","6"
"2000","Equatorial Guinea","Protests","1","0"
"2000","Equatorial Guinea","Violence against civilians","1","0"
"2000","Eritrea","Battles","42","178"
"2000","Eritrea","Explosions/Remote violence","20","2"
"2000","Eritrea","Protests","4","0"
"2000","Eritrea","Strategic developments","12","0"
"2000","Eritrea","Violence against civilians","2","17"
"2000","eSwatini","Protests","5","1"
"2000","eSwatini","Riots","1","0"
"2000","Ethiopia","Battles","130","1398"
"2000","Ethiopia","Explosions/Remote violence","6","20"
"2000","Ethiopia","Riots","10","1"
"2000","Ethiopia","Strategic developments","1","0"
"2000","Ethiopia","Violence against civilians","2","1"
"2000","Gabon","Protests","2","0"
"2000","Gambia","Battles","2","2"
"2000","Gambia","Riots","3","15"
"2000","Gambia","Violence against civilians","4","1"
"2000","Ghana","Battles","5","32"
"2000","Ghana","Protests","3","1"
"2000","Ghana","Violence against civilians","2","1"
"2000","Guinea","Battles","68","255"
"2000","Guinea","Explosions/Remote violence","2","2"
"2000","Guinea","Protests","5","1"
"2000","Guinea","Riots","10","12"
"2000","Guinea","Strategic developments","16","0"
"2000","Guinea","Violence against civilians","65","1075"
"2000","Guinea-Bissau","Battles","3","7"
"2000","Guinea-Bissau","Explosions/Remote violence","2","7"
"2000","Guinea-Bissau","Protests","1","0"
"2000","Guinea-Bissau","Riots","1","0"
"2000","Guinea-Bissau","Strategic developments","1","0"
"2000","Guinea-Bissau","Violence against civilians","1","0"
"2000","Ivory Coast","Battles","27","180"
"2000","Ivory Coast","Explosions/Remote violence","1","4"
"2000","Ivory Coast","Protests","32","3"
"2000","Ivory Coast","Riots","24","2"
"2000","Ivory Coast","Strategic developments","1","0"
"2000","Ivory Coast","Violence against civilians","36","71"
"2000","Kenya","Battles","62","130"
"2000","Kenya","Explosions/Remote violence","3","1"
"2000","Kenya","Protests","18","0"
"2000","Kenya","Riots","35","9"
"2000","Kenya","Strategic developments","2","0"
"2000","Kenya","Violence against civilians","74","323"
"2000","Lesotho","Protests","2","0"
"2000","Liberia","Battles","52","42"
"2000","Liberia","Explosions/Remote violence","1","0"
"2000","Liberia","Protests","3","0"
"2000","Liberia","Strategic developments","4","0"
"2000","Liberia","Violence against civilians","27","1"
"2000","Libya","Riots","3","50"
"2000","Libya","Violence against civilians","2","2"
"2000","Madagascar","Battles","1","0"
"2000","Madagascar","Protests","1","0"
"2000","Madagascar","Riots","1","0"
"2000","Madagascar","Violence against civilians","1","1"
"2000","Malawi","Explosions/Remote violence","1","1"
"2000","Malawi","Protests","6","0"
"2000","Malawi","Riots","2","2"
"2000","Malawi","Violence against civilians","7","1"
"2000","Mali","Protests","1","0"
"2000","Mali","Violence against civilians","3","8"
"2000","Mauritania","Protests","4","1"
"2000","Morocco","Protests","10","0"
"2000","Morocco","Riots","5","0"
"2000","Morocco","Strategic developments","2","0"
"2000","Morocco","Violence against civilians","1","0"
"2000","Mozambique","Protests","2","0"
"2000","Mozambique","Riots","5","0"
"2000","Mozambique","Violence against civilians","5","2"
"2000","Namibia","Battles","17","65"
"2000","Namibia","Explosions/Remote violence","6","1"
"2000","Namibia","Protests","2","0"
"2000","Namibia","Strategic developments","3","0"
"2000","Namibia","Violence against civilians","37","87"
"2000","Niger","Protests","3","0"
"2000","Niger","Riots","6","0"
"2000","Niger","Violence against civilians","1","0"
"2000","Nigeria","Battles","90","3076"
"2000","Nigeria","Protests","7","4"
"2000","Nigeria","Riots","25","82"
"2000","Nigeria","Strategic developments","7","0"
"2000","Nigeria","Violence against civilians","38","188"
"2000","Republic of Congo","Battles","5","81"
"2000","Republic of Congo","Violence against civilians","1","15"
"2000","Rwanda","Battles","5","158"
"2000","Rwanda","Strategic developments","1","0"
"2000","Rwanda","Violence against civilians","13","23"
"2000","Senegal","Battles","30","63"
"2000","Senegal","Explosions/Remote violence","5","12"
"2000","Senegal","Protests","34","0"
"2000","Senegal","Riots","2","0"
"2000","Senegal","Violence against civilians","15","10"
"2000","Sierra Leone","Battles","146","0"
"2000","Sierra Leone","Explosions/Remote violence","17","0"
"2000","Sierra Leone","Riots","1","0"
"2000","Sierra Leone","Strategic developments","255","0"
"2000","Sierra Leone","Violence against civilians","72","0"
"2000","Somalia","Battles","45","2"
"2000","Somalia","Explosions/Remote violence","2","6"
"2000","Somalia","Strategic developments","14","0"
"2000","Somalia","Violence against civilians","45","25"
"2000","South Africa","Battles","9","16"
"2000","South Africa","Explosions/Remote violence","11","0"
"2000","South Africa","Protests","35","0"
"2000","South Africa","Riots","20","14"
"2000","South Africa","Strategic developments","1","0"
"2000","South Africa","Violence against civilians","17","30"
"2000","Sudan","Battles","114","2907"
"2000","Sudan","Explosions/Remote violence","73","113"
"2000","Sudan","Protests","9","1"
"2000","Sudan","Riots","15","4"
"2000","Sudan","Strategic developments","8","0"
"2000","Sudan","Violence against civilians","20","102"
"2000","Tanzania","Battles","2","21"
"2000","Tanzania","Explosions/Remote violence","6","0"
"2000","Tanzania","Riots","2","5"
"2000","Tanzania","Strategic developments","1","1"
"2000","Tanzania","Violence against civilians","7","39"
"2000","Togo","Protests","1","0"
"2000","Togo","Riots","1","1"
"2000","Togo","Violence against civilians","1","0"
"2000","Tunisia","Protests","2","0"
"2000","Tunisia","Riots","3","0"
"2000","Uganda","Battles","124","744"
"2000","Uganda","Explosions/Remote violence","6","21"
"2000","Uganda","Protests","1","0"
"2000","Uganda","Strategic developments","27","0"
"2000","Uganda","Violence against civilians","103","477"
"2000","Zambia","Battles","3","2"
"2000","Zambia","Explosions/Remote violence","2","0"
"2000","Zambia","Protests","3","0"
"2000","Zambia","Riots","1","0"
"2000","Zambia","Strategic developments","3","0"
"2000","Zambia","Violence against civilians","9","1"
"2000","Zimbabwe","Battles","2","0"
"2000","Zimbabwe","Explosions/Remote violence","5","0"
"2000","Zimbabwe","Protests","1","0"
"2000","Zimbabwe","Riots","15","0"
"2000","Zimbabwe","Strategic developments","35","0"
"2000","Zimbabwe","Violence against civilians","261","44"
"2001","Algeria","Battles","79","452"
"2001","Algeria","Explosions/Remote violence","13","71"
"2001","Algeria","Protests","18","0"
"2001","Algeria","Riots","94","69"
"2001","Algeria","Strategic developments","1","0"
"2001","Algeria","Violence against civilians","50","367"
"2001","Angola","Battles","180","7795"
"2001","Angola","Explosions/Remote violence","4","7"
"2001","Angola","Protests","3","0"
"2001","Angola","Riots","1","2"
"2001","Angola","Strategic developments","12","0"
"2001","Angola","Violence against civilians","118","1309"
"2001","Benin","Violence against civilians","3","4"
"2001","Burkina Faso","Protests","2","0"
"2001","Burkina Faso","Riots","2","0"
"2001","Burkina Faso","Strategic developments","2","0"
"2001","Burundi","Battles","351","2729"
"2001","Burundi","Explosions/Remote violence","24","455"
"2001","Burundi","Protests","3","0"
"2001","Burundi","Riots","1","0"
"2001","Burundi","Strategic developments","23","0"
"2001","Burundi","Violence against civilians","228","756"
"2001","Cameroon","Protests","3","3"
"2001","Cameroon","Riots","1","0"
"2001","Cameroon","Violence against civilians","1","1"
"2001","Central African Republic","Battles","19","17"
"2001","Central African Republic","Riots","2","0"
"2001","Central African Republic","Strategic developments","7","0"
"2001","Central African Republic","Violence against civilians","15","35"
"2001","Chad","Battles","5","126"
"2001","Chad","Protests","1","0"
"2001","Chad","Strategic developments","1","0"
"2001","Chad","Violence against civilians","4","7"
"2001","Democratic Republic of Congo","Battles","174","1406"
"2001","Democratic Republic of Congo","Explosions/Remote violence","10","12"
"2001","Democratic Republic of Congo","Protests","6","0"
"2001","Democratic Republic of Congo","Riots","20","821"
"2001","Democratic Republic of Congo","Strategic developments","52","0"
"2001","Democratic Republic of Congo","Violence against civilians","66","582"
"2001","Djibouti","Riots","1","0"
"2001","Djibouti","Strategic developments","1","0"
"2001","Egypt","Battles","2","4"
"2001","Egypt","Protests","15","0"
"2001","Egypt","Riots","7","0"
"2001","Egypt","Violence against civilians","3","0"
"2001","Equatorial Guinea","Violence against civilians","1","0"
"2001","Eritrea","Battles","2","1"
"2001","Eritrea","Violence against civilians","1","1"
"2001","eSwatini","Protests","1","0"
"2001","eSwatini","Violence against civilians","1","1"
"2001","Ethiopia","Battles","31","768"
"2001","Ethiopia","Explosions/Remote violence","1","3"
"2001","Ethiopia","Protests","2","0"
"2001","Ethiopia","Riots","8","81"
"2001","Ethiopia","Strategic developments","2","0"
"2001","Ethiopia","Violence against civilians","8","42"
"2001","Gabon","Protests","1","0"
"2001","Gabon","Riots","2","0"
"2001","Gabon","Violence against civilians","1","0"
"2001","Gambia","Battles","2","2"
"2001","Gambia","Protests","5","2"
"2001","Gambia","Riots","3","1"
"2001","Gambia","Violence against civilians","5","2"
"2001","Ghana","Battles","1","18"
"2001","Ghana","Riots","2","0"
"2001","Ghana","Violence against civilians","5","126"
"2001","Guinea","Battles","36","554"
"2001","Guinea","Protests","9","5"
"2001","Guinea","Riots","4","1"
"2001","Guinea","Strategic developments","1","0"
"2001","Guinea","Violence against civilians","20","141"
"2001","Guinea-Bissau","Battles","1","13"
"2001","Guinea-Bissau","Explosions/Remote violence","1","0"
"2001","Ivory Coast","Battles","14","17"
"2001","Ivory Coast","Protests","11","0"
"2001","Ivory Coast","Riots","1","0"
"2001","Ivory Coast","Strategic developments","1","0"
"2001","Ivory Coast","Violence against civilians","7","0"
"2001","Kenya","Battles","92","364"
"2001","Kenya","Protests","10","0"
"2001","Kenya","Riots","15","64"
"2001","Kenya","Strategic developments","3","0"
"2001","Kenya","Violence against civilians","42","198"
"2001","Lesotho","Protests","2","0"
"2001","Liberia","Battles","135","52"
"2001","Liberia","Protests","3","0"
"2001","Liberia","Violence against civilians","33","3"
"2001","Libya","Protests","2","0"
"2001","Libya","Riots","1","0"
"2001","Madagascar","Protests","1","0"
"2001","Madagascar","Riots","10","2"
"2001","Malawi","Battles","1","0"
"2001","Malawi","Protests","4","2"
"2001","Malawi","Riots","6","3"
"2001","Malawi","Violence against civilians","8","3"
"2001","Mali","Battles","2","13"
"2001","Mali","Riots","1","0"
"2001","Mali","Violence against civilians","2","2"
"2001","Mauritania","Protests","1","0"
"2001","Morocco","Protests","4","0"
"2001","Morocco","Riots","1","0"
"2001","Morocco","Strategic developments","1","0"
"2001","Morocco","Violence against civilians","2","0"
"2001","Mozambique","Protests","13","0"
"2001","Namibia","Battles","1","0"
"2001","Namibia","Explosions/Remote violence","4","3"
"2001","Namibia","Protests","2","0"
"2001","Namibia","Violence against civilians","12","10"
"2001","Niger","Battles","1","1"
"2001","Niger","Protests","2","0"
"2001","Niger","Riots","4","3"
"2001","Niger","Violence against civilians","2","0"
"2001","Nigeria","Battles","46","837"
"2001","Nigeria","Protests","5","0"
"2001","Nigeria","Riots","21","1070"
"2001","Nigeria","Violence against civilians","52","321"
"2001","Republic of Congo","Battles","3","0"
"2001","Republic of Congo","Explosions/Remote violence","1","0"
"2001","Republic of Congo","Violence against civilians","1","0"
"2001","Rwanda","Battles","23","949"
"2001","Rwanda","Violence against civilians","4","3"
"2001","Senegal","Battles","31","47"
"2001","Senegal","Explosions/Remote violence","1","2"
"2001","Senegal","Protests","5","0"
"2001","Senegal","Riots","1","1"
"2001","Senegal","Strategic developments","2","0"
"2001","Senegal","Violence against civilians","22","65"
"2001","Sierra Leone","Battles","43","5"
"2001","Sierra Leone","Strategic developments","164","0"
"2001","Sierra Leone","Violence against civilians","12","0"
"2001","Somalia","Battles","29","15"
"2001","Somalia","Explosions/Remote violence","7","20"
"2001","Somalia","Strategic developments","8","0"
"2001","Somalia","Violence against civilians","23","37"
"2001","South Africa","Battles","2","0"
"2001","South Africa","Protests","60","0"
"2001","South Africa","Riots","24","3"
"2001","South Africa","Strategic developments","3","0"
"2001","South Africa","Violence against civilians","12","13"
"2001","Sudan","Battles","125","4143"
"2001","Sudan","Explosions/Remote violence","46","51"
"2001","Sudan","Protests","16","0"
"2001","Sudan","Riots","11","11"
"2001","Sudan","Strategic developments","6","0"
"2001","Sudan","Violence against civilians","23","61"
"2001","Tanzania","Battles","2","4"
"2001","Tanzania","Explosions/Remote violence","6","100"
"2001","Tanzania","Protests","8","0"
"2001","Tanzania","Riots","4","0"
"2001","Tanzania","Strategic developments","1","0"
"2001","Tanzania","Violence against civilians","12","33"
"2001","Togo","Protests","4","0"
"2001","Tunisia","Violence against civilians","3","0"
"2001","Uganda","Battles","54","81"
"2001","Uganda","Explosions/Remote violence","7","1"
"2001","Uganda","Protests","2","0"
"2001","Uganda","Riots","4","0"
"2001","Uganda","Strategic developments","22","0"
"2001","Uganda","Violence against civilians","47","47"
"2001","Zambia","Protests","2","0"
"2001","Zambia","Riots","7","1"
"2001","Zambia","Violence against civilians","10","1"
"2001","Zimbabwe","Explosions/Remote violence","1","0"
"2001","Zimbabwe","Protests","5","0"
"2001","Zimbabwe","Riots","10","0"
"2001","Zimbabwe","Strategic developments","10","0"
"2001","Zimbabwe","Violence against civilians","290","38"
"2002","Algeria","Battles","98","456"
"2002","Algeria","Explosions/Remote violence","35","101"
"2002","Algeria","Protests","12","0"
"2002","Algeria","Riots","41","7"
"2002","Algeria","Strategic developments","7","0"
"2002","Algeria","Violence against civilians","70","429"
"2002","Angola","Battles","14","194"
"2002","Angola","Explosions/Remote violence","1","7"
"2002","Angola","Protests","2","0"
"2002","Angola","Strategic developments","2","0"
"2002","Angola","Violence against civilians","6","74"
"2002","Benin","Protests","1","0"
"2002","Burkina Faso","Protests","1","0"
"2002","Burkina Faso","Violence against civilians","5","106"
"2002","Burundi","Battles","233","1386"
"2002","Burundi","Explosions/Remote violence","30","24"
"2002","Burundi","Protests","3","0"
"2002","Burundi","Riots","3","1"
"2002","Burundi","Strategic developments","2","0"
"2002","Burundi","Violence against civilians","161","692"
"2002","Cameroon","Protests","1","0"
"2002","Cameroon","Violence against civilians","1","4"
"2002","Central African Republic","Battles","33","304"
"2002","Central African Republic","Explosions/Remote violence","2","0"
"2002","Central African Republic","Protests","8","0"
"2002","Central African Republic","Riots","2","0"
"2002","Central African Republic","Strategic developments","7","0"
"2002","Central African Republic","Violence against civilians","18","235"
"2002","Chad","Battles","12","497"
"2002","Chad","Explosions/Remote violence","2","2"
"2002","Chad","Violence against civilians","1","0"
"2002","Democratic Republic of Congo","Battles","182","4186"
"2002","Democratic Republic of Congo","Explosions/Remote violence","7","8"
"2002","Democratic Republic of Congo","Protests","2","0"
"2002","Democratic Republic of Congo","Riots","8","20"
"2002","Democratic Republic of Congo","Strategic developments","59","0"
"2002","Democratic Republic of Congo","Violence against civilians","76","1409"
"2002","Djibouti","Battles","1","2"
"2002","Egypt","Battles","1","22"
"2002","Egypt","Protests","39","1"
"2002","Egypt","Riots","9","1"
"2002","Egypt","Strategic developments","1","0"
"2002","Equatorial Guinea","Violence against civilians","1","0"
"2002","Eritrea","Violence against civilians","1","1"
"2002","eSwatini","Protests","3","0"
"2002","eSwatini","Riots","1","0"
"2002","Ethiopia","Battles","176","3647"
"2002","Ethiopia","Explosions/Remote violence","9","67"
"2002","Ethiopia","Protests","2","28"
"2002","Ethiopia","Riots","13","42"
"2002","Ethiopia","Strategic developments","1","0"
"2002","Ethiopia","Violence against civilians","35","408"
"2002","Gabon","Violence against civilians","1","0"
"2002","Gambia","Protests","4","0"
"2002","Gambia","Violence against civilians","9","1"
"2002","Ghana","Battles","6","38"
"2002","Ghana","Violence against civilians","1","0"
"2002","Guinea","Battles","2","14"
"2002","Guinea","Strategic developments","3","0"
"2002","Guinea","Violence against civilians","9","0"
"2002","Guinea-Bissau","Protests","1","0"
"2002","Guinea-Bissau","Strategic developments","1","0"
"2002","Guinea-Bissau","Violence against civilians","1","0"
"2002","Ivory Coast","Battles","93","69"
"2002","Ivory Coast","Explosions/Remote violence","5","23"
"2002","Ivory Coast","Protests","10","0"
"2002","Ivory Coast","Riots","2","0"
"2002","Ivory Coast","Strategic developments","3","0"
"2002","Ivory Coast","Violence against civilians","27","208"
"2002","Kenya","Battles","60","118"
"2002","Kenya","Explosions/Remote violence","4","28"
"2002","Kenya","Protests","21","0"
"2002","Kenya","Riots","41","7"
"2002","Kenya","Strategic developments","2","0"
"2002","Kenya","Violence against civilians","88","285"
"2002","Lesotho","Violence against civilians","2","9"
"2002","Liberia","Battles","122","9"
"2002","Liberia","Protests","5","0"
"2002","Liberia","Strategic developments","5","0"
"2002","Liberia","Violence against civilians","14","27"
"2002","Libya","Protests","2","0"
"2002","Libya","Riots","2","0"
"2002","Libya","Violence against civilians","1","0"
"2002","Madagascar","Battles","3","1"
"2002","Madagascar","Explosions/Remote violence","1","1"
"2002","Madagascar","Protests","39","0"
"2002","Madagascar","Riots","39","6"
"2002","Madagascar","Violence against civilians","13","30"
"2002","Malawi","Riots","3","0"
"2002","Malawi","Violence against civilians","6","1"
"2002","Mali","Protests","1","0"
"2002","Mali","Violence against civilians","1","5"
"2002","Mauritania","Protests","2","0"
"2002","Mauritania","Riots","1","1"
"2002","Morocco","Battles","1","0"
"2002","Morocco","Protests","7","0"
"2002","Morocco","Strategic developments","1","0"
"2002","Morocco","Violence against civilians","1","0"
"2002","Mozambique","Violence against civilians","2","0"
"2002","Namibia","Battles","3","3"
"2002","Namibia","Riots","1","0"
"2002","Namibia","Strategic developments","1","0"
"2002","Namibia","Violence against civilians","2","5"
"2002","Niger","Battles","34","3"
"2002","Niger","Protests","1","1"
"2002","Niger","Riots","3","0"
"2002","Niger","Violence against civilians","3","72"
"2002","Nigeria","Battles","67","616"
"2002","Nigeria","Explosions/Remote violence","2","0"
"2002","Nigeria","Riots","24","205"
"2002","Nigeria","Violence against civilians","58","283"
"2002","Republic of Congo","Battles","29","0"
"2002","Republic of Congo","Violence against civilians","13","1"
"2002","Rwanda","Battles","2","0"
"2002","Rwanda","Protests","1","0"
"2002","Rwanda","Strategic developments","1","0"
"2002","Rwanda","Violence against civilians","1","1"
"2002","Senegal","Battles","20","5"
"2002","Senegal","Protests","1","0"
"2002","Senegal","Riots","1","0"
"2002","Senegal","Violence against civilians","16","37"
"2002","Sierra Leone","Riots","2","0"
"2002","Sierra Leone","Violence against civilians","2","2"
"2002","Somalia","Battles","68","12"
"2002","Somalia","Explosions/Remote violence","11","20"
"2002","Somalia","Strategic developments","8","0"
"2002","Somalia","Violence against civilians","28","51"
"2002","South Africa","Battles","2","1"
"2002","South Africa","Explosions/Remote violence","7","1"
"2002","South Africa","Protests","75","2"
"2002","South Africa","Riots","13","3"
"2002","South Africa","Strategic developments","3","0"
"2002","South Africa","Violence against civilians","9","21"
"2002","Sudan","Battles","174","5808"
"2002","Sudan","Explosions/Remote violence","59","1630"
"2002","Sudan","Protests","11","0"
"2002","Sudan","Riots","7","4"
"2002","Sudan","Strategic developments","4","0"
"2002","Sudan","Violence against civilians","88","1894"
"2002","Tanzania","Battles","2","80"
"2002","Tanzania","Protests","3","0"
"2002","Tanzania","Riots","1","1"
"2002","Tanzania","Strategic developments","5","0"
"2002","Tanzania","Violence against civilians","13","99"
"2002","Togo","Protests","2","0"
"2002","Togo","Riots","1","0"
"2002","Tunisia","Explosions/Remote violence","2","22"
"2002","Tunisia","Protests","1","0"
"2002","Tunisia","Riots","1","0"
"2002","Uganda","Battles","240","1046"
"2002","Uganda","Explosions/Remote violence","1","6"
"2002","Uganda","Protests","3","1"
"2002","Uganda","Riots","6","10"
"2002","Uganda","Strategic developments","13","0"
"2002","Uganda","Violence against civilians","214","798"
"2002","Zambia","Violence against civilians","3","0"
"2002","Zimbabwe","Battles","3","0"
"2002","Zimbabwe","Explosions/Remote violence","1","0"
"2002","Zimbabwe","Protests","3","0"
"2002","Zimbabwe","Riots","12","2"
"2002","Zimbabwe","Strategic developments","51","0"
"2002","Zimbabwe","Violence against civilians","628","51"
"2003","Algeria","Battles","91","420"
"2003","Algeria","Explosions/Remote violence","18","52"
"2003","Algeria","Protests","28","0"
"2003","Algeria","Riots","25","0"
"2003","Algeria","Strategic developments","1","0"
"2003","Algeria","Violence against civilians","45","158"
"2003","Angola","Battles","2","6"
"2003","Angola","Protests","4","0"
"2003","Benin","Protests","1","0"
"2003","Benin","Violence against civilians","1","0"
"2003","Botswana","Protests","1","0"
"2003","Burkina Faso","Violence against civilians","1","1"
"2003","Burundi","Battles","79","712"
"2003","Burundi","Explosions/Remote violence","15","70"
"2003","Burundi","Strategic developments","6","0"
"2003","Burundi","Violence against civilians","123","848"
"2003","Cameroon","Battles","1","0"
"2003","Cameroon","Riots","1","1"
"2003","Cameroon","Violence against civilians","2","3"
"2003","Central African Republic","Battles","35","11"
"2003","Central African Republic","Explosions/Remote violence","2","1"
"2003","Central African Republic","Protests","2","1"
"2003","Central African Republic","Riots","6","53"
"2003","Central African Republic","Strategic developments","13","0"
"2003","Central African Republic","Violence against civilians","19","18"
"2003","Chad","Battles","12","154"
"2003","Chad","Protests","1","0"
"2003","Chad","Violence against civilians","5","1"
"2003","Democratic Republic of Congo","Battles","208","2491"
"2003","Democratic Republic of Congo","Protests","3","0"
"2003","Democratic Republic of Congo","Riots","3","2"
"2003","Democratic Republic of Congo","Strategic developments","2","0"
"2003","Democratic Republic of Congo","Violence against civilians","51","900"
"2003","Djibouti","Protests","1","0"
"2003","Egypt","Protests","2","0"
"2003","Egypt","Strategic developments","3","0"
"2003","Equatorial Guinea","Violence against civilians","1","1"
"2003","Eritrea","Explosions/Remote violence","3","18"
"2003","Eritrea","Violence against civilians","4","6"
"2003","eSwatini","Battles","1","0"
"2003","eSwatini","Protests","5","0"
"2003","eSwatini","Riots","1","0"
"2003","eSwatini","Violence against civilians","2","1"
"2003","Ethiopia","Battles","93","659"
"2003","Ethiopia","Explosions/Remote violence","6","11"
"2003","Ethiopia","Riots","1","0"
"2003","Ethiopia","Violence against civilians","12","124"
"2003","Gabon","Strategic developments","1","0"
"2003","Gambia","Battles","1","0"
"2003","Gambia","Protests","3","0"
"2003","Gambia","Riots","7","0"
"2003","Gambia","Violence against civilians","2","0"
"2003","Ghana","Battles","3","4"
"2003","Ghana","Protests","3","0"
"2003","Ghana","Riots","3","0"
"2003","Ghana","Strategic developments","1","0"
"2003","Ghana","Violence against civilians","7","3"
"2003","Guinea","Battles","1","0"
"2003","Guinea","Protests","4","0"
"2003","Guinea","Riots","3","2"
"2003","Guinea","Strategic developments","2","0"
"2003","Guinea-Bissau","Battles","2","2"
"2003","Guinea-Bissau","Protests","2","0"
"2003","Guinea-Bissau","Violence against civilians","1","1"
"2003","Ivory Coast","Battles","66","462"
"2003","Ivory Coast","Explosions/Remote violence","10","100"
"2003","Ivory Coast","Protests","25","1"
"2003","Ivory Coast","Riots","11","0"
"2003","Ivory Coast","Strategic developments","7","0"
"2003","Ivory Coast","Violence against civilians","43","638"
"2003","Kenya","Battles","27","77"
"2003","Kenya","Explosions/Remote violence","3","3"
"2003","Kenya","Protests","40","3"
"2003","Kenya","Riots","44","20"
"2003","Kenya","Strategic developments","4","0"
"2003","Kenya","Violence against civilians","41","57"
"2003","Lesotho","Battles","1","0"
"2003","Lesotho","Protests","1","1"
"2003","Lesotho","Riots","1","0"
"2003","Lesotho","Strategic developments","1","0"
"2003","Liberia","Battles","189","324"
"2003","Liberia","Protests","2","0"
"2003","Liberia","Strategic developments","4","0"
"2003","Liberia","Violence against civilians","40","0"
"2003","Libya","Violence against civilians","2","0"
"2003","Madagascar","Explosions/Remote violence","1","0"
"2003","Madagascar","Protests","9","0"
"2003","Madagascar","Riots","7","1"
"2003","Madagascar","Violence against civilians","1","0"
"2003","Malawi","Protests","1","0"
"2003","Malawi","Riots","7","0"
"2003","Malawi","Strategic developments","1","0"
"2003","Malawi","Violence against civilians","4","0"
"2003","Mali","Battles","2","13"
"2003","Mali","Violence against civilians","1","13"
"2003","Mauritania","Battles","3","18"
"2003","Mauritania","Protests","5","0"
"2003","Mauritania","Strategic developments","2","0"
"2003","Mauritania","Violence against civilians","3","8"
"2003","Morocco","Explosions/Remote violence","1","41"
"2003","Morocco","Protests","7","0"
"2003","Morocco","Strategic developments","1","0"
"2003","Morocco","Violence against civilians","3","2"
"2003","Mozambique","Protests","8","0"
"2003","Mozambique","Riots","6","0"
"2003","Mozambique","Violence against civilians","13","0"
"2003","Namibia","Protests","8","0"
"2003","Namibia","Riots","3","0"
"2003","Namibia","Violence against civilians","2","4"
"2003","Niger","Battles","3","0"
"2003","Niger","Protests","1","0"
"2003","Niger","Riots","2","0"
"2003","Nigeria","Battles","92","492"
"2003","Nigeria","Explosions/Remote violence","2","45"
"2003","Nigeria","Protests","7","0"
"2003","Nigeria","Riots","15","33"
"2003","Nigeria","Strategic developments","5","0"
"2003","Nigeria","Violence against civilians","85","378"
"2003","Republic of Congo","Battles","2","13"
"2003","Republic of Congo","Violence against civilians","1","10"
"2003","Rwanda","Strategic developments","1","0"
"2003","Rwanda","Violence against civilians","3","3"
"2003","Senegal","Battles","6","8"
"2003","Senegal","Protests","2","0"
"2003","Senegal","Riots","1","0"
"2003","Senegal","Violence against civilians","9","1"
"2003","Sierra Leone","Battles","7","0"
"2003","Sierra Leone","Protests","4","0"
"2003","Sierra Leone","Riots","5","0"
"2003","Sierra Leone","Strategic developments","1","0"
"2003","Somalia","Battles","130","280"
"2003","Somalia","Explosions/Remote violence","154","241"
"2003","Somalia","Strategic developments","3","0"
"2003","Somalia","Violence against civilians","101","246"
"2003","South Africa","Battles","2","0"
"2003","South Africa","Protests","71","0"
"2003","South Africa","Riots","14","5"
"2003","South Africa","Violence against civilians","6","11"
"2003","Sudan","Battles","74","4469"
"2003","Sudan","Explosions/Remote violence","35","561"
"2003","Sudan","Protests","5","0"
"2003","Sudan","Riots","7","1"
"2003","Sudan","Strategic developments","4","0"
"2003","Sudan","Violence against civilians","91","3337"
"2003","Tanzania","Battles","2","3"
"2003","Tanzania","Explosions/Remote violence","1","0"
"2003","Tanzania","Protests","4","0"
"2003","Tanzania","Riots","1","0"
"2003","Togo","Riots","2","2"
"2003","Togo","Violence against civilians","2","0"
"2003","Tunisia","Protests","2","0"
"2003","Tunisia","Violence against civilians","1","0"
"2003","Uganda","Battles","278","956"
"2003","Uganda","Explosions/Remote violence","27","59"
"2003","Uganda","Riots","13","3"
"2003","Uganda","Strategic developments","61","0"
"2003","Uganda","Violence against civilians","338","1821"
"2003","Zambia","Protests","16","0"
"2003","Zambia","Riots","10","6"
"2003","Zambia","Violence against civilians","8","8"
"2003","Zimbabwe","Battles","4","0"
"2003","Zimbabwe","Protests","13","0"
"2003","Zimbabwe","Riots","3","0"
"2003","Zimbabwe","Violence against civilians","250","6"
"2004","Algeria","Battles","52","136"
"2004","Algeria","Explosions/Remote violence","14","26"
"2004","Algeria","Protests","12","0"
"2004","Algeria","Riots","41","37"
"2004","Algeria","Strategic developments","1","0"
"2004","Algeria","Violence against civilians","22","63"
"2004","Angola","Battles","1","13"
"2004","Angola","Protests","1","0"
"2004","Angola","Riots","2","19"
"2004","Angola","Violence against civilians","3","1"
"2004","Benin","Battles","1","2"
"2004","Benin","Protests","1","0"
"2004","Botswana","Protests","5","0"
"2004","Botswana","Riots","1","0"
"2004","Burkina Faso","Battles","2","10"
"2004","Burkina Faso","Riots","1","0"
"2004","Burkina Faso","Violence against civilians","1","3"
"2004","Burundi","Battles","46","274"
"2004","Burundi","Explosions/Remote violence","6","5"
"2004","Burundi","Riots","1","0"
"2004","Burundi","Strategic developments","2","0"
"2004","Burundi","Violence against civilians","22","234"
"2004","Cameroon","Protests","10","0"
"2004","Cameroon","Riots","1","0"
"2004","Cameroon","Violence against civilians","3","10"
"2004","Central African Republic","Battles","10","28"
"2004","Central African Republic","Protests","5","0"
"2004","Central African Republic","Riots","7","0"
"2004","Central African Republic","Strategic developments","4","0"
"2004","Central African Republic","Violence against civilians","10","52"
"2004","Chad","Battles","20","329"
"2004","Chad","Explosions/Remote violence","3","6"
"2004","Chad","Riots","1","0"
"2004","Chad","Strategic developments","2","0"
"2004","Chad","Violence against civilians","21","107"
"2004","Democratic Republic of Congo","Battles","131","224"
"2004","Democratic Republic of Congo","Protests","12","1"
"2004","Democratic Republic of Congo","Riots","19","23"
"2004","Democratic Republic of Congo","Strategic developments","19","0"
"2004","Democratic Republic of Congo","Violence against civilians","51","152"
"2004","Djibouti","Explosions/Remote violence","1","0"
"2004","Djibouti","Strategic developments","1","0"
"2004","Egypt","Explosions/Remote violence","1","28"
"2004","Egypt","Strategic developments","2","0"
"2004","Equatorial Guinea","Battles","1","12"
"2004","Equatorial Guinea","Protests","1","0"
"2004","Equatorial Guinea","Violence against civilians","1","0"
"2004","Eritrea","Explosions/Remote violence","2","31"
"2004","Eritrea","Violence against civilians","3","25"
"2004","eSwatini","Protests","1","0"
"2004","eSwatini","Riots","1","0"
"2004","Ethiopia","Battles","100","917"
"2004","Ethiopia","Explosions/Remote violence","3","1"
"2004","Ethiopia","Protests","11","0"
"2004","Ethiopia","Violence against civilians","10","83"
"2004","Gabon","Protests","1","2"
"2004","Gabon","Riots","2","6"
"2004","Gambia","Protests","2","0"
"2004","Gambia","Violence against civilians","3","1"
"2004","Ghana","Battles","1","1"
"2004","Ghana","Protests","1","1"
"2004","Ghana","Riots","1","0"
"2004","Ghana","Violence against civilians","4","1"
"2004","Guinea","Battles","1","2"
"2004","Guinea","Protests","5","1"
"2004","Guinea","Riots","3","0"
"2004","Guinea","Strategic developments","1","0"
"2004","Guinea","Violence against civilians","1","2"
"2004","Guinea-Bissau","Battles","2","6"
"2004","Guinea-Bissau","Protests","1","0"
"2004","Guinea-Bissau","Riots","1","1"
"2004","Ivory Coast","Battles","28","53"
"2004","Ivory Coast","Explosions/Remote violence","2","13"
"2004","Ivory Coast","Protests","22","0"
"2004","Ivory Coast","Riots","22","16"
"2004","Ivory Coast","Violence against civilians","27","412"
"2004","Kenya","Battles","20","56"
"2004","Kenya","Protests","51","0"
"2004","Kenya","Riots","38","8"
"2004","Kenya","Strategic developments","4","0"
"2004","Kenya","Violence against civilians","35","120"
"2004","Lesotho","Violence against civilians","1","0"
"2004","Liberia","Battles","6","1"
"2004","Liberia","Protests","1","0"
"2004","Liberia","Riots","3","0"
"2004","Liberia","Strategic developments","1","0"
"2004","Liberia","Violence against civilians","11","18"
"2004","Libya","Riots","1","0"
"2004","Libya","Violence against civilians","5","0"
"2004","Madagascar","Explosions/Remote violence","15","1"
"2004","Madagascar","Protests","4","0"
"2004","Madagascar","Riots","1","0"
"2004","Madagascar","Violence against civilians","2","0"
"2004","Malawi","Riots","3","1"
"2004","Malawi","Violence against civilians","2","1"
"2004","Mali","Battles","2","0"
"2004","Mali","Violence against civilians","1","0"
"2004","Mauritania","Protests","2","0"
"2004","Morocco","Battles","1","0"
"2004","Morocco","Protests","3","0"
"2004","Morocco","Riots","1","0"
"2004","Morocco","Violence against civilians","1","2"
"2004","Mozambique","Battles","1","1"
"2004","Mozambique","Protests","3","0"
"2004","Mozambique","Riots","5","2"
"2004","Mozambique","Violence against civilians","22","0"
"2004","Namibia","Protests","2","0"
"2004","Niger","Battles","12","12"
"2004","Niger","Protests","1","0"
"2004","Niger","Riots","1","0"
"2004","Niger","Violence against civilians","3","0"
"2004","Nigeria","Battles","92","185"
"2004","Nigeria","Explosions/Remote violence","1","0"
"2004","Nigeria","Protests","62","0"
"2004","Nigeria","Riots","19","204"
"2004","Nigeria","Strategic developments","1","0"
"2004","Nigeria","Violence against civilians","95","2004"
"2004","Republic of Congo","Battles","1","7"
"2004","Republic of Congo","Protests","2","0"
"2004","Republic of Congo","Violence against civilians","4","3"
"2004","Rwanda","Battles","1","16"
"2004","Rwanda","Violence against civilians","1","10"
"2004","Senegal","Battles","7","0"
"2004","Senegal","Protests","3","0"
"2004","Senegal","Strategic developments","1","0"
"2004","Sierra Leone","Battles","3","0"
"2004","Sierra Leone","Protests","1","0"
"2004","Sierra Leone","Riots","3","0"
"2004","Sierra Leone","Violence against civilians","5","3"
"2004","Somalia","Battles","120","576"
"2004","Somalia","Explosions/Remote violence","85","206"
"2004","Somalia","Protests","1","0"
"2004","Somalia","Riots","3","0"
"2004","Somalia","Strategic developments","1","0"
"2004","Somalia","Violence against civilians","124","141"
"2004","South Africa","Battles","8","7"
"2004","South Africa","Protests","46","0"
"2004","South Africa","Riots","16","2"
"2004","South Africa","Strategic developments","2","0"
"2004","South Africa","Violence against civilians","16","26"
"2004","Sudan","Battles","149","4406"
"2004","Sudan","Explosions/Remote violence","75","2341"
"2004","Sudan","Protests","3","0"
"2004","Sudan","Riots","3","4"
"2004","Sudan","Strategic developments","17","0"
"2004","Sudan","Violence against civilians","311","4484"
"2004","Tanzania","Battles","7","4"
"2004","Tanzania","Explosions/Remote violence","3","0"
"2004","Tanzania","Protests","4","0"
"2004","Tanzania","Riots","2","0"
"2004","Tanzania","Strategic developments","3","0"
"2004","Tanzania","Violence against civilians","16","13"
"2004","Togo","Riots","3","2"
"2004","Tunisia","Protests","3","0"
"2004","Tunisia","Violence against civilians","2","0"
"2004","Uganda","Battles","212","574"
"2004","Uganda","Explosions/Remote violence","5","9"
"2004","Uganda","Protests","3","0"
"2004","Uganda","Riots","8","4"
"2004","Uganda","Strategic developments","41","0"
"2004","Uganda","Violence against civilians","106","828"
"2004","Zambia","Protests","18","0"
"2004","Zambia","Riots","5","0"
"2004","Zambia","Violence against civilians","8","6"
"2004","Zimbabwe","Battles","7","0"
"2004","Zimbabwe","Protests","13","0"
"2004","Zimbabwe","Violence against civilians","229","2"
"2005","Algeria","Battles","50","162"
"2005","Algeria","Explosions/Remote violence","18","57"
"2005","Algeria","Protests","6","0"
"2005","Algeria","Riots","19","0"
"2005","Algeria","Strategic developments","5","0"
"2005","Algeria","Violence against civilians","10","35"
"2005","Angola","Battles","2","3"
"2005","Angola","Protests","1","0"
"2005","Benin","Protests","2","0"
"2005","Botswana","Protests","2","0"
"2005","Botswana","Riots","1","0"
"2005","Burkina Faso","Protests","6","0"
"2005","Burundi","Battles","22","163"
"2005","Burundi","Explosions/Remote violence","11","10"
"2005","Burundi","Strategic developments","4","0"
"2005","Burundi","Violence against civilians","41","417"
"2005","Cameroon","Battles","12","45"
"2005","Cameroon","Explosions/Remote violence","1","0"
"2005","Cameroon","Protests","2","0"
"2005","Cameroon","Violence against civilians","3","5"
"2005","Central African Republic","Battles","12","72"
"2005","Central African Republic","Protests","2","0"
"2005","Central African Republic","Riots","3","2"
"2005","Central African Republic","Strategic developments","3","0"
"2005","Central African Republic","Violence against civilians","5","1"
"2005","Chad","Battles","14","309"
"2005","Chad","Protests","3","2"
"2005","Chad","Riots","3","2"
"2005","Chad","Strategic developments","2","0"
"2005","Chad","Violence against civilians","20","220"
"2005","Democratic Republic of Congo","Battles","136","253"
"2005","Democratic Republic of Congo","Explosions/Remote violence","2","6"
"2005","Democratic Republic of Congo","Protests","11","0"
"2005","Democratic Republic of Congo","Riots","20","30"
"2005","Democratic Republic of Congo","Strategic developments","34","0"
"2005","Democratic Republic of Congo","Violence against civilians","100","276"
"2005","Djibouti","Protests","1","0"
"2005","Djibouti","Riots","1","0"
"2005","Egypt","Battles","1","0"
"2005","Egypt","Explosions/Remote violence","3","92"
"2005","Egypt","Protests","28","0"
"2005","Egypt","Riots","3","2"
"2005","Egypt","Strategic developments","13","0"
"2005","Egypt","Violence against civilians","8","10"
"2005","Equatorial Guinea","Protests","2","0"
"2005","Eritrea","Battles","1","4"
"2005","Eritrea","Strategic developments","2","0"
"2005","Eritrea","Violence against civilians","1","161"
"2005","eSwatini","Explosions/Remote violence","1","0"
"2005","eSwatini","Protests","1","0"
"2005","eSwatini","Violence against civilians","2","0"
"2005","Ethiopia","Battles","70","1117"
"2005","Ethiopia","Explosions/Remote violence","3","9"
"2005","Ethiopia","Protests","34","71"
"2005","Ethiopia","Riots","5","13"
"2005","Ethiopia","Strategic developments","1","0"
"2005","Ethiopia","Violence against civilians","16","73"
"2005","Gabon","Protests","1","0"
"2005","Gambia","Protests","1","0"
"2005","Gambia","Violence against civilians","3","57"
"2005","Ghana","Battles","1","0"
"2005","Ghana","Violence against civilians","2","2"
"2005","Guinea","Battles","6","3"
"2005","Guinea","Protests","3","3"
"2005","Guinea","Riots","4","2"
"2005","Guinea","Strategic developments","1","0"
"2005","Guinea","Violence against civilians","1","1"
"2005","Guinea-Bissau","Battles","1","2"
"2005","Guinea-Bissau","Protests","10","0"
"2005","Guinea-Bissau","Riots","2","3"
"2005","Ivory Coast","Battles","18","74"
"2005","Ivory Coast","Protests","7","0"
"2005","Ivory Coast","Riots","1","0"
"2005","Ivory Coast","Strategic developments","2","0"
"2005","Ivory Coast","Violence against civilians","20","170"
"2005","Kenya","Battles","46","146"
"2005","Kenya","Protests","17","0"
"2005","Kenya","Riots","24","3"
"2005","Kenya","Strategic developments","1","0"
"2005","Kenya","Violence against civilians","73","204"
"2005","Liberia","Battles","1","0"
"2005","Liberia","Protests","8","0"
"2005","Liberia","Riots","2","3"
"2005","Liberia","Violence against civilians","15","13"
"2005","Libya","Protests","3","0"
"2005","Libya","Riots","3","0"
"2005","Libya","Violence against civilians","1","1"
"2005","Madagascar","Battles","1","1"
"2005","Madagascar","Explosions/Remote violence","2","0"
"2005","Madagascar","Protests","3","0"
"2005","Madagascar","Riots","2","0"
"2005","Madagascar","Violence against civilians","3","2"
"2005","Malawi","Protests","4","0"
"2005","Malawi","Violence against civilians","2","0"
"2005","Mali","Battles","1","15"
"2005","Mali","Protests","1","0"
"2005","Mauritania","Battles","3","26"
"2005","Mauritania","Protests","4","0"
"2005","Mauritania","Strategic developments","1","0"
"2005","Mauritania","Violence against civilians","2","0"
"2005","Morocco","Protests","14","1"
"2005","Morocco","Riots","2","0"
"2005","Morocco","Violence against civilians","2","2"
"2005","Mozambique","Battles","1","0"
"2005","Mozambique","Protests","10","0"
"2005","Mozambique","Riots","2","12"
"2005","Mozambique","Violence against civilians","7","0"
"2005","Namibia","Protests","1","0"
"2005","Niger","Battles","2","0"
"2005","Niger","Riots","5","0"
"2005","Niger","Violence against civilians","2","1"
"2005","Nigeria","Battles","50","49"
"2005","Nigeria","Protests","72","2"
"2005","Nigeria","Riots","25","12"
"2005","Nigeria","Strategic developments","3","0"
"2005","Nigeria","Violence against civilians","49","47"
"2005","Republic of Congo","Battles","4","14"
"2005","Republic of Congo","Riots","2","1"
"2005","Republic of Congo","Violence against civilians","4","0"
"2005","Rwanda","Violence against civilians","3","4"
"2005","Senegal","Battles","2","3"
"2005","Senegal","Protests","7","0"
"2005","Senegal","Riots","3","0"
"2005","Senegal","Violence against civilians","1","0"
"2005","Sierra Leone","Protests","1","0"
"2005","Sierra Leone","Riots","3","0"
"2005","Sierra Leone","Violence against civilians","1","0"
"2005","Somalia","Battles","163","502"
"2005","Somalia","Explosions/Remote violence","12","38"
"2005","Somalia","Protests","40","0"
"2005","Somalia","Riots","12","1"
"2005","Somalia","Strategic developments","13","0"
"2005","Somalia","Violence against civilians","169","22"
"2005","South Africa","Battles","1","0"
"2005","South Africa","Protests","54","0"
"2005","South Africa","Riots","34","2"
"2005","South Africa","Violence against civilians","6","6"
"2005","Sudan","Battles","105","773"
"2005","Sudan","Explosions/Remote violence","16","131"
"2005","Sudan","Protests","3","21"
"2005","Sudan","Riots","16","182"
"2005","Sudan","Strategic developments","13","0"
"2005","Sudan","Violence against civilians","183","787"
"2005","Tanzania","Battles","4","2"
"2005","Tanzania","Explosions/Remote violence","1","0"
"2005","Tanzania","Protests","7","0"
"2005","Tanzania","Riots","28","8"
"2005","Tanzania","Strategic developments","2","0"
"2005","Tanzania","Violence against civilians","25","7"
"2005","Togo","Battles","4","12"
"2005","Togo","Protests","8","1"
"2005","Togo","Riots","12","81"
"2005","Togo","Violence against civilians","1","0"
"2005","Tunisia","Protests","1","0"
"2005","Tunisia","Strategic developments","1","0"
"2005","Tunisia","Violence against civilians","1","0"
"2005","Uganda","Battles","186","660"
"2005","Uganda","Protests","10","0"
"2005","Uganda","Riots","5","15"
"2005","Uganda","Strategic developments","15","0"
"2005","Uganda","Violence against civilians","81","441"
"2005","Zambia","Protests","32","0"
"2005","Zambia","Riots","22","0"
"2005","Zambia","Violence against civilians","6","0"
"2005","Zimbabwe","Protests","30","0"
"2005","Zimbabwe","Riots","25","0"
"2005","Zimbabwe","Violence against civilians","196","8"
"2006","Algeria","Battles","98","260"
"2006","Algeria","Explosions/Remote violence","48","61"
"2006","Algeria","Protests","7","0"
"2006","Algeria","Riots","10","0"
"2006","Algeria","Strategic developments","2","0"
"2006","Algeria","Violence against civilians","32","61"
"2006","Angola","Battles","1","3"
"2006","Angola","Explosions/Remote violence","1","9"
"2006","Angola","Protests","2","0"
"2006","Angola","Strategic developments","1","0"
"2006","Angola","Violence against civilians","1","1"
"2006","Benin","Protests","1","0"
"2006","Botswana","Protests","2","0"
"2006","Burkina Faso","Battles","4","14"
"2006","Burkina Faso","Protests","2","0"
"2006","Burkina Faso","Riots","1","1"
"2006","Burkina Faso","Violence against civilians","1","1"
"2006","Burundi","Battles","51","115"
"2006","Burundi","Explosions/Remote violence","14","11"
"2006","Burundi","Protests","1","0"
"2006","Burundi","Riots","1","0"
"2006","Burundi","Strategic developments","26","0"
"2006","Burundi","Violence against civilians","37","45"
"2006","Cameroon","Battles","4","29"
"2006","Cameroon","Protests","1","0"
"2006","Cameroon","Violence against civilians","2","2"
"2006","Central African Republic","Battles","31","225"
"2006","Central African Republic","Explosions/Remote violence","1","0"
"2006","Central African Republic","Protests","5","0"
"2006","Central African Republic","Strategic developments","3","0"
"2006","Central African Republic","Violence against civilians","14","64"
"2006","Chad","Battles","66","1278"
"2006","Chad","Explosions/Remote violence","8","0"
"2006","Chad","Protests","1","1"
"2006","Chad","Strategic developments","6","0"
"2006","Chad","Violence against civilians","34","612"
"2006","Democratic Republic of Congo","Battles","211","328"
"2006","Democratic Republic of Congo","Riots","2","13"
"2006","Democratic Republic of Congo","Strategic developments","23","0"
"2006","Democratic Republic of Congo","Violence against civilians","90","71"
"2006","Djibouti","Riots","1","0"
"2006","Djibouti","Violence against civilians","2","0"
"2006","Egypt","Explosions/Remote violence","1","24"
"2006","Egypt","Protests","2","0"
"2006","Egypt","Riots","1","0"
"2006","Egypt","Strategic developments","6","0"
"2006","Equatorial Guinea","Violence against civilians","1","0"
"2006","Eritrea","Explosions/Remote violence","2","1"
"2006","Eritrea","Strategic developments","6","0"
"2006","Eritrea","Violence against civilians","1","1"
"2006","eSwatini","Explosions/Remote violence","1","0"
"2006","eSwatini","Protests","1","0"
"2006","eSwatini","Riots","1","0"
"2006","eSwatini","Violence against civilians","1","0"
"2006","Ethiopia","Battles","28","354"
"2006","Ethiopia","Explosions/Remote violence","1","0"
"2006","Ethiopia","Protests","24","0"
"2006","Ethiopia","Riots","16","1"
"2006","Ethiopia","Strategic developments","1","0"
"2006","Ethiopia","Violence against civilians","17","11"
"2006","Gabon","Protests","1","0"
"2006","Gabon","Riots","1","0"
"2006","Gabon","Violence against civilians","2","1"
"2006","Gambia","Battles","1","0"
"2006","Gambia","Protests","1","0"
"2006","Gambia","Violence against civilians","3","0"
"2006","Ghana","Battles","1","3"
"2006","Ghana","Violence against civilians","2","0"
"2006","Guinea","Protests","6","14"
"2006","Guinea","Strategic developments","1","0"
"2006","Guinea-Bissau","Battles","12","35"
"2006","Guinea-Bissau","Explosions/Remote violence","4","26"
"2006","Guinea-Bissau","Protests","3","0"
"2006","Guinea-Bissau","Strategic developments","1","0"
"2006","Guinea-Bissau","Violence against civilians","1","0"
"2006","Ivory Coast","Battles","6","6"
"2006","Ivory Coast","Protests","12","0"
"2006","Ivory Coast","Riots","1","0"
"2006","Ivory Coast","Violence against civilians","6","32"
"2006","Kenya","Battles","33","136"
"2006","Kenya","Protests","31","0"
"2006","Kenya","Riots","24","55"
"2006","Kenya","Violence against civilians","52","113"
"2006","Lesotho","Violence against civilians","3","2"
"2006","Liberia","Battles","5","0"
"2006","Liberia","Protests","3","0"
"2006","Liberia","Riots","3","0"
"2006","Liberia","Strategic developments","1","0"
"2006","Liberia","Violence against civilians","11","0"
"2006","Libya","Protests","2","0"
"2006","Libya","Riots","5","18"
"2006","Madagascar","Battles","1","0"
"2006","Madagascar","Explosions/Remote violence","2","0"
"2006","Madagascar","Protests","3","0"
"2006","Madagascar","Riots","2","0"
"2006","Madagascar","Violence against civilians","2","1"
"2006","Malawi","Riots","5","0"
"2006","Malawi","Violence against civilians","1","0"
"2006","Mali","Battles","7","4"
"2006","Mali","Strategic developments","3","0"
"2006","Mauritania","Protests","1","0"
"2006","Mauritania","Riots","1","0"
"2006","Morocco","Explosions/Remote violence","1","2"
"2006","Morocco","Protests","12","0"
"2006","Morocco","Riots","1","0"
"2006","Mozambique","Battles","3","0"
"2006","Mozambique","Violence against civilians","4","2"
"2006","Namibia","Protests","10","0"
"2006","Namibia","Riots","2","0"
"2006","Niger","Protests","2","0"
"2006","Niger","Riots","4","0"
"2006","Niger","Violence against civilians","2","0"
"2006","Nigeria","Battles","52","31"
"2006","Nigeria","Explosions/Remote violence","6","0"
"2006","Nigeria","Protests","4","3"
"2006","Nigeria","Riots","17","37"
"2006","Nigeria","Violence against civilians","45","50"
"2006","Republic of Congo","Violence against civilians","1","1"
"2006","Rwanda","Explosions/Remote violence","1","1"
"2006","Rwanda","Strategic developments","1","0"
"2006","Rwanda","Violence against civilians","9","18"
"2006","Senegal","Battles","14","200"
"2006","Senegal","Explosions/Remote violence","1","1"
"2006","Senegal","Protests","4","0"
"2006","Senegal","Riots","1","0"
"2006","Senegal","Strategic developments","2","0"
"2006","Senegal","Violence against civilians","5","4"
"2006","Sierra Leone","Battles","1","0"
"2006","Somalia","Battles","241","1092"
"2006","Somalia","Explosions/Remote violence","20","53"
"2006","Somalia","Protests","86","3"
"2006","Somalia","Riots","23","6"
"2006","Somalia","Strategic developments","49","0"
"2006","Somalia","Violence against civilians","112","22"
"2006","South Africa","Battles","5","1"
"2006","South Africa","Explosions/Remote violence","2","4"
"2006","South Africa","Protests","30","0"
"2006","South Africa","Riots","7","1"
"2006","South Africa","Strategic developments","2","0"
"2006","South Africa","Violence against civilians","2","9"
"2006","Sudan","Battles","71","724"
"2006","Sudan","Explosions/Remote violence","13","24"
"2006","Sudan","Protests","1","0"
"2006","Sudan","Riots","9","6"
"2006","Sudan","Strategic developments","12","0"
"2006","Sudan","Violence against civilians","107","928"
"2006","Tanzania","Battles","4","2"
"2006","Tanzania","Protests","4","0"
"2006","Tanzania","Riots","4","2"
"2006","Tanzania","Violence against civilians","4","8"
"2006","Togo","Riots","1","0"
"2006","Tunisia","Battles","2","16"
"2006","Uganda","Battles","114","444"
"2006","Uganda","Explosions/Remote violence","1","8"
"2006","Uganda","Protests","4","0"
"2006","Uganda","Riots","5","0"
"2006","Uganda","Strategic developments","7","0"
"2006","Uganda","Violence against civilians","145","247"
"2006","Zambia","Battles","2","1"
"2006","Zambia","Protests","14","0"
"2006","Zambia","Riots","38","0"
"2006","Zambia","Violence against civilians","20","23"
"2006","Zimbabwe","Battles","3","0"
"2006","Zimbabwe","Protests","27","0"
"2006","Zimbabwe","Violence against civilians","83","2"
"2007","Algeria","Battles","176","439"
"2007","Algeria","Explosions/Remote violence","114","248"
"2007","Algeria","Protests","2","0"
"2007","Algeria","Riots","2","1"
"2007","Algeria","Strategic developments","5","0"
"2007","Algeria","Violence against civilians","11","6"
"2007","Angola","Battles","4","5"
"2007","Angola","Explosions/Remote violence","1","1"
"2007","Angola","Protests","1","0"
"2007","Angola","Riots","1","2"
"2007","Angola","Strategic developments","1","0"
"2007","Angola","Violence against civilians","7","8"
"2007","Benin","Battles","1","0"
"2007","Benin","Violence against civilians","2","2"
"2007","Botswana","Protests","1","0"
"2007","Botswana","Violence against civilians","1","0"
"2007","Burkina Faso","Protests","1","0"
"2007","Burundi","Battles","16","52"
"2007","Burundi","Riots","1","0"
"2007","Burundi","Strategic developments","1","0"
"2007","Burundi","Violence against civilians","11","11"
"2007","Cameroon","Battles","11","44"
"2007","Cameroon","Protests","2","3"
"2007","Cameroon","Riots","1","2"
"2007","Cameroon","Violence against civilians","5","22"
"2007","Central African Republic","Battles","37","29"
"2007","Central African Republic","Explosions/Remote violence","1","0"
"2007","Central African Republic","Protests","1","0"
"2007","Central African Republic","Riots","1","0"
"2007","Central African Republic","Strategic developments","6","0"
"2007","Central African Republic","Violence against civilians","56","189"
"2007","Chad","Battles","57","766"
"2007","Chad","Explosions/Remote violence","8","20"
"2007","Chad","Strategic developments","1","0"
"2007","Chad","Violence against civilians","34","52"
"2007","Democratic Republic of Congo","Battles","159","273"
"2007","Democratic Republic of Congo","Explosions/Remote violence","3","10"
"2007","Democratic Republic of Congo","Protests","9","0"
"2007","Democratic Republic of Congo","Riots","8","6"
"2007","Democratic Republic of Congo","Strategic developments","29","0"
"2007","Democratic Republic of Congo","Violence against civilians","51","96"
"2007","Djibouti","Strategic developments","1","0"
"2007","Djibouti","Violence against civilians","1","0"
"2007","Egypt","Protests","1","0"
"2007","Egypt","Riots","1","0"
"2007","Egypt","Strategic developments","12","0"
"2007","Egypt","Violence against civilians","1","0"
"2007","Equatorial Guinea","Violence against civilians","2","0"
"2007","Eritrea","Battles","2","4"
"2007","Eritrea","Explosions/Remote violence","1","0"
"2007","Eritrea","Strategic developments","1","0"
"2007","Eritrea","Violence against civilians","1","1"
"2007","eSwatini","Protests","3","0"
"2007","Ethiopia","Battles","31","1192"
"2007","Ethiopia","Explosions/Remote violence","5","157"
"2007","Ethiopia","Protests","1","0"
"2007","Ethiopia","Strategic developments","4","0"
"2007","Ethiopia","Violence against civilians","5","74"
"2007","Gambia","Protests","1","0"
"2007","Gambia","Violence against civilians","1","15"
"2007","Ghana","Battles","4","6"
"2007","Ghana","Violence against civilians","1","5"
"2007","Guinea","Protests","31","60"
"2007","Guinea","Riots","13","6"
"2007","Guinea","Strategic developments","1","0"
"2007","Guinea","Violence against civilians","1","0"
"2007","Guinea-Bissau","Protests","1","0"
"2007","Guinea-Bissau","Riots","1","2"
"2007","Ivory Coast","Battles","3","5"
"2007","Ivory Coast","Riots","2","0"
"2007","Ivory Coast","Violence against civilians","1","0"
"2007","Kenya","Battles","102","388"
"2007","Kenya","Explosions/Remote violence","6","3"
"2007","Kenya","Protests","60","0"
"2007","Kenya","Riots","148","310"
"2007","Kenya","Strategic developments","1","0"
"2007","Kenya","Violence against civilians","144","345"
"2007","Lesotho","Strategic developments","1","0"
"2007","Lesotho","Violence against civilians","1","0"
"2007","Liberia","Battles","1","1"
"2007","Liberia","Protests","3","0"
"2007","Liberia","Riots","1","0"
"2007","Liberia","Violence against civilians","3","0"
"2007","Libya","Violence against civilians","1","0"
"2007","Madagascar","Battles","1","2"
"2007","Madagascar","Protests","6","0"
"2007","Madagascar","Riots","7","15"
"2007","Madagascar","Violence against civilians","3","5"
"2007","Malawi","Protests","1","0"
"2007","Malawi","Riots","4","1"
"2007","Malawi","Violence against civilians","1","0"
"2007","Mali","Battles","7","18"
"2007","Mali","Explosions/Remote violence","1","0"
"2007","Mali","Strategic developments","3","0"
"2007","Mali","Violence against civilians","1","0"
"2007","Mauritania","Battles","2","4"
"2007","Mauritania","Riots","2","1"
"2007","Mauritania","Violence against civilians","1","4"
"2007","Morocco","Battles","1","0"
"2007","Morocco","Explosions/Remote violence","2","2"
"2007","Morocco","Protests","8","0"
"2007","Morocco","Riots","3","0"
"2007","Morocco","Strategic developments","1","0"
"2007","Morocco","Violence against civilians","1","0"
"2007","Mozambique","Battles","4","0"
"2007","Mozambique","Riots","1","0"
"2007","Mozambique","Violence against civilians","4","0"
"2007","Namibia","Battles","1","0"
"2007","Namibia","Protests","15","0"
"2007","Namibia","Violence against civilians","2","0"
"2007","Niger","Battles","14","70"
"2007","Niger","Explosions/Remote violence","5","10"
"2007","Niger","Protests","1","0"
"2007","Niger","Riots","3","1"
"2007","Niger","Violence against civilians","8","9"
"2007","Nigeria","Battles","60","148"
"2007","Nigeria","Explosions/Remote violence","4","40"
"2007","Nigeria","Protests","3","0"
"2007","Nigeria","Riots","11","19"
"2007","Nigeria","Strategic developments","2","0"
"2007","Nigeria","Violence against civilians","112","102"
"2007","Republic of Congo","Battles","1","15"
"2007","Republic of Congo","Protests","1","0"
"2007","Republic of Congo","Violence against civilians","1","0"
"2007","Rwanda","Explosions/Remote violence","1","0"
"2007","Rwanda","Protests","1","0"
"2007","Rwanda","Violence against civilians","13","16"
"2007","Senegal","Battles","11","2"
"2007","Senegal","Protests","1","0"
"2007","Senegal","Riots","5","0"
"2007","Senegal","Violence against civilians","7","6"
"2007","Sierra Leone","Battles","2","0"
"2007","Sierra Leone","Protests","1","2"
"2007","Sierra Leone","Riots","2","0"
"2007","Sierra Leone","Violence against civilians","1","0"
"2007","Somalia","Battles","637","1174"
"2007","Somalia","Explosions/Remote violence","237","631"
"2007","Somalia","Protests","41","0"
"2007","Somalia","Riots","24","16"
"2007","Somalia","Strategic developments","17","0"
"2007","Somalia","Violence against civilians","361","229"
"2007","South Africa","Battles","4","2"
"2007","South Africa","Explosions/Remote violence","1","0"
"2007","South Africa","Protests","91","0"
"2007","South Africa","Riots","78","6"
"2007","South Africa","Strategic developments","1","0"
"2007","South Africa","Violence against civilians","11","7"
"2007","Sudan","Battles","57","981"
"2007","Sudan","Explosions/Remote violence","12","30"
"2007","Sudan","Protests","1","0"
"2007","Sudan","Strategic developments","10","0"
"2007","Sudan","Violence against civilians","62","1130"
"2007","Tanzania","Battles","1","1"
"2007","Tanzania","Strategic developments","1","0"
"2007","Tanzania","Violence against civilians","5","7"
"2007","Togo","Protests","1","0"
"2007","Uganda","Battles","39","207"
"2007","Uganda","Protests","7","0"
"2007","Uganda","Riots","17","19"
"2007","Uganda","Strategic developments","3","0"
"2007","Uganda","Violence against civilians","30","82"
"2007","Zambia","Battles","4","21"
"2007","Zambia","Protests","46","0"
"2007","Zambia","Riots","43","18"
"2007","Zambia","Violence against civilians","15","27"
"2007","Zimbabwe","Battles","1","0"
"2007","Zimbabwe","Explosions/Remote violence","1","0"
"2007","Zimbabwe","Protests","56","3"
"2007","Zimbabwe","Riots","6","0"
"2007","Zimbabwe","Violence against civilians","142","9"
"2008","Algeria","Battles","104","291"
"2008","Algeria","Explosions/Remote violence","65","149"
"2008","Algeria","Protests","9","0"
"2008","Algeria","Riots","11","2"
"2008","Algeria","Strategic developments","11","0"
"2008","Algeria","Violence against civilians","18","18"
"2008","Angola","Violence against civilians","10","10"
"2008","Benin","Protests","1","0"
"2008","Botswana","Protests","1","0"
"2008","Botswana","Violence against civilians","1","1"
"2008","Burkina Faso","Battles","5","7"
"2008","Burkina Faso","Protests","2","0"
"2008","Burkina Faso","Riots","5","7"
"2008","Burundi","Battles","44","138"
"2008","Burundi","Explosions/Remote violence","8","43"
"2008","Burundi","Protests","3","0"
"2008","Burundi","Strategic developments","25","0"
"2008","Burundi","Violence against civilians","25","16"
"2008","Cameroon","Battles","9","28"
"2008","Cameroon","Explosions/Remote violence","1","1"
"2008","Cameroon","Protests","2","0"
"2008","Cameroon","Riots","7","103"
"2008","Cameroon","Violence against civilians","4","102"
"2008","Central African Republic","Battles","23","76"
"2008","Central African Republic","Riots","1","0"
"2008","Central African Republic","Strategic developments","3","0"
"2008","Central African Republic","Violence against civilians","57","116"
"2008","Chad","Battles","62","208"
"2008","Chad","Explosions/Remote violence","1","0"
"2008","Chad","Protests","1","0"
"2008","Chad","Strategic developments","2","0"
"2008","Chad","Violence against civilians","8","64"
"2008","Democratic Republic of Congo","Battles","286","240"
"2008","Democratic Republic of Congo","Explosions/Remote violence","1","0"
"2008","Democratic Republic of Congo","Protests","6","0"
"2008","Democratic Republic of Congo","Riots","4","1"
"2008","Democratic Republic of Congo","Strategic developments","29","0"
"2008","Democratic Republic of Congo","Violence against civilians","116","2038"
"2008","Djibouti","Battles","1","0"
"2008","Djibouti","Violence against civilians","1","10"
"2008","Egypt","Battles","12","5"
"2008","Egypt","Explosions/Remote violence","2","0"
"2008","Egypt","Protests","32","0"
"2008","Egypt","Riots","14","1"
"2008","Egypt","Strategic developments","4","0"
"2008","Egypt","Violence against civilians","22","21"
"2008","Equatorial Guinea","Riots","1","2"
"2008","Equatorial Guinea","Violence against civilians","1","1"
"2008","Eritrea","Battles","10","31"
"2008","Eritrea","Explosions/Remote violence","2","52"
"2008","Eritrea","Strategic developments","5","0"
"2008","Eritrea","Violence against civilians","4","167"
"2008","eSwatini","Explosions/Remote violence","3","2"
"2008","eSwatini","Protests","6","0"
"2008","eSwatini","Riots","1","0"
"2008","Ethiopia","Battles","81","604"
"2008","Ethiopia","Explosions/Remote violence","11","9"
"2008","Ethiopia","Protests","1","0"
"2008","Ethiopia","Strategic developments","1","0"
"2008","Ethiopia","Violence against civilians","17","26"
"2008","Gabon","Protests","1","0"
"2008","Gabon","Violence against civilians","1","0"
"2008","Gambia","Battles","1","0"
"2008","Gambia","Strategic developments","1","0"
"2008","Gambia","Violence against civilians","2","0"
"2008","Ghana","Battles","4","11"
"2008","Ghana","Riots","2","10"
"2008","Ghana","Violence against civilians","5","8"
"2008","Guinea","Battles","8","4"
"2008","Guinea","Protests","5","2"
"2008","Guinea","Riots","1","0"
"2008","Guinea","Violence against civilians","2","0"
"2008","Guinea-Bissau","Battles","2","5"
"2008","Ivory Coast","Battles","7","14"
"2008","Ivory Coast","Riots","6","1"
"2008","Ivory Coast","Strategic developments","2","0"
"2008","Ivory Coast","Violence against civilians","7","13"
"2008","Kenya","Battles","95","448"
"2008","Kenya","Explosions/Remote violence","2","71"
"2008","Kenya","Protests","36","1"
"2008","Kenya","Riots","121","54"
"2008","Kenya","Strategic developments","7","0"
"2008","Kenya","Violence against civilians","152","499"
"2008","Lesotho","Protests","1","0"
"2008","Liberia","Battles","2","0"
"2008","Liberia","Protests","5","0"
"2008","Liberia","Riots","1","0"
"2008","Liberia","Strategic developments","2","0"
"2008","Liberia","Violence against civilians","6","0"
"2008","Libya","Battles","2","39"
"2008","Libya","Protests","2","0"
"2008","Libya","Strategic developments","1","0"
"2008","Libya","Violence against civilians","1","1"
"2008","Madagascar","Battles","1","2"
"2008","Malawi","Riots","3","3"
"2008","Malawi","Violence against civilians","3","0"
"2008","Mali","Battles","17","147"
"2008","Mali","Explosions/Remote violence","1","2"
"2008","Mali","Violence against civilians","3","8"
"2008","Mauritania","Battles","6","14"
"2008","Mauritania","Protests","2","0"
"2008","Mauritania","Riots","7","0"
"2008","Mauritania","Violence against civilians","1","0"
"2008","Morocco","Protests","5","0"
"2008","Morocco","Riots","3","0"
"2008","Morocco","Strategic developments","1","0"
"2008","Morocco","Violence against civilians","1","0"
"2008","Mozambique","Battles","1","0"
"2008","Mozambique","Protests","3","0"
"2008","Mozambique","Riots","10","2"
"2008","Mozambique","Violence against civilians","6","0"
"2008","Namibia","Battles","1","0"
"2008","Namibia","Protests","12","0"
"2008","Namibia","Riots","3","0"
"2008","Namibia","Violence against civilians","4","0"
"2008","Niger","Battles","13","90"
"2008","Niger","Explosions/Remote violence","3","1"
"2008","Niger","Protests","6","0"
"2008","Niger","Violence against civilians","6","3"
"2008","Nigeria","Battles","93","112"
"2008","Nigeria","Explosions/Remote violence","2","2"
"2008","Nigeria","Protests","1","0"
"2008","Nigeria","Riots","11","763"
"2008","Nigeria","Strategic developments","12","0"
"2008","Nigeria","Violence against civilians","74","95"
"2008","Rwanda","Battles","1","1"
"2008","Rwanda","Explosions/Remote violence","2","1"
"2008","Rwanda","Protests","6","0"
"2008","Rwanda","Violence against civilians","3","7"
"2008","Senegal","Battles","1","4"
"2008","Senegal","Explosions/Remote violence","1","1"
"2008","Senegal","Protests","8","0"
"2008","Senegal","Riots","1","0"
"2008","Senegal","Violence against civilians","9","3"
"2008","Sierra Leone","Battles","3","6"
"2008","Sierra Leone","Riots","4","0"
"2008","Sierra Leone","Violence against civilians","7","1"
"2008","Somalia","Battles","751","1194"
"2008","Somalia","Explosions/Remote violence","217","572"
"2008","Somalia","Protests","52","2"
"2008","Somalia","Riots","14","9"
"2008","Somalia","Strategic developments","54","0"
"2008","Somalia","Violence against civilians","345","293"
"2008","South Africa","Battles","6","3"
"2008","South Africa","Protests","136","0"
"2008","South Africa","Riots","82","34"
"2008","South Africa","Violence against civilians","12","8"
"2008","Sudan","Battles","132","1041"
"2008","Sudan","Explosions/Remote violence","39","222"
"2008","Sudan","Protests","3","0"
"2008","Sudan","Riots","10","7"
"2008","Sudan","Strategic developments","25","0"
"2008","Sudan","Violence against civilians","108","859"
"2008","Tanzania","Battles","2","5"
"2008","Tanzania","Protests","7","0"
"2008","Tanzania","Riots","5","0"
"2008","Tanzania","Strategic developments","1","0"
"2008","Tanzania","Violence against civilians","11","2"
"2008","Togo","Violence against civilians","1","1"
"2008","Tunisia","Protests","14","2"
"2008","Tunisia","Riots","14","2"
"2008","Tunisia","Strategic developments","1","0"
"2008","Tunisia","Violence against civilians","1","0"
"2008","Uganda","Battles","27","71"
"2008","Uganda","Explosions/Remote violence","1","0"
"2008","Uganda","Protests","10","0"
"2008","Uganda","Riots","14","4"
"2008","Uganda","Strategic developments","5","0"
"2008","Uganda","Violence against civilians","35","99"
"2008","Zambia","Protests","13","0"
"2008","Zambia","Riots","4","0"
"2008","Zambia","Violence against civilians","4","11"
"2008","Zimbabwe","Battles","6","0"
"2008","Zimbabwe","Explosions/Remote violence","1","0"
"2008","Zimbabwe","Protests","36","0"
"2008","Zimbabwe","Strategic developments","38","0"
"2008","Zimbabwe","Violence against civilians","689","126"
"2009","Algeria","Battles","120","414"
"2009","Algeria","Explosions/Remote violence","53","90"
"2009","Algeria","Protests","12","0"
"2009","Algeria","Riots","17","0"
"2009","Algeria","Strategic developments","31","0"
"2009","Algeria","Violence against civilians","6","10"
"2009","Angola","Battles","1","0"
"2009","Angola","Protests","1","0"
"2009","Angola","Riots","1","2"
"2009","Angola","Violence against civilians","10","3"
"2009","Bangladesh","Battles","3","0"
"2009","Bangladesh","Protests","2","0"
"2009","Bangladesh","Riots","6","0"
"2009","Benin","Protests","1","0"
"2009","Benin","Violence against civilians","1","1"
"2009","Botswana","Battles","1","1"
"2009","Botswana","Protests","1","0"
"2009","Burkina Faso","Protests","1","0"
"2009","Burundi","Battles","15","29"
"2009","Burundi","Explosions/Remote violence","16","15"
"2009","Burundi","Protests","6","0"
"2009","Burundi","Riots","6","3"
"2009","Burundi","Strategic developments","1","0"
"2009","Burundi","Violence against civilians","31","25"
"2009","Cameroon","Battles","5","1"
"2009","Cameroon","Protests","2","0"
"2009","Cameroon","Riots","1","0"
"2009","Cameroon","Strategic developments","2","0"
"2009","Cameroon","Violence against civilians","9","18"
"2009","Central African Republic","Battles","48","179"
"2009","Central African Republic","Protests","1","0"
"2009","Central African Republic","Strategic developments","1","0"
"2009","Central African Republic","Violence against civilians","51","83"
"2009","Chad","Battles","12","259"
"2009","Chad","Explosions/Remote violence","1","0"
"2009","Chad","Protests","1","0"
"2009","Chad","Strategic developments","1","0"
"2009","Chad","Violence against civilians","10","2"
"2009","Democratic Republic of Congo","Battles","265","3085"
"2009","Democratic Republic of Congo","Explosions/Remote violence","4","63"
"2009","Democratic Republic of Congo","Protests","2","0"
"2009","Democratic Republic of Congo","Riots","6","0"
"2009","Democratic Republic of Congo","Strategic developments","45","0"
"2009","Democratic Republic of Congo","Violence against civilians","330","2067"
"2009","Djibouti","Battles","4","4"
"2009","Djibouti","Explosions/Remote violence","2","0"
"2009","Egypt","Battles","6","4"
"2009","Egypt","Explosions/Remote violence","2","0"
"2009","Egypt","Protests","18","0"
"2009","Egypt","Riots","9","0"
"2009","Egypt","Violence against civilians","13","13"
"2009","Equatorial Guinea","Battles","4","2"
"2009","Equatorial Guinea","Strategic developments","1","0"
"2009","Equatorial Guinea","Violence against civilians","1","1"
"2009","Eritrea","Battles","2","52"
"2009","Eritrea","Strategic developments","1","0"
"2009","Eritrea","Violence against civilians","7","9"
"2009","eSwatini","Violence against civilians","1","0"
"2009","Ethiopia","Battles","83","1857"
"2009","Ethiopia","Explosions/Remote violence","2","14"
"2009","Ethiopia","Protests","2","0"
"2009","Ethiopia","Riots","1","0"
"2009","Ethiopia","Strategic developments","3","0"
"2009","Ethiopia","Violence against civilians","11","11"
"2009","Gabon","Protests","2","0"
"2009","Gabon","Riots","2","0"
"2009","Gabon","Strategic developments","3","0"
"2009","Gabon","Violence against civilians","1","0"
"2009","Gambia","Battles","1","0"
"2009","Gambia","Violence against civilians","3","18"
"2009","Ghana","Battles","4","8"
"2009","Ghana","Protests","3","0"
"2009","Ghana","Riots","2","5"
"2009","Ghana","Violence against civilians","11","8"
"2009","Guinea","Battles","6","6"
"2009","Guinea","Protests","10","158"
"2009","Guinea","Riots","3","2"
"2009","Guinea","Violence against civilians","16","3"
"2009","Guinea-Bissau","Explosions/Remote violence","1","1"
"2009","Guinea-Bissau","Strategic developments","1","0"
"2009","Guinea-Bissau","Violence against civilians","7","5"
"2009","Ivory Coast","Battles","1","3"
"2009","Ivory Coast","Protests","2","0"
"2009","Ivory Coast","Riots","1","0"
"2009","Ivory Coast","Violence against civilians","1","1"
"2009","Kenya","Battles","45","114"
"2009","Kenya","Protests","25","0"
"2009","Kenya","Riots","19","12"
"2009","Kenya","Strategic developments","5","0"
"2009","Kenya","Violence against civilians","45","59"
"2009","Lesotho","Battles","1","4"
"2009","Lesotho","Violence against civilians","1","0"
"2009","Liberia","Battles","3","0"
"2009","Liberia","Protests","1","0"
"2009","Liberia","Riots","2","0"
"2009","Liberia","Violence against civilians","2","0"
"2009","Libya","Protests","3","0"
"2009","Libya","Strategic developments","1","0"
"2009","Libya","Violence against civilians","2","10"
"2009","Madagascar","Battles","3","3"
"2009","Madagascar","Explosions/Remote violence","3","0"
"2009","Madagascar","Protests","67","0"
"2009","Madagascar","Riots","12","58"
"2009","Madagascar","Strategic developments","2","1"
"2009","Madagascar","Violence against civilians","14","83"
"2009","Malawi","Protests","1","0"
"2009","Malawi","Riots","1","0"
"2009","Malawi","Violence against civilians","2","0"
"2009","Mali","Battles","5","63"
"2009","Mali","Explosions/Remote violence","2","10"
"2009","Mali","Riots","1","1"
"2009","Mali","Violence against civilians","2","0"
"2009","Mauritania","Battles","2","1"
"2009","Mauritania","Protests","2","0"
"2009","Mauritania","Riots","3","0"
"2009","Mauritania","Violence against civilians","3","1"
"2009","Morocco","Protests","5","0"
"2009","Morocco","Violence against civilians","1","0"
"2009","Mozambique","Battles","2","0"
"2009","Mozambique","Explosions/Remote violence","1","0"
"2009","Mozambique","Protests","2","0"
"2009","Mozambique","Riots","17","4"
"2009","Mozambique","Strategic developments","1","0"
"2009","Mozambique","Violence against civilians","24","0"
"2009","Myanmar","Violence against civilians","1","0"
"2009","Namibia","Battles","1","0"
"2009","Namibia","Protests","6","0"
"2009","Namibia","Riots","2","0"
"2009","Niger","Battles","2","9"
"2009","Niger","Protests","7","0"
"2009","Niger","Riots","3","0"
"2009","Niger","Violence against civilians","4","5"
"2009","Nigeria","Battles","85","915"
"2009","Nigeria","Explosions/Remote violence","9","1200"
"2009","Nigeria","Protests","19","0"
"2009","Nigeria","Riots","26","51"
"2009","Nigeria","Strategic developments","24","0"
"2009","Nigeria","Violence against civilians","62","51"
"2009","Pakistan","Explosions/Remote violence","3","101"
"2009","Pakistan","Protests","3","0"
"2009","Pakistan","Strategic developments","2","0"
"2009","Pakistan","Violence against civilians","1","3"
"2009","Republic of Congo","Battles","1","100"
"2009","Republic of Congo","Explosions/Remote violence","1","0"
"2009","Republic of Congo","Protests","2","0"
"2009","Republic of Congo","Strategic developments","2","0"
"2009","Republic of Congo","Violence against civilians","3","0"
"2009","Rwanda","Battles","1","3"
"2009","Rwanda","Explosions/Remote violence","10","4"
"2009","Rwanda","Protests","3","0"
"2009","Rwanda","Riots","1","0"
"2009","Rwanda","Violence against civilians","1","1"
"2009","Senegal","Battles","7","2"
"2009","Senegal","Explosions/Remote violence","4","7"
"2009","Senegal","Protests","1","0"
"2009","Senegal","Riots","1","0"
"2009","Senegal","Strategic developments","1","0"
"2009","Senegal","Violence against civilians","8","9"
"2009","Sierra Leone","Battles","8","0"
"2009","Sierra Leone","Protests","4","3"
"2009","Sierra Leone","Riots","10","2"
"2009","Sierra Leone","Violence against civilians","3","0"
"2009","Somalia","Battles","286","634"
"2009","Somalia","Explosions/Remote violence","114","337"
"2009","Somalia","Protests","40","1"
"2009","Somalia","Riots","12","25"
"2009","Somalia","Strategic developments","124","0"
"2009","Somalia","Violence against civilians","127","147"
"2009","South Africa","Battles","1","2"
"2009","South Africa","Protests","183","1"
"2009","South Africa","Riots","158","15"
"2009","South Africa","Strategic developments","1","0"
"2009","South Africa","Violence against civilians","24","19"
"2009","Sri Lanka","Protests","1","0"
"2009","Sudan","Battles","123","1316"
"2009","Sudan","Explosions/Remote violence","25","19"
"2009","Sudan","Protests","3","0"
"2009","Sudan","Riots","14","0"
"2009","Sudan","Strategic developments","17","0"
"2009","Sudan","Violence against civilians","165","1517"
"2009","Tanzania","Protests","2","0"
"2009","Tanzania","Riots","3","1"
"2009","Tanzania","Strategic developments","1","22"
"2009","Tanzania","Violence against civilians","4","8"
"2009","Thailand","Strategic developments","2","0"
"2009","Togo","Battles","1","2"
"2009","Togo","Protests","3","0"
"2009","Togo","Strategic developments","1","0"
"2009","Tunisia","Protests","1","0"
"2009","Uganda","Battles","32","79"
"2009","Uganda","Explosions/Remote violence","1","1"
"2009","Uganda","Protests","15","0"
"2009","Uganda","Riots","40","40"
"2009","Uganda","Strategic developments","5","0"
"2009","Uganda","Violence against civilians","26","38"
"2009","Zambia","Protests","24","0"
"2009","Zambia","Riots","16","1"
"2009","Zambia","Violence against civilians","7","15"
"2009","Zimbabwe","Battles","6","4"
"2009","Zimbabwe","Protests","33","0"
"2009","Zimbabwe","Riots","19","1"
"2009","Zimbabwe","Strategic developments","14","0"
"2009","Zimbabwe","Violence against civilians","118","26"
"2010","Algeria","Battles","62","180"
"2010","Algeria","Explosions/Remote violence","35","52"
"2010","Algeria","Protests","8","0"
"2010","Algeria","Riots","10","0"
"2010","Algeria","Strategic developments","4","0"
"2010","Algeria","Violence against civilians","8","14"
"2010","Angola","Battles","2","2"
"2010","Angola","Strategic developments","1","0"
"2010","Angola","Violence against civilians","6","13"
"2010","Bangladesh","Battles","346","159"
"2010","Bangladesh","Explosions/Remote violence","50","18"
"2010","Bangladesh","Protests","574","1"
"2010","Bangladesh","Riots","1127","159"
"2010","Bangladesh","Strategic developments","75","0"
"2010","Bangladesh","Violence against civilians","424","274"
"2010","Benin","Protests","9","0"
"2010","Benin","Strategic developments","1","0"
"2010","Botswana","Riots","1","0"
"2010","Botswana","Strategic developments","1","0"
"2010","Burkina Faso","Protests","3","0"
"2010","Burkina Faso","Riots","1","1"
"2010","Burkina Faso","Strategic developments","1","0"
"2010","Burundi","Battles","23","27"
"2010","Burundi","Explosions/Remote violence","31","35"
"2010","Burundi","Protests","3","0"
"2010","Burundi","Riots","3","0"
"2010","Burundi","Violence against civilians","39","91"
"2010","Cambodia","Battles","6","1"
"2010","Cambodia","Explosions/Remote violence","3","3"
"2010","Cambodia","Protests","181","0"
"2010","Cambodia","Riots","21","2"
"2010","Cambodia","Strategic developments","32","39"
"2010","Cambodia","Violence against civilians","24","12"
"2010","Cameroon","Battles","2","4"
"2010","Cameroon","Protests","4","0"
"2010","Cameroon","Riots","1","0"
"2010","Cameroon","Strategic developments","2","0"
"2010","Cameroon","Violence against civilians","7","2"
"2010","Central African Republic","Battles","42","212"
"2010","Central African Republic","Protests","4","0"
"2010","Central African Republic","Riots","1","3"
"2010","Central African Republic","Strategic developments","13","0"
"2010","Central African Republic","Violence against civilians","107","195"
"2010","Chad","Battles","3","109"
"2010","Chad","Explosions/Remote violence","1","0"
"2010","Chad","Strategic developments","3","0"
"2010","Chad","Violence against civilians","3","0"
"2010","Democratic Republic of Congo","Battles","78","509"
"2010","Democratic Republic of Congo","Explosions/Remote violence","1","5"
"2010","Democratic Republic of Congo","Protests","4","0"
"2010","Democratic Republic of Congo","Riots","7","4"
"2010","Democratic Republic of Congo","Strategic developments","8","0"
"2010","Democratic Republic of Congo","Violence against civilians","194","843"
"2010","Djibouti","Battles","5","3"
"2010","Djibouti","Explosions/Remote violence","2","0"
"2010","Djibouti","Protests","2","0"
"2010","Djibouti","Violence against civilians","1","0"
"2010","Egypt","Battles","1","1"
"2010","Egypt","Explosions/Remote violence","1","1"
"2010","Egypt","Protests","46","0"
"2010","Egypt","Riots","24","7"
"2010","Egypt","Strategic developments","2","0"
"2010","Egypt","Violence against civilians","48","61"
"2010","Equatorial Guinea","Violence against civilians","1","7"
"2010","Eritrea","Battles","1","18"
"2010","eSwatini","Explosions/Remote violence","1","0"
"2010","eSwatini","Protests","4","1"
"2010","eSwatini","Violence against civilians","2","0"
"2010","Ethiopia","Battles","120","1453"
"2010","Ethiopia","Explosions/Remote violence","3","7"
"2010","Ethiopia","Protests","4","0"
"2010","Ethiopia","Riots","1","0"
"2010","Ethiopia","Strategic developments","10","0"
"2010","Ethiopia","Violence against civilians","51","108"
"2010","Gabon","Protests","2","0"
"2010","Gabon","Riots","1","0"
"2010","Gambia","Battles","1","0"
"2010","Gambia","Strategic developments","1","0"
"2010","Gambia","Violence against civilians","1","0"
"2010","Ghana","Battles","4","3"
"2010","Ghana","Protests","6","0"
"2010","Ghana","Riots","2","3"
"2010","Ghana","Violence against civilians","2","0"
"2010","Guinea","Battles","9","19"
"2010","Guinea","Protests","3","0"
"2010","Guinea","Riots","3","10"
"2010","Guinea","Strategic developments","2","0"
"2010","Guinea","Violence against civilians","7","3"
"2010","Guinea-Bissau","Protests","1","0"
"2010","Guinea-Bissau","Strategic developments","1","0"
"2010","Guinea-Bissau","Violence against civilians","2","0"
"2010","Ivory Coast","Battles","13","3"
"2010","Ivory Coast","Explosions/Remote violence","2","4"
"2010","Ivory Coast","Protests","53","16"
"2010","Ivory Coast","Riots","28","14"
"2010","Ivory Coast","Strategic developments","1","0"
"2010","Ivory Coast","Violence against civilians","27","59"
"2010","Kenya","Battles","36","122"
"2010","Kenya","Explosions/Remote violence","3","10"
"2010","Kenya","Protests","45","1"
"2010","Kenya","Riots","22","19"
"2010","Kenya","Strategic developments","9","0"
"2010","Kenya","Violence against civilians","47","68"
"2010","Laos","Strategic developments","1","0"
"2010","Lesotho","Protests","2","0"
"2010","Lesotho","Violence against civilians","1","1"
"2010","Liberia","Battles","4","1"
"2010","Liberia","Protests","2","0"
"2010","Liberia","Riots","3","1"
"2010","Liberia","Violence against civilians","1","10"
"2010","Libya","Explosions/Remote violence","1","0"
"2010","Libya","Protests","1","0"
"2010","Libya","Strategic developments","1","0"
"2010","Libya","Violence against civilians","3","0"
"2010","Madagascar","Battles","4","1"
"2010","Madagascar","Explosions/Remote violence","2","0"
"2010","Madagascar","Protests","7","0"
"2010","Madagascar","Riots","1","0"
"2010","Madagascar","Violence against civilians","3","2"
"2010","Malawi","Protests","3","0"
"2010","Malawi","Violence against civilians","2","0"
"2010","Mali","Battles","7","42"
"2010","Mali","Explosions/Remote violence","3","1"
"2010","Mali","Protests","2","0"
"2010","Mali","Riots","1","1"
"2010","Mali","Strategic developments","1","0"
"2010","Mali","Violence against civilians","4","3"
"2010","Mauritania","Battles","4","26"
"2010","Mauritania","Protests","6","0"
"2010","Mauritania","Riots","2","0"
"2010","Mauritania","Strategic developments","1","0"
"2010","Mauritania","Violence against civilians","1","0"
"2010","Morocco","Battles","2","16"
"2010","Morocco","Explosions/Remote violence","1","0"
"2010","Morocco","Protests","8","1"
"2010","Morocco","Riots","1","12"
"2010","Morocco","Strategic developments","1","0"
"2010","Morocco","Violence against civilians","2","1"
"2010","Mozambique","Battles","4","6"
"2010","Mozambique","Explosions/Remote violence","3","0"
"2010","Mozambique","Riots","12","19"
"2010","Mozambique","Violence against civilians","4","1"
"2010","Myanmar","Battles","71","187"
"2010","Myanmar","Explosions/Remote violence","41","47"
"2010","Myanmar","Protests","50","0"
"2010","Myanmar","Strategic developments","15","0"
"2010","Myanmar","Violence against civilians","36","34"
"2010","Namibia","Battles","1","0"
"2010","Namibia","Protests","9","0"
"2010","Namibia","Violence against civilians","2","0"
"2010","Nepal","Battles","11","12"
"2010","Nepal","Explosions/Remote violence","16","0"
"2010","Nepal","Protests","216","0"
"2010","Nepal","Riots","221","3"
"2010","Nepal","Strategic developments","3","0"
"2010","Nepal","Violence against civilians","66","26"
"2010","Niger","Battles","3","20"
"2010","Niger","Protests","2","0"
"2010","Niger","Riots","1","0"
"2010","Niger","Violence against civilians","4","1"
"2010","Nigeria","Battles","130","439"
"2010","Nigeria","Explosions/Remote violence","17","49"
"2010","Nigeria","Protests","99","1"
"2010","Nigeria","Riots","47","43"
"2010","Nigeria","Strategic developments","13","0"
"2010","Nigeria","Violence against civilians","166","1374"
"2010","Pakistan","Battles","589","3480"
"2010","Pakistan","Explosions/Remote violence","673","3907"
"2010","Pakistan","Protests","3547","12"
"2010","Pakistan","Riots","332","41"
"2010","Pakistan","Strategic developments","29","0"
"2010","Pakistan","Violence against civilians","380","584"
"2010","Republic of Congo","Strategic developments","4","0"
"2010","Rwanda","Battles","2","0"
"2010","Rwanda","Explosions/Remote violence","9","14"
"2010","Rwanda","Protests","1","0"
"2010","Rwanda","Riots","1","0"
"2010","Rwanda","Violence against civilians","38","7"
"2010","Senegal","Battles","7","17"
"2010","Senegal","Explosions/Remote violence","4","3"
"2010","Senegal","Protests","10","1"
"2010","Senegal","Riots","1","0"
"2010","Senegal","Violence against civilians","1","1"
"2010","Sierra Leone","Protests","7","0"
"2010","Sierra Leone","Riots","2","0"
"2010","Sierra Leone","Strategic developments","1","0"
"2010","Sierra Leone","Violence against civilians","2","0"
"2010","Somalia","Battles","660","2562"
"2010","Somalia","Explosions/Remote violence","270","813"
"2010","Somalia","Protests","75","1"
"2010","Somalia","Riots","6","0"
"2010","Somalia","Strategic developments","146","0"
"2010","Somalia","Violence against civilians","150","270"
"2010","South Africa","Battles","2","0"
"2010","South Africa","Protests","150","0"
"2010","South Africa","Riots","130","16"
"2010","South Africa","Strategic developments","2","0"
"2010","South Africa","Violence against civilians","22","12"
"2010","Sri Lanka","Battles","3","2"
"2010","Sri Lanka","Explosions/Remote violence","16","14"
"2010","Sri Lanka","Protests","109","0"
"2010","Sri Lanka","Riots","103","1"
"2010","Sri Lanka","Strategic developments","8","0"
"2010","Sri Lanka","Violence against civilians","40","11"
"2010","Sudan","Battles","134","1361"
"2010","Sudan","Explosions/Remote violence","14","122"
"2010","Sudan","Protests","13","2"
"2010","Sudan","Riots","5","0"
"2010","Sudan","Strategic developments","10","0"
"2010","Sudan","Violence against civilians","105","271"
"2010","Tanzania","Protests","1","0"
"2010","Tanzania","Strategic developments","1","0"
"2010","Tanzania","Violence against civilians","3","21"
"2010","Thailand","Battles","263","187"
"2010","Thailand","Explosions/Remote violence","339","35"
"2010","Thailand","Protests","191","6"
"2010","Thailand","Riots","31","5"
"2010","Thailand","Strategic developments","143","0"
"2010","Thailand","Violence against civilians","177","215"
"2010","Togo","Protests","17","0"
"2010","Togo","Riots","1","0"
"2010","Tunisia","Protests","22","2"
"2010","Tunisia","Riots","4","0"
"2010","Tunisia","Strategic developments","1","0"
"2010","Tunisia","Violence against civilians","2","0"
"2010","Uganda","Battles","25","127"
"2010","Uganda","Explosions/Remote violence","2","79"
"2010","Uganda","Protests","16","2"
"2010","Uganda","Riots","27","6"
"2010","Uganda","Strategic developments","3","0"
"2010","Uganda","Violence against civilians","49","75"
"2010","Vietnam","Battles","1","0"
"2010","Vietnam","Protests","9","3"
"2010","Vietnam","Riots","3","0"
"2010","Vietnam","Strategic developments","2","0"
"2010","Vietnam","Violence against civilians","18","9"
"2010","Zambia","Battles","1","0"
"2010","Zambia","Protests","3","0"
"2010","Zambia","Riots","6","0"
"2010","Zambia","Violence against civilians","7","0"
"2010","Zimbabwe","Battles","4","1"
"2010","Zimbabwe","Explosions/Remote violence","1","0"
"2010","Zimbabwe","Protests","19","0"
"2010","Zimbabwe","Riots","5","0"
"2010","Zimbabwe","Strategic developments","43","0"
"2010","Zimbabwe","Violence against civilians","120","8"
"2011","Algeria","Battles","81","205"
"2011","Algeria","Explosions/Remote violence","41","64"
"2011","Algeria","Protests","91","0"
"2011","Algeria","Riots","118","28"
"2011","Algeria","Strategic developments","2","0"
"2011","Algeria","Violence against civilians","16","11"
"2011","Angola","Battles","2","0"
"2011","Angola","Protests","10","0"
"2011","Angola","Violence against civilians","6","4"
"2011","Bangladesh","Battles","302","162"
"2011","Bangladesh","Explosions/Remote violence","32","4"
"2011","Bangladesh","Protests","655","1"
"2011","Bangladesh","Riots","921","141"
"2011","Bangladesh","Strategic developments","38","0"
"2011","Bangladesh","Violence against civilians","418","274"
"2011","Benin","Battles","1","0"
"2011","Benin","Protests","4","0"
"2011","Benin","Violence against civilians","2","0"
"2011","Botswana","Riots","3","0"
"2011","Botswana","Violence against civilians","1","0"
"2011","Burkina Faso","Battles","3","2"
"2011","Burkina Faso","Explosions/Remote violence","1","0"
"2011","Burkina Faso","Protests","36","0"
"2011","Burkina Faso","Riots","84","7"
"2011","Burkina Faso","Strategic developments","8","0"
"2011","Burkina Faso","Violence against civilians","5","1"
"2011","Burundi","Battles","14","50"
"2011","Burundi","Explosions/Remote violence","2","6"
"2011","Burundi","Protests","2","0"
"2011","Burundi","Violence against civilians","9","56"
"2011","Cambodia","Battles","25","26"
"2011","Cambodia","Explosions/Remote violence","2","1"
"2011","Cambodia","Protests","159","0"
"2011","Cambodia","Riots","23","2"
"2011","Cambodia","Strategic developments","34","15"
"2011","Cambodia","Violence against civilians","10","5"
"2011","Cameroon","Battles","4","9"
"2011","Cameroon","Protests","3","0"
"2011","Cameroon","Riots","4","2"
"2011","Cameroon","Strategic developments","1","0"
"2011","Cameroon","Violence against civilians","6","8"
"2011","Central African Republic","Battles","28","150"
"2011","Central African Republic","Protests","6","0"
"2011","Central African Republic","Riots","5","14"
"2011","Central African Republic","Strategic developments","12","0"
"2011","Central African Republic","Violence against civilians","23","40"
"2011","Chad","Riots","3","7"
"2011","Chad","Violence against civilians","3","10"
"2011","Democratic Republic of Congo","Battles","272","389"
"2011","Democratic Republic of Congo","Explosions/Remote violence","2","16"
"2011","Democratic Republic of Congo","Protests","51","0"
"2011","Democratic Republic of Congo","Riots","59","38"
"2011","Democratic Republic of Congo","Strategic developments","106","0"
"2011","Democratic Republic of Congo","Violence against civilians","360","250"
"2011","Djibouti","Protests","6","3"
"2011","Egypt","Battles","59","54"
"2011","Egypt","Explosions/Remote violence","13","29"
"2011","Egypt","Protests","973","55"
"2011","Egypt","Riots","338","1023"
"2011","Egypt","Strategic developments","44","0"
"2011","Egypt","Violence against civilians","70","94"
"2011","Equatorial Guinea","Protests","1","0"
"2011","Eritrea","Battles","4","9"
"2011","eSwatini","Protests","8","0"
"2011","eSwatini","Violence against civilians","3","3"
"2011","Ethiopia","Battles","58","502"
"2011","Ethiopia","Explosions/Remote violence","3","0"
"2011","Ethiopia","Protests","2","2"
"2011","Ethiopia","Riots","1","1"
"2011","Ethiopia","Strategic developments","4","0"
"2011","Ethiopia","Violence against civilians","17","150"
"2011","Gabon","Battles","1","0"
"2011","Gambia","Protests","1","0"
"2011","Gambia","Strategic developments","2","0"
"2011","Gambia","Violence against civilians","1","0"
"2011","Ghana","Battles","3","4"
"2011","Ghana","Protests","4","0"
"2011","Ghana","Riots","1","1"
"2011","Ghana","Violence against civilians","1","0"
"2011","Guinea","Battles","3","4"
"2011","Guinea","Explosions/Remote violence","1","1"
"2011","Guinea","Protests","3","0"
"2011","Guinea","Riots","1","1"
"2011","Guinea","Violence against civilians","1","0"
"2011","Guinea-Bissau","Battles","1","1"
"2011","Guinea-Bissau","Protests","5","0"
"2011","Guinea-Bissau","Strategic developments","1","0"
"2011","Ivory Coast","Battles","101","126"
"2011","Ivory Coast","Explosions/Remote violence","3","37"
"2011","Ivory Coast","Protests","9","19"
"2011","Ivory Coast","Riots","9","5"
"2011","Ivory Coast","Violence against civilians","102","631"
"2011","Kenya","Battles","35","69"
"2011","Kenya","Explosions/Remote violence","24","35"
"2011","Kenya","Protests","31","1"
"2011","Kenya","Riots","11","8"
"2011","Kenya","Strategic developments","16","0"
"2011","Kenya","Violence against civilians","48","112"
"2011","Laos","Violence against civilians","2","4"
"2011","Lesotho","Protests","4","0"
"2011","Liberia","Battles","5","1"
"2011","Liberia","Protests","9","0"
"2011","Liberia","Riots","4","0"
"2011","Liberia","Violence against civilians","11","13"
"2011","Libya","Battles","241","2079"
"2011","Libya","Explosions/Remote violence","300","2145"
"2011","Libya","Protests","50","770"
"2011","Libya","Riots","22","53"
"2011","Libya","Strategic developments","32","0"
"2011","Libya","Violence against civilians","55","491"
"2011","Madagascar","Battles","1","0"
"2011","Madagascar","Explosions/Remote violence","2","0"
"2011","Madagascar","Protests","1","0"
"2011","Malawi","Protests","6","0"
"2011","Malawi","Riots","14","19"
"2011","Malawi","Violence against civilians","4","1"
"2011","Mali","Battles","9","36"
"2011","Mali","Explosions/Remote violence","2","0"
"2011","Mali","Protests","2","0"
"2011","Mali","Riots","1","2"
"2011","Mali","Strategic developments","7","0"
"2011","Mali","Violence against civilians","8","19"
"2011","Mauritania","Battles","4","12"
"2011","Mauritania","Explosions/Remote violence","1","3"
"2011","Mauritania","Protests","19","1"
"2011","Mauritania","Riots","6","2"
"2011","Mauritania","Strategic developments","1","1"
"2011","Morocco","Battles","1","1"
"2011","Morocco","Explosions/Remote violence","1","17"
"2011","Morocco","Protests","171","2"
"2011","Morocco","Riots","23","13"
"2011","Morocco","Strategic developments","1","0"
"2011","Morocco","Violence against civilians","1","0"
"2011","Mozambique","Battles","2","0"
"2011","Mozambique","Protests","4","0"
"2011","Mozambique","Riots","6","0"
"2011","Mozambique","Violence against civilians","2","4"
"2011","Myanmar","Battles","279","1296"
"2011","Myanmar","Explosions/Remote violence","69","55"
"2011","Myanmar","Protests","39","0"
"2011","Myanmar","Riots","3","0"
"2011","Myanmar","Strategic developments","47","7"
"2011","Myanmar","Violence against civilians","105","86"
"2011","Namibia","Battles","1","0"
"2011","Namibia","Protests","7","0"
"2011","Namibia","Riots","4","0"
"2011","Namibia","Violence against civilians","5","1"
"2011","Nepal","Battles","5","4"
"2011","Nepal","Explosions/Remote violence","29","5"
"2011","Nepal","Protests","170","0"
"2011","Nepal","Riots","107","1"
"2011","Nepal","Strategic developments","14","0"
"2011","Nepal","Violence against civilians","24","4"
"2011","Niger","Battles","7","23"
"2011","Niger","Protests","2","0"
"2011","Niger","Riots","1","2"
"2011","Nigeria","Battles","71","490"
"2011","Nigeria","Explosions/Remote violence","77","383"
"2011","Nigeria","Protests","42","4"
"2011","Nigeria","Riots","49","121"
"2011","Nigeria","Strategic developments","9","0"
"2011","Nigeria","Violence against civilians","126","1565"
"2011","Pakistan","Battles","317","2057"
"2011","Pakistan","Explosions/Remote violence","613","2118"
"2011","Pakistan","Protests","2472","2"
"2011","Pakistan","Riots","171","17"
"2011","Pakistan","Strategic developments","33","2"
"2011","Pakistan","Violence against civilians","312","516"
"2011","Rwanda","Explosions/Remote violence","4","5"
"2011","Rwanda","Violence against civilians","36","0"
"2011","Senegal","Battles","12","31"
"2011","Senegal","Explosions/Remote violence","2","3"
"2011","Senegal","Protests","12","0"
"2011","Senegal","Strategic developments","2","0"
"2011","Senegal","Violence against civilians","5","12"
"2011","Sierra Leone","Battles","1","0"
"2011","Sierra Leone","Explosions/Remote violence","1","0"
"2011","Sierra Leone","Riots","3","0"
"2011","Sierra Leone","Strategic developments","2","0"
"2011","Sierra Leone","Violence against civilians","3","2"
"2011","Somalia","Battles","590","1271"
"2011","Somalia","Explosions/Remote violence","286","384"
"2011","Somalia","Protests","70","5"
"2011","Somalia","Riots","19","5"
"2011","Somalia","Strategic developments","226","7"
"2011","Somalia","Violence against civilians","218","341"
"2011","South Africa","Protests","149","3"
"2011","South Africa","Riots","136","28"
"2011","South Africa","Strategic developments","1","0"
"2011","South Africa","Violence against civilians","29","18"
"2011","South Sudan","Battles","23","507"
"2011","South Sudan","Explosions/Remote violence","8","72"
"2011","South Sudan","Protests","1","0"
"2011","South Sudan","Strategic developments","4","0"
"2011","South Sudan","Violence against civilians","30","4297"
"2011","Sri Lanka","Battles","12","10"
"2011","Sri Lanka","Explosions/Remote violence","6","3"
"2011","Sri Lanka","Protests","154","1"
"2011","Sri Lanka","Riots","52","4"
"2011","Sri Lanka","Strategic developments","3","1"
"2011","Sri Lanka","Violence against civilians","21","7"
"2011","Sudan","Battles","133","1945"
"2011","Sudan","Explosions/Remote violence","35","71"
"2011","Sudan","Protests","38","1"
"2011","Sudan","Riots","10","3"
"2011","Sudan","Strategic developments","16","0"
"2011","Sudan","Violence against civilians","103","2024"
"2011","Tanzania","Battles","9","15"
"2011","Tanzania","Protests","13","5"
"2011","Tanzania","Riots","10","7"
"2011","Tanzania","Strategic developments","3","0"
"2011","Tanzania","Violence against civilians","11","9"
"2011","Thailand","Battles","214","114"
"2011","Thailand","Explosions/Remote violence","305","75"
"2011","Thailand","Protests","98","0"
"2011","Thailand","Riots","9","1"
"2011","Thailand","Strategic developments","143","0"
"2011","Thailand","Violence against civilians","184","210"
"2011","Togo","Battles","1","1"
"2011","Togo","Protests","7","0"
"2011","Togo","Riots","5","0"
"2011","Tunisia","Battles","23","15"
"2011","Tunisia","Explosions/Remote violence","6","0"
"2011","Tunisia","Protests","364","57"
"2011","Tunisia","Riots","164","122"
"2011","Tunisia","Strategic developments","17","0"
"2011","Tunisia","Violence against civilians","31","28"
"2011","Uganda","Battles","9","5"
"2011","Uganda","Protests","42","1"
"2011","Uganda","Riots","33","10"
"2011","Uganda","Strategic developments","9","0"
"2011","Uganda","Violence against civilians","41","13"
"2011","Vietnam","Battles","1","0"
"2011","Vietnam","Protests","20","63"
"2011","Vietnam","Riots","7","0"
"2011","Vietnam","Strategic developments","1","0"
"2011","Vietnam","Violence against civilians","7","3"
"2011","Zambia","Battles","2","0"
"2011","Zambia","Protests","4","0"
"2011","Zambia","Riots","20","20"
"2011","Zambia","Violence against civilians","7","2"
"2011","Zimbabwe","Battles","9","3"
"2011","Zimbabwe","Explosions/Remote violence","2","0"
"2011","Zimbabwe","Protests","24","0"
"2011","Zimbabwe","Riots","8","0"
"2011","Zimbabwe","Strategic developments","26","0"
"2011","Zimbabwe","Violence against civilians","184","8"
"2012","Algeria","Battles","72","221"
"2012","Algeria","Explosions/Remote violence","32","25"
"2012","Algeria","Protests","60","1"
"2012","Algeria","Riots","20","3"
"2012","Algeria","Strategic developments","17","0"
"2012","Algeria","Violence against civilians","7","2"
"2012","Angola","Explosions/Remote violence","1","4"
"2012","Angola","Protests","7","0"
"2012","Angola","Riots","2","2"
"2012","Angola","Violence against civilians","4","0"
"2012","Bangladesh","Battles","171","75"
"2012","Bangladesh","Explosions/Remote violence","18","6"
"2012","Bangladesh","Protests","452","6"
"2012","Bangladesh","Riots","807","165"
"2012","Bangladesh","Strategic developments","31","1"
"2012","Bangladesh","Violence against civilians","337","217"
"2012","Benin","Protests","11","0"
"2012","Benin","Riots","1","0"
"2012","Benin","Strategic developments","1","0"
"2012","Benin","Violence against civilians","1","0"
"2012","Burkina Faso","Battles","3","26"
"2012","Burkina Faso","Protests","42","0"
"2012","Burkina Faso","Riots","17","4"
"2012","Burkina Faso","Strategic developments","2","0"
"2012","Burkina Faso","Violence against civilians","4","2"
"2012","Burundi","Battles","4","12"
"2012","Burundi","Explosions/Remote violence","4","7"
"2012","Burundi","Riots","1","6"
"2012","Burundi","Strategic developments","2","0"
"2012","Burundi","Violence against civilians","5","8"
"2012","Cambodia","Battles","3","2"
"2012","Cambodia","Explosions/Remote violence","1","0"
"2012","Cambodia","Protests","161","0"
"2012","Cambodia","Riots","29","4"
"2012","Cambodia","Strategic developments","22","30"
"2012","Cambodia","Violence against civilians","9","8"
"2012","Cameroon","Battles","1","3"
"2012","Cameroon","Explosions/Remote violence","1","0"
"2012","Cameroon","Protests","2","0"
"2012","Cameroon","Riots","1","0"
"2012","Cameroon","Strategic developments","1","0"
"2012","Central African Republic","Battles","45","204"
"2012","Central African Republic","Explosions/Remote violence","1","3"
"2012","Central African Republic","Protests","9","0"
"2012","Central African Republic","Riots","8","2"
"2012","Central African Republic","Strategic developments","34","0"
"2012","Central African Republic","Violence against civilians","59","59"
"2012","Chad","Battles","2","2"
"2012","Chad","Protests","1","0"
"2012","Chad","Violence against civilians","5","1"
"2012","Democratic Republic of Congo","Battles","354","778"
"2012","Democratic Republic of Congo","Explosions/Remote violence","17","30"
"2012","Democratic Republic of Congo","Protests","50","0"
"2012","Democratic Republic of Congo","Riots","41","15"
"2012","Democratic Republic of Congo","Strategic developments","191","0"
"2012","Democratic Republic of Congo","Violence against civilians","372","559"
"2012","Djibouti","Battles","1","0"
"2012","Djibouti","Protests","1","1"
"2012","Egypt","Battles","48","64"
"2012","Egypt","Explosions/Remote violence","14","44"
"2012","Egypt","Protests","216","16"
"2012","Egypt","Riots","88","111"
"2012","Egypt","Strategic developments","17","0"
"2012","Egypt","Violence against civilians","34","9"
"2012","Equatorial Guinea","Battles","1","1"
"2012","Equatorial Guinea","Strategic developments","1","0"
"2012","Eritrea","Battles","2","0"
"2012","Eritrea","Riots","1","0"
"2012","Eritrea","Strategic developments","2","0"
"2012","Eritrea","Violence against civilians","1","0"
"2012","eSwatini","Protests","37","0"
"2012","eSwatini","Riots","3","0"
"2012","eSwatini","Strategic developments","2","0"
"2012","eSwatini","Violence against civilians","8","2"
"2012","Ethiopia","Battles","80","683"
"2012","Ethiopia","Explosions/Remote violence","2","34"
"2012","Ethiopia","Protests","29","0"
"2012","Ethiopia","Riots","8","11"
"2012","Ethiopia","Strategic developments","7","0"
"2012","Ethiopia","Violence against civilians","37","202"
"2012","Gabon","Protests","2","0"
"2012","Gabon","Riots","2","0"
"2012","Gabon","Strategic developments","1","0"
"2012","Gabon","Violence against civilians","2","0"
"2012","Gambia","Explosions/Remote violence","2","8"
"2012","Gambia","Protests","1","0"
"2012","Gambia","Violence against civilians","3","0"
"2012","Ghana","Battles","10","5"
"2012","Ghana","Protests","11","0"
"2012","Ghana","Riots","8","9"
"2012","Ghana","Strategic developments","4","0"
"2012","Ghana","Violence against civilians","13","6"
"2012","Guinea","Battles","2","5"
"2012","Guinea","Protests","12","6"
"2012","Guinea","Riots","10","6"
"2012","Guinea","Strategic developments","3","0"
"2012","Guinea","Violence against civilians","9","2"
"2012","Guinea-Bissau","Battles","1","6"
"2012","Guinea-Bissau","Explosions/Remote violence","1","1"
"2012","Guinea-Bissau","Protests","3","0"
"2012","Guinea-Bissau","Strategic developments","7","0"
"2012","Guinea-Bissau","Violence against civilians","4","2"
"2012","Ivory Coast","Battles","30","72"
"2012","Ivory Coast","Protests","3","0"
"2012","Ivory Coast","Riots","4","5"
"2012","Ivory Coast","Strategic developments","4","0"
"2012","Ivory Coast","Violence against civilians","29","43"
"2012","Kenya","Battles","70","144"
"2012","Kenya","Explosions/Remote violence","46","45"
"2012","Kenya","Protests","72","0"
"2012","Kenya","Riots","71","44"
"2012","Kenya","Strategic developments","29","0"
"2012","Kenya","Violence against civilians","102","283"
"2012","Laos","Battles","1","11"
"2012","Laos","Protests","1","0"
"2012","Laos","Violence against civilians","2","0"
"2012","Lesotho","Battles","1","2"
"2012","Lesotho","Protests","2","0"
"2012","Lesotho","Riots","5","0"
"2012","Lesotho","Violence against civilians","12","6"
"2012","Liberia","Battles","1","0"
"2012","Liberia","Protests","10","0"
"2012","Liberia","Riots","2","0"
"2012","Liberia","Strategic developments","5","0"
"2012","Liberia","Violence against civilians","1","0"
"2012","Libya","Battles","92","454"
"2012","Libya","Explosions/Remote violence","27","27"
"2012","Libya","Protests","59","1"
"2012","Libya","Riots","25","24"
"2012","Libya","Strategic developments","35","0"
"2012","Libya","Violence against civilians","49","42"
"2012","Madagascar","Battles","19","216"
"2012","Madagascar","Explosions/Remote violence","4","0"
"2012","Madagascar","Protests","26","0"
"2012","Madagascar","Riots","16","1"
"2012","Madagascar","Strategic developments","3","0"
"2012","Madagascar","Violence against civilians","17","16"
"2012","Malawi","Battles","2","0"
"2012","Malawi","Protests","4","0"
"2012","Malawi","Riots","1","0"
"2012","Malawi","Strategic developments","2","0"
"2012","Malawi","Violence against civilians","2","0"
"2012","Mali","Battles","74","422"
"2012","Mali","Explosions/Remote violence","31","47"
"2012","Mali","Protests","51","2"
"2012","Mali","Riots","9","8"
"2012","Mali","Strategic developments","53","0"
"2012","Mali","Violence against civilians","61","49"
"2012","Mauritania","Protests","62","1"
"2012","Mauritania","Riots","7","0"
"2012","Mauritania","Strategic developments","1","0"
"2012","Mauritania","Violence against civilians","4","2"
"2012","Morocco","Protests","58","1"
"2012","Morocco","Riots","19","0"
"2012","Morocco","Strategic developments","2","0"
"2012","Morocco","Violence against civilians","4","0"
"2012","Mozambique","Battles","5","6"
"2012","Mozambique","Protests","9","0"
"2012","Mozambique","Riots","2","0"
"2012","Mozambique","Strategic developments","5","0"
"2012","Mozambique","Violence against civilians","14","7"
"2012","Myanmar","Battles","326","586"
"2012","Myanmar","Explosions/Remote violence","68","226"
"2012","Myanmar","Protests","259","1"
"2012","Myanmar","Riots","25","27"
"2012","Myanmar","Strategic developments","43","4"
"2012","Myanmar","Violence against civilians","82","154"
"2012","Namibia","Protests","94","0"
"2012","Namibia","Strategic developments","3","0"
"2012","Namibia","Violence against civilians","1","1"
"2012","Nepal","Battles","5","1"
"2012","Nepal","Explosions/Remote violence","16","6"
"2012","Nepal","Protests","297","5"
"2012","Nepal","Riots","189","3"
"2012","Nepal","Strategic developments","18","0"
"2012","Nepal","Violence against civilians","18","4"
"2012","Niger","Battles","2","7"
"2012","Niger","Explosions/Remote violence","1","7"
"2012","Niger","Riots","2","0"
"2012","Niger","Strategic developments","1","0"
"2012","Niger","Violence against civilians","3","1"
"2012","Nigeria","Battles","250","886"
"2012","Nigeria","Explosions/Remote violence","111","594"
"2012","Nigeria","Protests","140","10"
"2012","Nigeria","Riots","45","96"
"2012","Nigeria","Strategic developments","46","0"
"2012","Nigeria","Violence against civilians","304","1349"
"2012","Pakistan","Battles","484","2376"
"2012","Pakistan","Explosions/Remote violence","906","2471"
"2012","Pakistan","Protests","4366","14"
"2012","Pakistan","Riots","393","85"
"2012","Pakistan","Strategic developments","74","14"
"2012","Pakistan","Violence against civilians","606","1052"
"2012","Republic of Congo","Protests","1","0"
"2012","Republic of Congo","Riots","3","1"
"2012","Republic of Congo","Strategic developments","1","0"
"2012","Republic of Congo","Violence against civilians","1","1"
"2012","Rwanda","Battles","4","13"
"2012","Rwanda","Explosions/Remote violence","5","2"
"2012","Rwanda","Strategic developments","12","0"
"2012","Rwanda","Violence against civilians","28","17"
"2012","Senegal","Battles","9","12"
"2012","Senegal","Explosions/Remote violence","3","0"
"2012","Senegal","Protests","21","1"
"2012","Senegal","Riots","13","9"
"2012","Senegal","Strategic developments","4","0"
"2012","Senegal","Violence against civilians","5","1"
"2012","Sierra Leone","Battles","2","0"
"2012","Sierra Leone","Protests","4","1"
"2012","Sierra Leone","Riots","5","2"
"2012","Sierra Leone","Strategic developments","2","0"
"2012","Sierra Leone","Violence against civilians","2","0"
"2012","Somalia","Battles","892","2326"
"2012","Somalia","Explosions/Remote violence","510","620"
"2012","Somalia","Protests","76","4"
"2012","Somalia","Riots","23","3"
"2012","Somalia","Strategic developments","240","2"
"2012","Somalia","Violence against civilians","418","433"
"2012","South Africa","Battles","22","21"
"2012","South Africa","Explosions/Remote violence","2","1"
"2012","South Africa","Protests","459","1"
"2012","South Africa","Riots","449","152"
"2012","South Africa","Strategic developments","6","0"
"2012","South Africa","Violence against civilians","117","84"
"2012","South Sudan","Battles","63","584"
"2012","South Sudan","Explosions/Remote violence","31","37"
"2012","South Sudan","Protests","13","8"
"2012","South Sudan","Riots","4","16"
"2012","South Sudan","Strategic developments","17","0"
"2012","South Sudan","Violence against civilians","87","491"
"2012","Sri Lanka","Explosions/Remote violence","12","1"
"2012","Sri Lanka","Protests","157","1"
"2012","Sri Lanka","Riots","55","29"
"2012","Sri Lanka","Strategic developments","1","0"
"2012","Sri Lanka","Violence against civilians","16","5"
"2012","Sudan","Battles","184","1858"
"2012","Sudan","Explosions/Remote violence","199","258"
"2012","Sudan","Protests","105","11"
"2012","Sudan","Riots","25","9"
"2012","Sudan","Strategic developments","42","0"
"2012","Sudan","Violence against civilians","188","175"
"2012","Tanzania","Battles","2","2"
"2012","Tanzania","Explosions/Remote violence","1","7"
"2012","Tanzania","Protests","28","5"
"2012","Tanzania","Riots","27","16"
"2012","Tanzania","Strategic developments","6","0"
"2012","Tanzania","Violence against civilians","27","27"
"2012","Thailand","Battles","158","112"
"2012","Thailand","Explosions/Remote violence","288","75"
"2012","Thailand","Protests","116","0"
"2012","Thailand","Riots","5","0"
"2012","Thailand","Strategic developments","340","0"
"2012","Thailand","Violence against civilians","131","156"
"2012","Togo","Protests","9","0"
"2012","Togo","Riots","6","0"
"2012","Togo","Strategic developments","2","0"
"2012","Togo","Violence against civilians","2","0"
"2012","Tunisia","Battles","18","7"
"2012","Tunisia","Protests","179","0"
"2012","Tunisia","Riots","81","6"
"2012","Tunisia","Strategic developments","29","0"
"2012","Tunisia","Violence against civilians","18","0"
"2012","Uganda","Battles","7","9"
"2012","Uganda","Protests","53","0"
"2012","Uganda","Riots","35","5"
"2012","Uganda","Strategic developments","22","0"
"2012","Uganda","Violence against civilians","24","6"
"2012","Vietnam","Protests","21","0"
"2012","Vietnam","Riots","5","0"
"2012","Vietnam","Strategic developments","2","0"
"2012","Vietnam","Violence against civilians","10","3"
"2012","Zambia","Battles","1","0"
"2012","Zambia","Protests","19","0"
"2012","Zambia","Riots","28","6"
"2012","Zambia","Strategic developments","6","0"
"2012","Zambia","Violence against civilians","9","6"
"2012","Zimbabwe","Battles","7","2"
"2012","Zimbabwe","Protests","43","0"
"2012","Zimbabwe","Riots","23","0"
"2012","Zimbabwe","Strategic developments","19","0"
"2012","Zimbabwe","Violence against civilians","108","12"
"2013","Algeria","Battles","79","273"
"2013","Algeria","Explosions/Remote violence","26","19"
"2013","Algeria","Protests","102","0"
"2013","Algeria","Riots","27","27"
"2013","Algeria","Strategic developments","15","0"
"2013","Algeria","Violence against civilians","13","14"
"2013","Angola","Explosions/Remote violence","1","1"
"2013","Angola","Protests","11","1"
"2013","Angola","Strategic developments","3","0"
"2013","Angola","Violence against civilians","7","4"
"2013","Bangladesh","Battles","199","150"
"2013","Bangladesh","Explosions/Remote violence","28","8"
"2013","Bangladesh","Protests","348","12"
"2013","Bangladesh","Riots","1801","397"
"2013","Bangladesh","Strategic developments","26","1"
"2013","Bangladesh","Violence against civilians","400","247"
"2013","Benin","Protests","7","0"
"2013","Benin","Riots","1","0"
"2013","Benin","Strategic developments","1","0"
"2013","Benin","Violence against civilians","1","0"
"2013","Botswana","Riots","1","0"
"2013","Burkina Faso","Battles","2","1"
"2013","Burkina Faso","Protests","26","0"
"2013","Burkina Faso","Riots","7","2"
"2013","Burkina Faso","Strategic developments","1","0"
"2013","Burkina Faso","Violence against civilians","3","5"
"2013","Burundi","Battles","3","2"
"2013","Burundi","Riots","2","0"
"2013","Burundi","Strategic developments","1","0"
"2013","Burundi","Violence against civilians","5","14"
"2013","Cambodia","Battles","3","0"
"2013","Cambodia","Explosions/Remote violence","1","0"
"2013","Cambodia","Protests","176","0"
"2013","Cambodia","Riots","39","8"
"2013","Cambodia","Strategic developments","27","13"
"2013","Cambodia","Violence against civilians","11","5"
"2013","Cameroon","Battles","13","17"
"2013","Cameroon","Protests","4","0"
"2013","Cameroon","Riots","7","1"
"2013","Cameroon","Strategic developments","6","0"
"2013","Cameroon","Violence against civilians","11","14"
"2013","Central African Republic","Battles","125","1220"
"2013","Central African Republic","Explosions/Remote violence","7","4"
"2013","Central African Republic","Protests","21","10"
"2013","Central African Republic","Riots","41","120"
"2013","Central African Republic","Strategic developments","69","0"
"2013","Central African Republic","Violence against civilians","246","1210"
"2013","Chad","Battles","2","5"
"2013","Chad","Protests","1","0"
"2013","Chad","Strategic developments","2","0"
"2013","Democratic Republic of Congo","Battles","377","1098"
"2013","Democratic Republic of Congo","Explosions/Remote violence","18","77"
"2013","Democratic Republic of Congo","Protests","39","0"
"2013","Democratic Republic of Congo","Riots","35","16"
"2013","Democratic Republic of Congo","Strategic developments","88","0"
"2013","Democratic Republic of Congo","Violence against civilians","275","787"
"2013","Djibouti","Protests","3","0"
"2013","Djibouti","Riots","3","6"
"2013","Djibouti","Strategic developments","1","0"
"2013","Djibouti","Violence against civilians","4","0"
"2013","Egypt","Battles","272","469"
"2013","Egypt","Explosions/Remote violence","97","88"
"2013","Egypt","Protests","1144","538"
"2013","Egypt","Riots","690","1293"
"2013","Egypt","Strategic developments","133","6"
"2013","Egypt","Violence against civilians","137","107"
"2013","Equatorial Guinea","Protests","1","0"
"2013","Eritrea","Battles","1","80"
"2013","Eritrea","Explosions/Remote violence","1","0"
"2013","Eritrea","Strategic developments","4","0"
"2013","Eritrea","Violence against civilians","2","38"
"2013","eSwatini","Protests","6","0"
"2013","eSwatini","Riots","4","0"
"2013","eSwatini","Strategic developments","3","0"
"2013","eSwatini","Violence against civilians","3","0"
"2013","Ethiopia","Battles","81","393"
"2013","Ethiopia","Explosions/Remote violence","3","28"
"2013","Ethiopia","Protests","15","0"
"2013","Ethiopia","Riots","13","31"
"2013","Ethiopia","Strategic developments","5","2"
"2013","Ethiopia","Violence against civilians","19","85"
"2013","Gabon","Protests","11","0"
"2013","Gabon","Riots","6","0"
"2013","Gabon","Strategic developments","2","0"
"2013","Gabon","Violence against civilians","1","0"
"2013","Gambia","Protests","1","0"
"2013","Gambia","Strategic developments","2","0"
"2013","Ghana","Battles","8","8"
"2013","Ghana","Protests","16","0"
"2013","Ghana","Riots","10","1"
"2013","Ghana","Violence against civilians","18","14"
"2013","Guinea","Battles","19","96"
"2013","Guinea","Protests","11","0"
"2013","Guinea","Riots","54","34"
"2013","Guinea","Strategic developments","3","0"
"2013","Guinea","Violence against civilians","7","1"
"2013","Guinea-Bissau","Riots","2","3"
"2013","Guinea-Bissau","Strategic developments","4","0"
"2013","Guinea-Bissau","Violence against civilians","1","0"
"2013","Ivory Coast","Battles","30","47"
"2013","Ivory Coast","Protests","20","0"
"2013","Ivory Coast","Riots","21","10"
"2013","Ivory Coast","Strategic developments","5","0"
"2013","Ivory Coast","Violence against civilians","21","19"
"2013","Kenya","Battles","95","250"
"2013","Kenya","Explosions/Remote violence","19","29"
"2013","Kenya","Protests","193","0"
"2013","Kenya","Riots","152","89"
"2013","Kenya","Strategic developments","14","5"
"2013","Kenya","Violence against civilians","181","399"
"2013","Laos","Violence against civilians","1","0"
"2013","Liberia","Battles","1","0"
"2013","Liberia","Protests","40","0"
"2013","Liberia","Riots","17","2"
"2013","Liberia","Strategic developments","2","0"
"2013","Liberia","Violence against civilians","6","1"
"2013","Libya","Battles","138","195"
"2013","Libya","Explosions/Remote violence","113","87"
"2013","Libya","Protests","121","45"
"2013","Libya","Riots","27","38"
"2013","Libya","Strategic developments","45","0"
"2013","Libya","Violence against civilians","110","78"
"2013","Madagascar","Battles","23","165"
"2013","Madagascar","Explosions/Remote violence","6","1"
"2013","Madagascar","Protests","11","1"
"2013","Madagascar","Riots","10","8"
"2013","Madagascar","Strategic developments","4","1"
"2013","Madagascar","Violence against civilians","17","5"
"2013","Malawi","Protests","8","0"
"2013","Malawi","Riots","10","1"
"2013","Malawi","Strategic developments","2","0"
"2013","Malawi","Violence against civilians","3","1"
"2013","Mali","Battles","104","547"
"2013","Mali","Explosions/Remote violence","71","191"
"2013","Mali","Protests","20","0"
"2013","Mali","Riots","16","7"
"2013","Mali","Strategic developments","46","0"
"2013","Mali","Violence against civilians","55","163"
"2013","Mauritania","Battles","1","0"
"2013","Mauritania","Protests","46","0"
"2013","Mauritania","Riots","7","0"
"2013","Mauritania","Strategic developments","2","0"
"2013","Mauritania","Violence against civilians","2","0"
"2013","Morocco","Protests","71","0"
"2013","Morocco","Riots","23","1"
"2013","Morocco","Violence against civilians","14","4"
"2013","Mozambique","Battles","23","116"
"2013","Mozambique","Explosions/Remote violence","1","3"
"2013","Mozambique","Protests","17","0"
"2013","Mozambique","Riots","14","3"
"2013","Mozambique","Strategic developments","5","0"
"2013","Mozambique","Violence against civilians","36","22"
"2013","Myanmar","Battles","347","300"
"2013","Myanmar","Explosions/Remote violence","62","43"
"2013","Myanmar","Protests","257","0"
"2013","Myanmar","Riots","47","97"
"2013","Myanmar","Strategic developments","33","0"
"2013","Myanmar","Violence against civilians","56","29"
"2013","Namibia","Protests","69","0"
"2013","Namibia","Riots","10","1"
"2013","Namibia","Violence against civilians","5","2"
"2013","Nepal","Battles","3","0"
"2013","Nepal","Explosions/Remote violence","25","2"
"2013","Nepal","Protests","275","0"
"2013","Nepal","Riots","260","2"
"2013","Nepal","Strategic developments","47","0"
"2013","Nepal","Violence against civilians","59","1"
"2013","Niger","Battles","5","5"
"2013","Niger","Explosions/Remote violence","2","23"
"2013","Niger","Protests","5","0"
"2013","Niger","Riots","8","1"
"2013","Niger","Strategic developments","3","0"
"2013","Niger","Violence against civilians","2","4"
"2013","Nigeria","Battles","312","2298"
"2013","Nigeria","Explosions/Remote violence","30","255"
"2013","Nigeria","Protests","274","13"
"2013","Nigeria","Riots","63","56"
"2013","Nigeria","Strategic developments","10","0"
"2013","Nigeria","Violence against civilians","361","2040"
"2013","Pakistan","Battles","426","1539"
"2013","Pakistan","Explosions/Remote violence","754","2161"
"2013","Pakistan","Protests","4017","4"
"2013","Pakistan","Riots","286","67"
"2013","Pakistan","Strategic developments","25","0"
"2013","Pakistan","Violence against civilians","424","660"
"2013","Republic of Congo","Battles","2","40"
"2013","Republic of Congo","Protests","1","0"
"2013","Rwanda","Battles","1","1"
"2013","Rwanda","Explosions/Remote violence","12","7"
"2013","Rwanda","Protests","4","0"
"2013","Rwanda","Riots","1","0"
"2013","Rwanda","Strategic developments","1","0"
"2013","Senegal","Battles","6","8"
"2013","Senegal","Explosions/Remote violence","2","3"
"2013","Senegal","Protests","26","0"
"2013","Senegal","Riots","19","0"
"2013","Senegal","Strategic developments","3","0"
"2013","Senegal","Violence against civilians","5","4"
"2013","Sierra Leone","Battles","1","2"
"2013","Sierra Leone","Protests","2","0"
"2013","Sierra Leone","Riots","3","2"
"2013","Sierra Leone","Strategic developments","1","0"
"2013","Sierra Leone","Violence against civilians","3","2"
"2013","Somalia","Battles","1481","1980"
"2013","Somalia","Explosions/Remote violence","605","540"
"2013","Somalia","Protests","172","4"
"2013","Somalia","Riots","49","11"
"2013","Somalia","Strategic developments","172","1"
"2013","Somalia","Violence against civilians","662","627"
"2013","South Africa","Battles","5","3"
"2013","South Africa","Explosions/Remote violence","1","2"
"2013","South Africa","Protests","556","0"
"2013","South Africa","Riots","393","57"
"2013","South Africa","Strategic developments","7","0"
"2013","South Africa","Violence against civilians","78","46"
"2013","South Sudan","Battles","158","1525"
"2013","South Sudan","Explosions/Remote violence","8","13"
"2013","South Sudan","Protests","10","0"
"2013","South Sudan","Riots","3","0"
"2013","South Sudan","Strategic developments","32","0"
"2013","South Sudan","Violence against civilians","216","2980"
"2013","Sri Lanka","Battles","4","1"
"2013","Sri Lanka","Explosions/Remote violence","3","1"
"2013","Sri Lanka","Protests","140","0"
"2013","Sri Lanka","Riots","68","4"
"2013","Sri Lanka","Strategic developments","4","0"
"2013","Sri Lanka","Violence against civilians","50","9"
"2013","Sudan","Battles","320","5596"
"2013","Sudan","Explosions/Remote violence","154","519"
"2013","Sudan","Protests","118","108"
"2013","Sudan","Riots","37","233"
"2013","Sudan","Strategic developments","61","0"
"2013","Sudan","Violence against civilians","348","396"
"2013","Tanzania","Battles","5","7"
"2013","Tanzania","Explosions/Remote violence","3","7"
"2013","Tanzania","Protests","12","0"
"2013","Tanzania","Riots","28","21"
"2013","Tanzania","Strategic developments","6","0"
"2013","Tanzania","Violence against civilians","22","10"
"2013","Thailand","Battles","169","130"
"2013","Thailand","Explosions/Remote violence","360","133"
"2013","Thailand","Protests","298","1"
"2013","Thailand","Riots","34","2"
"2013","Thailand","Strategic developments","231","0"
"2013","Thailand","Violence against civilians","150","168"
"2013","Togo","Battles","3","6"
"2013","Togo","Protests","32","2"
"2013","Togo","Riots","5","0"
"2013","Togo","Strategic developments","3","0"
"2013","Togo","Violence against civilians","1","0"
"2013","Tunisia","Battles","36","58"
"2013","Tunisia","Explosions/Remote violence","20","8"
"2013","Tunisia","Protests","146","1"
"2013","Tunisia","Riots","63","3"
"2013","Tunisia","Strategic developments","15","2"
"2013","Tunisia","Violence against civilians","20","5"
"2013","Uganda","Battles","6","24"
"2013","Uganda","Protests","52","1"
"2013","Uganda","Riots","34","0"
"2013","Uganda","Strategic developments","12","0"
"2013","Uganda","Violence against civilians","15","9"
"2013","Vietnam","Protests","10","0"
"2013","Vietnam","Riots","3","0"
"2013","Vietnam","Strategic developments","7","3"
"2013","Vietnam","Violence against civilians","12","4"
"2013","Zambia","Battles","3","2"
"2013","Zambia","Protests","37","2"
"2013","Zambia","Riots","31","6"
"2013","Zambia","Strategic developments","7","0"
"2013","Zambia","Violence against civilians","16","3"
"2013","Zimbabwe","Battles","1","0"
"2013","Zimbabwe","Protests","42","0"
"2013","Zimbabwe","Riots","19","3"
"2013","Zimbabwe","Strategic developments","16","0"
"2013","Zimbabwe","Violence against civilians","51","5"
"2014","Algeria","Battles","76","193"
"2014","Algeria","Explosions/Remote violence","7","11"
"2014","Algeria","Protests","128","0"
"2014","Algeria","Riots","49","14"
"2014","Algeria","Strategic developments","14","2"
"2014","Algeria","Violence against civilians","11","8"
"2014","Angola","Protests","6","0"
"2014","Angola","Strategic developments","1","0"
"2014","Angola","Violence against civilians","1","0"
"2014","Bangladesh","Battles","201","120"
"2014","Bangladesh","Explosions/Remote violence","8","0"
"2014","Bangladesh","Protests","138","1"
"2014","Bangladesh","Riots","490","117"
"2014","Bangladesh","Strategic developments","6","1"
"2014","Bangladesh","Violence against civilians","246","142"
"2014","Benin","Protests","6","0"
"2014","Benin","Riots","1","0"
"2014","Botswana","Protests","3","0"
"2014","Botswana","Riots","1","0"
"2014","Botswana","Violence against civilians","1","0"
"2014","Burkina Faso","Battles","13","7"
"2014","Burkina Faso","Protests","82","1"
"2014","Burkina Faso","Riots","19","27"
"2014","Burkina Faso","Strategic developments","6","0"
"2014","Burkina Faso","Violence against civilians","3","1"
"2014","Burundi","Battles","20","125"
"2014","Burundi","Explosions/Remote violence","5","2"
"2014","Burundi","Protests","10","0"
"2014","Burundi","Riots","7","2"
"2014","Burundi","Strategic developments","7","0"
"2014","Burundi","Violence against civilians","29","7"
"2014","Cambodia","Battles","2","0"
"2014","Cambodia","Protests","201","0"
"2014","Cambodia","Riots","25","5"
"2014","Cambodia","Strategic developments","18","10"
"2014","Cambodia","Violence against civilians","20","4"
"2014","Cameroon","Battles","70","1223"
"2014","Cameroon","Explosions/Remote violence","6","33"
"2014","Cameroon","Protests","6","0"
"2014","Cameroon","Riots","3","0"
"2014","Cameroon","Strategic developments","12","0"
"2014","Cameroon","Violence against civilians","25","121"
"2014","Central African Republic","Battles","255","1143"
"2014","Central African Republic","Explosions/Remote violence","30","105"
"2014","Central African Republic","Protests","43","4"
"2014","Central African Republic","Riots","104","94"
"2014","Central African Republic","Strategic developments","94","0"
"2014","Central African Republic","Violence against civilians","514","2263"
"2014","Chad","Battles","3","38"
"2014","Chad","Protests","7","1"
"2014","Chad","Riots","3","0"
"2014","Chad","Strategic developments","2","0"
"2014","Chad","Violence against civilians","5","11"
"2014","Democratic Republic of Congo","Battles","356","597"
"2014","Democratic Republic of Congo","Explosions/Remote violence","14","10"
"2014","Democratic Republic of Congo","Protests","121","3"
"2014","Democratic Republic of Congo","Riots","78","36"
"2014","Democratic Republic of Congo","Strategic developments","119","0"
"2014","Democratic Republic of Congo","Violence against civilians","347","575"
"2014","Djibouti","Battles","8","8"
"2014","Djibouti","Explosions/Remote violence","1","3"
"2014","Djibouti","Protests","1","0"
"2014","Djibouti","Strategic developments","4","0"
"2014","Djibouti","Violence against civilians","8","0"
"2014","Egypt","Battles","287","925"
"2014","Egypt","Explosions/Remote violence","183","178"
"2014","Egypt","Protests","465","9"
"2014","Egypt","Riots","404","136"
"2014","Egypt","Strategic developments","136","16"
"2014","Egypt","Violence against civilians","98","87"
"2014","Equatorial Guinea","Protests","2","0"
"2014","Eritrea","Protests","2","0"
"2014","Eritrea","Violence against civilians","1","10"
"2014","eSwatini","Battles","1","0"
"2014","eSwatini","Protests","7","0"
"2014","eSwatini","Riots","1","0"
"2014","eSwatini","Strategic developments","2","0"
"2014","Ethiopia","Battles","33","237"
"2014","Ethiopia","Explosions/Remote violence","2","2"
"2014","Ethiopia","Protests","75","37"
"2014","Ethiopia","Riots","4","16"
"2014","Ethiopia","Strategic developments","7","0"
"2014","Ethiopia","Violence against civilians","11","43"
"2014","Gabon","Protests","8","0"
"2014","Gabon","Riots","6","2"
"2014","Gambia","Protests","4","0"
"2014","Gambia","Strategic developments","1","0"
"2014","Gambia","Violence against civilians","5","3"
"2014","Ghana","Battles","5","9"
"2014","Ghana","Protests","24","0"
"2014","Ghana","Riots","11","2"
"2014","Ghana","Strategic developments","2","0"
"2014","Ghana","Violence against civilians","7","3"
"2014","Guinea","Battles","2","0"
"2014","Guinea","Protests","10","1"
"2014","Guinea","Riots","20","11"
"2014","Guinea","Strategic developments","4","0"
"2014","Guinea","Violence against civilians","2","1"
"2014","Guinea-Bissau","Explosions/Remote violence","1","22"
"2014","Guinea-Bissau","Strategic developments","2","0"
"2014","Guinea-Bissau","Violence against civilians","2","0"
"2014","Indonesia","Battles","2","4"
"2014","Indonesia","Protests","1","0"
"2014","Indonesia","Riots","1","0"
"2014","Ivory Coast","Battles","17","20"
"2014","Ivory Coast","Explosions/Remote violence","2","5"
"2014","Ivory Coast","Protests","35","0"
"2014","Ivory Coast","Riots","27","5"
"2014","Ivory Coast","Strategic developments","4","0"
"2014","Ivory Coast","Violence against civilians","15","3"
"2014","Kenya","Battles","72","241"
"2014","Kenya","Explosions/Remote violence","33","88"
"2014","Kenya","Protests","168","1"
"2014","Kenya","Riots","122","65"
"2014","Kenya","Strategic developments","9","1"
"2014","Kenya","Violence against civilians","70","215"
"2014","Laos","Protests","1","0"
"2014","Lesotho","Battles","3","1"
"2014","Lesotho","Strategic developments","7","0"
"2014","Liberia","Battles","1","0"
"2014","Liberia","Protests","52","0"
"2014","Liberia","Riots","45","25"
"2014","Liberia","Strategic developments","3","0"
"2014","Liberia","Violence against civilians","13","1"
"2014","Libya","Battles","605","2403"
"2014","Libya","Explosions/Remote violence","312","483"
"2014","Libya","Protests","189","5"
"2014","Libya","Riots","46","5"
"2014","Libya","Strategic developments","56","1"
"2014","Libya","Violence against civilians","409","475"
"2014","Madagascar","Battles","39","430"
"2014","Madagascar","Explosions/Remote violence","3","1"
"2014","Madagascar","Protests","21","0"
"2014","Madagascar","Riots","35","13"
"2014","Madagascar","Strategic developments","15","0"
"2014","Madagascar","Violence against civilians","20","21"
"2014","Malawi","Protests","9","0"
"2014","Malawi","Riots","19","8"
"2014","Malawi","Violence against civilians","7","3"
"2014","Mali","Battles","43","301"
"2014","Mali","Explosions/Remote violence","47","39"
"2014","Mali","Protests","17","0"
"2014","Mali","Riots","3","0"
"2014","Mali","Strategic developments","23","1"
"2014","Mali","Violence against civilians","25","41"
"2014","Mauritania","Protests","43","1"
"2014","Mauritania","Riots","6","0"
"2014","Mauritania","Violence against civilians","1","0"
"2014","Morocco","Battles","3","0"
"2014","Morocco","Explosions/Remote violence","2","1"
"2014","Morocco","Protests","84","0"
"2014","Morocco","Riots","25","2"
"2014","Morocco","Strategic developments","5","0"
"2014","Morocco","Violence against civilians","17","1"
"2014","Mozambique","Battles","56","43"
"2014","Mozambique","Explosions/Remote violence","2","0"
"2014","Mozambique","Protests","15","0"
"2014","Mozambique","Riots","29","3"
"2014","Mozambique","Strategic developments","9","0"
"2014","Mozambique","Violence against civilians","30","11"
"2014","Myanmar","Battles","286","356"
"2014","Myanmar","Explosions/Remote violence","65","53"
"2014","Myanmar","Protests","448","1"
"2014","Myanmar","Riots","17","8"
"2014","Myanmar","Strategic developments","15","0"
"2014","Myanmar","Violence against civilians","65","82"
"2014","Namibia","Battles","2","0"
"2014","Namibia","Protests","45","0"
"2014","Namibia","Riots","10","1"
"2014","Namibia","Violence against civilians","7","4"
"2014","Nepal","Battles","1","0"
"2014","Nepal","Explosions/Remote violence","6","2"
"2014","Nepal","Protests","180","0"
"2014","Nepal","Riots","53","2"
"2014","Nepal","Strategic developments","1","0"
"2014","Nepal","Violence against civilians","7","2"
"2014","Niger","Battles","8","38"
"2014","Niger","Protests","3","0"
"2014","Niger","Riots","3","0"
"2014","Niger","Strategic developments","4","0"
"2014","Niger","Violence against civilians","2","0"
"2014","Nigeria","Battles","303","4072"
"2014","Nigeria","Explosions/Remote violence","79","1315"
"2014","Nigeria","Protests","462","7"
"2014","Nigeria","Riots","161","203"
"2014","Nigeria","Strategic developments","30","43"
"2014","Nigeria","Violence against civilians","490","5764"
"2014","Pakistan","Battles","535","1860"
"2014","Pakistan","Explosions/Remote violence","716","2865"
"2014","Pakistan","Protests","2309","0"
"2014","Pakistan","Riots","184","53"
"2014","Pakistan","Strategic developments","28","0"
"2014","Pakistan","Violence against civilians","357","630"
"2014","Republic of Congo","Battles","1","11"
"2014","Republic of Congo","Protests","4","0"
"2014","Republic of Congo","Riots","2","0"
"2014","Republic of Congo","Strategic developments","4","0"
"2014","Republic of Congo","Violence against civilians","8","0"
"2014","Rwanda","Battles","1","1"
"2014","Rwanda","Explosions/Remote violence","3","1"
"2014","Rwanda","Protests","4","0"
"2014","Rwanda","Riots","1","2"
"2014","Rwanda","Strategic developments","2","0"
"2014","Rwanda","Violence against civilians","1","0"
"2014","Senegal","Battles","2","0"
"2014","Senegal","Explosions/Remote violence","1","7"
"2014","Senegal","Protests","63","0"
"2014","Senegal","Riots","48","4"
"2014","Senegal","Strategic developments","5","0"
"2014","Senegal","Violence against civilians","10","0"
"2014","Sierra Leone","Battles","1","2"
"2014","Sierra Leone","Protests","3","0"
"2014","Sierra Leone","Riots","8","0"
"2014","Sierra Leone","Violence against civilians","4","0"
"2014","Somalia","Battles","1537","2890"
"2014","Somalia","Explosions/Remote violence","492","956"
"2014","Somalia","Protests","158","5"
"2014","Somalia","Riots","47","15"
"2014","Somalia","Strategic developments","119","0"
"2014","Somalia","Violence against civilians","581","596"
"2014","South Africa","Battles","2","2"
"2014","South Africa","Explosions/Remote violence","2","0"
"2014","South Africa","Protests","488","2"
"2014","South Africa","Riots","499","95"
"2014","South Africa","Strategic developments","5","0"
"2014","South Africa","Violence against civilians","95","56"
"2014","South Sudan","Battles","523","4302"
"2014","South Sudan","Explosions/Remote violence","45","81"
"2014","South Sudan","Protests","46","5"
"2014","South Sudan","Riots","23","6"
"2014","South Sudan","Strategic developments","88","0"
"2014","South Sudan","Violence against civilians","264","1866"
"2014","Sri Lanka","Battles","2","3"
"2014","Sri Lanka","Explosions/Remote violence","2","0"
"2014","Sri Lanka","Protests","104","0"
"2014","Sri Lanka","Riots","19","1"
"2014","Sri Lanka","Strategic developments","2","0"
"2014","Sri Lanka","Violence against civilians","28","2"
"2014","Sudan","Battles","268","3088"
"2014","Sudan","Explosions/Remote violence","151","225"
"2014","Sudan","Protests","171","13"
"2014","Sudan","Riots","29","2"
"2014","Sudan","Strategic developments","111","0"
"2014","Sudan","Violence against civilians","634","856"
"2014","Tanzania","Battles","8","18"
"2014","Tanzania","Explosions/Remote violence","10","6"
"2014","Tanzania","Protests","18","0"
"2014","Tanzania","Riots","17","12"
"2014","Tanzania","Strategic developments","3","0"
"2014","Tanzania","Violence against civilians","13","1"
"2014","Thailand","Battles","177","112"
"2014","Thailand","Explosions/Remote violence","274","56"
"2014","Thailand","Protests","388","11"
"2014","Thailand","Riots","21","5"
"2014","Thailand","Strategic developments","174","8"
"2014","Thailand","Violence against civilians","254","229"
"2014","Togo","Protests","10","0"
"2014","Togo","Riots","3","0"
"2014","Togo","Violence against civilians","1","0"
"2014","Tunisia","Battles","54","78"
"2014","Tunisia","Explosions/Remote violence","34","12"
"2014","Tunisia","Protests","126","0"
"2014","Tunisia","Riots","68","3"
"2014","Tunisia","Strategic developments","6","0"
"2014","Tunisia","Violence against civilians","14","11"
"2014","Uganda","Battles","13","99"
"2014","Uganda","Explosions/Remote violence","1","0"
"2014","Uganda","Protests","24","0"
"2014","Uganda","Riots","21","6"
"2014","Uganda","Strategic developments","12","0"
"2014","Uganda","Violence against civilians","43","90"
"2014","Vietnam","Battles","1","7"
"2014","Vietnam","Protests","18","0"
"2014","Vietnam","Riots","12","21"
"2014","Vietnam","Strategic developments","5","0"
"2014","Vietnam","Violence against civilians","13","1"
"2014","Yemen","Battles","3","18"
"2014","Yemen","Explosions/Remote violence","6","8"
"2014","Yemen","Riots","2","0"
"2014","Yemen","Violence against civilians","4","1"
"2014","Zambia","Battles","6","0"
"2014","Zambia","Explosions/Remote violence","1","1"
"2014","Zambia","Protests","33","0"
"2014","Zambia","Riots","40","1"
"2014","Zambia","Strategic developments","9","0"
"2014","Zambia","Violence against civilians","26","5"
"2014","Zimbabwe","Battles","5","0"
"2014","Zimbabwe","Explosions/Remote violence","2","1"
"2014","Zimbabwe","Protests","78","0"
"2014","Zimbabwe","Riots","40","0"
"2014","Zimbabwe","Strategic developments","8","0"
"2014","Zimbabwe","Violence against civilians","66","6"
"2015","Algeria","Battles","60","150"
"2015","Algeria","Explosions/Remote violence","3","1"
"2015","Algeria","Protests","238","0"
"2015","Algeria","Riots","37","1"
"2015","Algeria","Strategic developments","12","0"
"2015","Algeria","Violence against civilians","3","2"
"2015","Angola","Battles","1","22"
"2015","Angola","Explosions/Remote violence","2","1"
"2015","Angola","Protests","6","0"
"2015","Angola","Riots","1","0"
"2015","Angola","Strategic developments","3","0"
"2015","Angola","Violence against civilians","1","0"
"2015","Bahrain","Protests","8","0"
"2015","Bahrain","Riots","4","0"
"2015","Bangladesh","Battles","135","127"
"2015","Bangladesh","Explosions/Remote violence","47","9"
"2015","Bangladesh","Protests","363","1"
"2015","Bangladesh","Riots","1178","248"
"2015","Bangladesh","Strategic developments","26","0"
"2015","Bangladesh","Violence against civilians","181","115"
"2015","Benin","Battles","2","1"
"2015","Benin","Protests","3","0"
"2015","Benin","Riots","2","0"
"2015","Benin","Violence against civilians","1","2"
"2015","Botswana","Protests","1","0"
"2015","Botswana","Riots","1","0"
"2015","Botswana","Strategic developments","1","0"
"2015","Botswana","Violence against civilians","1","0"
"2015","Burkina Faso","Battles","7","9"
"2015","Burkina Faso","Protests","61","3"
"2015","Burkina Faso","Riots","39","10"
"2015","Burkina Faso","Strategic developments","5","0"
"2015","Burkina Faso","Violence against civilians","4","1"
"2015","Burundi","Battles","188","442"
"2015","Burundi","Explosions/Remote violence","150","57"
"2015","Burundi","Protests","212","13"
"2015","Burundi","Riots","243","50"
"2015","Burundi","Strategic developments","237","2"
"2015","Burundi","Violence against civilians","551","488"
"2015","Cambodia","Battles","1","2"
"2015","Cambodia","Protests","127","0"
"2015","Cambodia","Riots","7","0"
"2015","Cambodia","Strategic developments","8","3"
"2015","Cambodia","Violence against civilians","4","4"
"2015","Cameroon","Battles","42","959"
"2015","Cameroon","Explosions/Remote violence","26","202"
"2015","Cameroon","Protests","16","0"
"2015","Cameroon","Riots","2","0"
"2015","Cameroon","Strategic developments","12","0"
"2015","Cameroon","Violence against civilians","35","267"
"2015","Central African Republic","Battles","91","191"
"2015","Central African Republic","Explosions/Remote violence","8","11"
"2015","Central African Republic","Protests","42","3"
"2015","Central African Republic","Riots","48","54"
"2015","Central African Republic","Strategic developments","30","0"
"2015","Central African Republic","Violence against civilians","133","264"
"2015","Chad","Battles","17","233"
"2015","Chad","Explosions/Remote violence","7","145"
"2015","Chad","Protests","3","0"
"2015","Chad","Riots","3","9"
"2015","Chad","Strategic developments","3","0"
"2015","Chad","Violence against civilians","7","42"
"2015","Democratic Republic of Congo","Battles","294","776"
"2015","Democratic Republic of Congo","Explosions/Remote violence","6","13"
"2015","Democratic Republic of Congo","Protests","141","0"
"2015","Democratic Republic of Congo","Riots","80","65"
"2015","Democratic Republic of Congo","Strategic developments","70","0"
"2015","Democratic Republic of Congo","Violence against civilians","250","936"
"2015","Djibouti","Battles","1","27"
"2015","Djibouti","Protests","2","0"
"2015","Djibouti","Strategic developments","2","0"
"2015","Djibouti","Violence against civilians","4","0"
"2015","Egypt","Battles","308","1746"
"2015","Egypt","Explosions/Remote violence","316","660"
"2015","Egypt","Protests","214","5"
"2015","Egypt","Riots","88","31"
"2015","Egypt","Strategic developments","113","17"
"2015","Egypt","Violence against civilians","178","394"
"2015","Equatorial Guinea","Violence against civilians","1","0"
"2015","Eritrea","Battles","2","3"
"2015","Eritrea","Explosions/Remote violence","3","0"
"2015","eSwatini","Protests","2","0"
"2015","eSwatini","Riots","1","0"
"2015","eSwatini","Violence against civilians","5","3"
"2015","Ethiopia","Battles","66","566"
"2015","Ethiopia","Explosions/Remote violence","4","16"
"2015","Ethiopia","Protests","288","167"
"2015","Ethiopia","Riots","9","12"
"2015","Ethiopia","Strategic developments","2","0"
"2015","Ethiopia","Violence against civilians","17","52"
"2015","Gabon","Protests","13","0"
"2015","Gabon","Riots","5","0"
"2015","Gabon","Strategic developments","1","0"
"2015","Gabon","Violence against civilians","1","0"
"2015","Gambia","Protests","14","0"
"2015","Gambia","Riots","2","0"
"2015","Gambia","Strategic developments","1","0"
"2015","Gambia","Violence against civilians","4","0"
"2015","Ghana","Battles","10","19"
"2015","Ghana","Protests","37","0"
"2015","Ghana","Riots","32","5"
"2015","Ghana","Strategic developments","3","0"
"2015","Ghana","Violence against civilians","10","8"
"2015","Guinea","Battles","2","2"
"2015","Guinea","Explosions/Remote violence","1","1"
"2015","Guinea","Protests","8","0"
"2015","Guinea","Riots","37","29"
"2015","Guinea","Strategic developments","1","0"
"2015","Guinea","Violence against civilians","5","2"
"2015","Guinea-Bissau","Protests","1","0"
"2015","Guinea-Bissau","Violence against civilians","1","1"
"2015","India","Battles","2","3"
"2015","India","Protests","12","0"
"2015","India","Riots","3","0"
"2015","Indian Ocean","Explosions/Remote violence","3","0"
"2015","Indonesia","Battles","30","38"
"2015","Indonesia","Explosions/Remote violence","5","0"
"2015","Indonesia","Protests","406","5"
"2015","Indonesia","Riots","78","17"
"2015","Indonesia","Strategic developments","17","0"
"2015","Indonesia","Violence against civilians","65","39"
"2015","Iran","Protests","2","0"
"2015","Iraq","Battles","8","46"
"2015","Iraq","Explosions/Remote violence","13","77"
"2015","Iraq","Strategic developments","1","0"
"2015","Iraq","Violence against civilians","1","0"
"2015","Israel","Explosions/Remote violence","1","0"
"2015","Israel","Protests","1","0"
"2015","Israel","Violence against civilians","1","2"
"2015","Ivory Coast","Battles","4","14"
"2015","Ivory Coast","Protests","28","0"
"2015","Ivory Coast","Riots","34","10"
"2015","Ivory Coast","Strategic developments","2","0"
"2015","Ivory Coast","Violence against civilians","3","0"
"2015","Kenya","Battles","42","156"
"2015","Kenya","Explosions/Remote violence","12","40"
"2015","Kenya","Protests","108","1"
"2015","Kenya","Riots","119","47"
"2015","Kenya","Strategic developments","14","0"
"2015","Kenya","Violence against civilians","53","283"
"2015","Laos","Battles","7","3"
"2015","Laos","Protests","1","0"
"2015","Laos","Violence against civilians","1","2"
"2015","Lebanon","Explosions/Remote violence","2","0"
"2015","Lesotho","Battles","1","1"
"2015","Lesotho","Protests","1","0"
"2015","Lesotho","Riots","1","1"
"2015","Lesotho","Violence against civilians","3","2"
"2015","Liberia","Protests","37","0"
"2015","Liberia","Riots","23","1"
"2015","Liberia","Strategic developments","1","0"
"2015","Liberia","Violence against civilians","9","3"
"2015","Libya","Battles","520","1987"
"2015","Libya","Explosions/Remote violence","395","715"
"2015","Libya","Protests","171","18"
"2015","Libya","Riots","24","12"
"2015","Libya","Strategic developments","89","0"
"2015","Libya","Violence against civilians","223","335"
"2015","Madagascar","Battles","21","146"
"2015","Madagascar","Explosions/Remote violence","2","4"
"2015","Madagascar","Protests","24","0"
"2015","Madagascar","Riots","40","35"
"2015","Madagascar","Strategic developments","6","0"
"2015","Madagascar","Violence against civilians","8","7"
"2015","Malawi","Battles","2","2"
"2015","Malawi","Protests","22","0"
"2015","Malawi","Riots","25","9"
"2015","Malawi","Violence against civilians","4","1"
"2015","Mali","Battles","98","343"
"2015","Mali","Explosions/Remote violence","28","27"
"2015","Mali","Protests","10","0"
"2015","Mali","Riots","5","5"
"2015","Mali","Strategic developments","8","0"
"2015","Mali","Violence against civilians","27","59"
"2015","Mauritania","Battles","2","0"
"2015","Mauritania","Protests","30","0"
"2015","Mauritania","Riots","5","0"
"2015","Mauritania","Violence against civilians","2","1"
"2015","Morocco","Explosions/Remote violence","1","0"
"2015","Morocco","Protests","94","0"
"2015","Morocco","Riots","22","3"
"2015","Morocco","Strategic developments","2","0"
"2015","Morocco","Violence against civilians","7","1"
"2015","Mozambique","Battles","13","41"
"2015","Mozambique","Protests","11","0"
"2015","Mozambique","Riots","10","3"
"2015","Mozambique","Strategic developments","5","0"
"2015","Mozambique","Violence against civilians","5","4"
"2015","Myanmar","Battles","632","1096"
"2015","Myanmar","Explosions/Remote violence","89","28"
"2015","Myanmar","Protests","325","0"
"2015","Myanmar","Riots","10","0"
"2015","Myanmar","Strategic developments","24","0"
"2015","Myanmar","Violence against civilians","96","163"
"2015","Namibia","Explosions/Remote violence","2","2"
"2015","Namibia","Protests","60","0"
"2015","Namibia","Riots","12","2"
"2015","Nepal","Battles","4","1"
"2015","Nepal","Explosions/Remote violence","4","0"
"2015","Nepal","Protests","371","6"
"2015","Nepal","Riots","360","43"
"2015","Nepal","Strategic developments","3","0"
"2015","Nepal","Violence against civilians","10","1"
"2015","Niger","Battles","32","802"
"2015","Niger","Explosions/Remote violence","7","57"
"2015","Niger","Protests","7","0"
"2015","Niger","Riots","6","6"
"2015","Niger","Strategic developments","5","4"
"2015","Niger","Violence against civilians","15","119"
"2015","Nigeria","Battles","295","3537"
"2015","Nigeria","Explosions/Remote violence","134","1934"
"2015","Nigeria","Protests","546","8"
"2015","Nigeria","Riots","268","348"
"2015","Nigeria","Strategic developments","39","10"
"2015","Nigeria","Violence against civilians","399","5260"
"2015","Pakistan","Battles","567","1967"
"2015","Pakistan","Explosions/Remote violence","495","1952"
"2015","Pakistan","Protests","3225","2"
"2015","Pakistan","Riots","227","63"
"2015","Pakistan","Strategic developments","70","10"
"2015","Pakistan","Violence against civilians","305","499"
"2015","Palestine","Riots","1","0"
"2015","Palestine","Strategic developments","1","0"
"2015","Philippines","Battles","1","0"
"2015","Republic of Congo","Protests","9","0"
"2015","Republic of Congo","Riots","15","4"
"2015","Republic of Congo","Strategic developments","3","0"
"2015","Republic of Congo","Violence against civilians","3","0"
"2015","Rwanda","Battles","1","1"
"2015","Rwanda","Protests","22","0"
"2015","Rwanda","Riots","1","0"
"2015","Rwanda","Strategic developments","2","0"
"2015","Rwanda","Violence against civilians","3","3"
"2015","Saudi Arabia","Battles","68","453"
"2015","Saudi Arabia","Explosions/Remote violence","362","419"
"2015","Saudi Arabia","Protests","1","0"
"2015","Saudi Arabia","Strategic developments","12","0"
"2015","Saudi Arabia","Violence against civilians","3","6"
"2015","Senegal","Battles","5","0"
"2015","Senegal","Protests","70","0"
"2015","Senegal","Riots","13","1"
"2015","Senegal","Strategic developments","5","0"
"2015","Senegal","Violence against civilians","2","0"
"2015","Sierra Leone","Protests","15","0"
"2015","Sierra Leone","Riots","7","0"
"2015","Sierra Leone","Violence against civilians","4","2"
"2015","Somalia","Battles","1247","2788"
"2015","Somalia","Explosions/Remote violence","318","782"
"2015","Somalia","Protests","136","1"
"2015","Somalia","Riots","73","5"
"2015","Somalia","Strategic developments","102","1"
"2015","Somalia","Violence against civilians","482","560"
"2015","South Africa","Battles","12","7"
"2015","South Africa","Explosions/Remote violence","1","0"
"2015","South Africa","Protests","600","1"
"2015","South Africa","Riots","797","133"
"2015","South Africa","Strategic developments","1","0"
"2015","South Africa","Violence against civilians","102","71"
"2015","South Sudan","Battles","427","2268"
"2015","South Sudan","Explosions/Remote violence","66","61"
"2015","South Sudan","Protests","31","0"
"2015","South Sudan","Riots","15","23"
"2015","South Sudan","Strategic developments","33","0"
"2015","South Sudan","Violence against civilians","316","1215"
"2015","Sri Lanka","Battles","5","0"
"2015","Sri Lanka","Explosions/Remote violence","6","2"
"2015","Sri Lanka","Protests","214","1"
"2015","Sri Lanka","Riots","38","2"
"2015","Sri Lanka","Strategic developments","1","0"
"2015","Sri Lanka","Violence against civilians","12","4"
"2015","Sudan","Battles","311","2445"
"2015","Sudan","Explosions/Remote violence","201","256"
"2015","Sudan","Protests","131","5"
"2015","Sudan","Riots","29","4"
"2015","Sudan","Strategic developments","41","0"
"2015","Sudan","Violence against civilians","655","746"
"2015","Tanzania","Battles","11","25"
"2015","Tanzania","Explosions/Remote violence","3","0"
"2015","Tanzania","Protests","22","0"
"2015","Tanzania","Riots","24","6"
"2015","Tanzania","Strategic developments","9","0"
"2015","Tanzania","Violence against civilians","7","3"
"2015","Thailand","Battles","117","86"
"2015","Thailand","Explosions/Remote violence","216","53"
"2015","Thailand","Protests","180","1"
"2015","Thailand","Riots","9","1"
"2015","Thailand","Strategic developments","128","5"
"2015","Thailand","Violence against civilians","130","105"
"2015","Togo","Protests","12","0"
"2015","Togo","Riots","4","6"
"2015","Togo","Violence against civilians","2","2"
"2015","Tunisia","Battles","34","78"
"2015","Tunisia","Explosions/Remote violence","17","16"
"2015","Tunisia","Protests","314","1"
"2015","Tunisia","Riots","54","0"
"2015","Tunisia","Strategic developments","26","0"
"2015","Tunisia","Violence against civilians","22","66"
"2015","Turkey","Battles","4","10"
"2015","Turkey","Explosions/Remote violence","2","3"
"2015","Turkey","Riots","1","0"
"2015","Turkey","Violence against civilians","1","1"
"2015","Uganda","Battles","12","7"
"2015","Uganda","Explosions/Remote violence","2","2"
"2015","Uganda","Protests","77","0"
"2015","Uganda","Riots","76","8"
"2015","Uganda","Strategic developments","17","0"
"2015","Uganda","Violence against civilians","31","12"
"2015","Vietnam","Battles","1","0"
"2015","Vietnam","Protests","47","0"
"2015","Vietnam","Riots","4","0"
"2015","Vietnam","Violence against civilians","30","3"
"2015","Yemen","Battles","2027","9157"
"2015","Yemen","Explosions/Remote violence","5300","8114"
"2015","Yemen","Protests","232","14"
"2015","Yemen","Riots","51","34"
"2015","Yemen","Strategic developments","229","30"
"2015","Yemen","Violence against civilians","238","228"
"2015","Zambia","Battles","8","2"
"2015","Zambia","Protests","39","0"
"2015","Zambia","Riots","31","4"
"2015","Zambia","Strategic developments","4","0"
"2015","Zambia","Violence against civilians","25","3"
"2015","Zimbabwe","Battles","4","0"
"2015","Zimbabwe","Protests","97","0"
"2015","Zimbabwe","Riots","60","12"
"2015","Zimbabwe","Strategic developments","6","0"
"2015","Zimbabwe","Violence against civilians","96","7"
"2016","Afghanistan","Battles","165","531"
"2016","Afghanistan","Explosions/Remote violence","71","125"
"2016","Afghanistan","Protests","2","0"
"2016","Afghanistan","Riots","1","0"
"2016","Afghanistan","Strategic developments","6","1"
"2016","Afghanistan","Violence against civilians","13","9"
"2016","Algeria","Battles","49","124"
"2016","Algeria","Explosions/Remote violence","5","2"
"2016","Algeria","Protests","237","0"
"2016","Algeria","Riots","59","2"
"2016","Algeria","Strategic developments","26","0"
"2016","Algeria","Violence against civilians","5","4"
"2016","Angola","Battles","15","91"
"2016","Angola","Protests","19","1"
"2016","Angola","Riots","3","1"
"2016","Angola","Strategic developments","1","0"
"2016","Angola","Violence against civilians","10","22"
"2016","Bahrain","Battles","2","1"
"2016","Bahrain","Explosions/Remote violence","2","1"
"2016","Bahrain","Protests","2068","0"
"2016","Bahrain","Riots","1121","3"
"2016","Bahrain","Strategic developments","14","0"
"2016","Bahrain","Violence against civilians","5","0"
"2016","Bangladesh","Battles","129","195"
"2016","Bangladesh","Explosions/Remote violence","11","3"
"2016","Bangladesh","Protests","281","3"
"2016","Bangladesh","Riots","274","104"
"2016","Bangladesh","Strategic developments","6","0"
"2016","Bangladesh","Violence against civilians","143","120"
"2016","Benin","Battles","3","11"
"2016","Benin","Protests","8","1"
"2016","Benin","Riots","2","8"
"2016","Benin","Strategic developments","1","0"
"2016","Benin","Violence against civilians","3","2"
"2016","Botswana","Protests","2","0"
"2016","Botswana","Riots","3","1"
"2016","Botswana","Violence against civilians","1","0"
"2016","Burkina Faso","Battles","15","36"
"2016","Burkina Faso","Protests","46","0"
"2016","Burkina Faso","Riots","30","7"
"2016","Burkina Faso","Strategic developments","5","0"
"2016","Burkina Faso","Violence against civilians","10","39"
"2016","Burundi","Battles","63","41"
"2016","Burundi","Explosions/Remote violence","117","48"
"2016","Burundi","Protests","94","0"
"2016","Burundi","Riots","28","9"
"2016","Burundi","Strategic developments","221","1"
"2016","Burundi","Violence against civilians","668","353"
"2016","Cambodia","Battles","1","0"
"2016","Cambodia","Protests","193","0"
"2016","Cambodia","Riots","15","1"
"2016","Cambodia","Strategic developments","11","3"
"2016","Cambodia","Violence against civilians","4","2"
"2016","Cameroon","Battles","92","340"
"2016","Cameroon","Explosions/Remote violence","54","180"
"2016","Cameroon","Protests","24","0"
"2016","Cameroon","Riots","18","11"
"2016","Cameroon","Strategic developments","26","0"
"2016","Cameroon","Violence against civilians","92","193"
"2016","Central African Republic","Battles","92","452"
"2016","Central African Republic","Explosions/Remote violence","2","1"
"2016","Central African Republic","Protests","26","0"
"2016","Central African Republic","Riots","18","8"
"2016","Central African Republic","Strategic developments","37","0"
"2016","Central African Republic","Violence against civilians","128","287"
"2016","Chad","Battles","3","22"
"2016","Chad","Explosions/Remote violence","4","13"
"2016","Chad","Protests","23","2"
"2016","Chad","Riots","5","4"
"2016","Chad","Strategic developments","1","0"
"2016","Chad","Violence against civilians","4","4"
"2016","Democratic Republic of Congo","Battles","341","925"
"2016","Democratic Republic of Congo","Explosions/Remote violence","7","4"
"2016","Democratic Republic of Congo","Protests","143","1"
"2016","Democratic Republic of Congo","Riots","104","144"
"2016","Democratic Republic of Congo","Strategic developments","115","0"
"2016","Democratic Republic of Congo","Violence against civilians","272","746"
"2016","Djibouti","Battles","2","0"
"2016","Djibouti","Protests","1","0"
"2016","Djibouti","Violence against civilians","2","0"
"2016","Egypt","Battles","194","1043"
"2016","Egypt","Explosions/Remote violence","149","575"
"2016","Egypt","Protests","222","0"
"2016","Egypt","Riots","40","9"
"2016","Egypt","Strategic developments","30","0"
"2016","Egypt","Violence against civilians","111","106"
"2016","Equatorial Guinea","Protests","1","0"
"2016","Equatorial Guinea","Strategic developments","5","0"
"2016","Equatorial Guinea","Violence against civilians","2","0"
"2016","Eritrea","Battles","3","35"
"2016","Eritrea","Explosions/Remote violence","1","0"
"2016","Eritrea","Strategic developments","1","0"
"2016","Eritrea","Violence against civilians","2","2"
"2016","eSwatini","Protests","4","0"
"2016","eSwatini","Riots","2","0"
"2016","Ethiopia","Battles","151","1057"
"2016","Ethiopia","Explosions/Remote violence","12","15"
"2016","Ethiopia","Protests","785","484"
"2016","Ethiopia","Riots","106","263"
"2016","Ethiopia","Strategic developments","27","0"
"2016","Ethiopia","Violence against civilians","137","772"
"2016","Gabon","Battles","1","2"
"2016","Gabon","Protests","9","0"
"2016","Gabon","Riots","11","2"
"2016","Gabon","Strategic developments","4","0"
"2016","Gabon","Violence against civilians","1","3"
"2016","Gambia","Battles","1","0"
"2016","Gambia","Protests","5","3"
"2016","Gambia","Riots","1","0"
"2016","Gambia","Strategic developments","7","0"
"2016","Gambia","Violence against civilians","2","1"
"2016","Ghana","Battles","10","19"
"2016","Ghana","Protests","60","0"
"2016","Ghana","Riots","36","17"
"2016","Ghana","Strategic developments","4","0"
"2016","Ghana","Violence against civilians","11","6"
"2016","Guinea","Battles","3","0"
"2016","Guinea","Protests","11","1"
"2016","Guinea","Riots","27","3"
"2016","Guinea","Strategic developments","2","0"
"2016","Guinea","Violence against civilians","5","2"
"2016","Guinea-Bissau","Protests","2","0"
"2016","Guinea-Bissau","Riots","1","0"
"2016","India","Battles","709","1016"
"2016","India","Explosions/Remote violence","232","69"
"2016","India","Protests","9927","80"
"2016","India","Riots","2121","196"
"2016","India","Strategic developments","124","8"
"2016","India","Violence against civilians","497","314"
"2016","Indian Ocean","Explosions/Remote violence","12","0"
"2016","Indian Ocean","Protests","1","0"
"2016","Indian Ocean","Strategic developments","9","0"
"2016","Indian Ocean","Violence against civilians","5","0"
"2016","Indonesia","Battles","14","26"
"2016","Indonesia","Protests","316","1"
"2016","Indonesia","Riots","49","8"
"2016","Indonesia","Strategic developments","9","0"
"2016","Indonesia","Violence against civilians","46","17"
"2016","Iran","Battles","57","234"
"2016","Iran","Explosions/Remote violence","5","2"
"2016","Iran","Protests","1619","0"
"2016","Iran","Riots","30","6"
"2016","Iran","Strategic developments","56","5"
"2016","Iran","Violence against civilians","23","22"
"2016","Iraq","Battles","2697","25520"
"2016","Iraq","Explosions/Remote violence","6497","26116"
"2016","Iraq","Protests","133","27"
"2016","Iraq","Riots","15","0"
"2016","Iraq","Strategic developments","616","299"
"2016","Iraq","Violence against civilians","630","5773"
"2016","Israel","Battles","14","3"
"2016","Israel","Explosions/Remote violence","12","1"
"2016","Israel","Protests","129","0"
"2016","Israel","Riots","20","0"
"2016","Israel","Strategic developments","21","0"
"2016","Israel","Violence against civilians","15","11"
"2016","Ivory Coast","Battles","12","62"
"2016","Ivory Coast","Protests","20","0"
"2016","Ivory Coast","Riots","35","23"
"2016","Ivory Coast","Strategic developments","2","0"
"2016","Ivory Coast","Violence against civilians","3","4"
"2016","Jordan","Battles","9","54"
"2016","Jordan","Explosions/Remote violence","4","8"
"2016","Jordan","Protests","88","0"
"2016","Jordan","Riots","7","0"
"2016","Jordan","Strategic developments","3","0"
"2016","Jordan","Violence against civilians","2","4"
"2016","Kenya","Battles","49","111"
"2016","Kenya","Explosions/Remote violence","12","34"
"2016","Kenya","Protests","92","6"
"2016","Kenya","Riots","111","42"
"2016","Kenya","Strategic developments","10","0"
"2016","Kenya","Violence against civilians","39","59"
"2016","Kuwait","Battles","1","0"
"2016","Kuwait","Protests","10","0"
"2016","Kuwait","Strategic developments","1","0"
"2016","Laos","Battles","2","4"
"2016","Laos","Explosions/Remote violence","1","2"
"2016","Laos","Violence against civilians","5","3"
"2016","Lebanon","Battles","140","142"
"2016","Lebanon","Explosions/Remote violence","140","52"
"2016","Lebanon","Protests","462","0"
"2016","Lebanon","Riots","75","3"
"2016","Lebanon","Strategic developments","42","2"
"2016","Lebanon","Violence against civilians","70","22"
"2016","Lesotho","Violence against civilians","5","4"
"2016","Liberia","Battles","3","3"
"2016","Liberia","Protests","25","0"
"2016","Liberia","Riots","26","3"
"2016","Liberia","Strategic developments","1","0"
"2016","Liberia","Violence against civilians","7","2"
"2016","Libya","Battles","433","2217"
"2016","Libya","Explosions/Remote violence","427","888"
"2016","Libya","Protests","87","7"
"2016","Libya","Riots","21","6"
"2016","Libya","Strategic developments","52","5"
"2016","Libya","Violence against civilians","159","250"
"2016","Madagascar","Battles","29","125"
"2016","Madagascar","Explosions/Remote violence","2","2"
"2016","Madagascar","Protests","39","0"
"2016","Madagascar","Riots","24","12"
"2016","Madagascar","Violence against civilians","13","41"
"2016","Malawi","Protests","25","0"
"2016","Malawi","Riots","32","22"
"2016","Malawi","Strategic developments","1","0"
"2016","Malawi","Violence against civilians","5","1"
"2016","Mali","Battles","74","197"
"2016","Mali","Explosions/Remote violence","31","32"
"2016","Mali","Protests","11","4"
"2016","Mali","Riots","4","3"
"2016","Mali","Strategic developments","10","0"
"2016","Mali","Violence against civilians","41","86"
"2016","Mauritania","Protests","19","0"
"2016","Mauritania","Riots","3","0"
"2016","Mauritania","Strategic developments","1","0"
"2016","Mauritania","Violence against civilians","1","0"
"2016","Morocco","Explosions/Remote violence","2","2"
"2016","Morocco","Protests","95","0"
"2016","Morocco","Riots","12","3"
"2016","Morocco","Strategic developments","2","0"
"2016","Morocco","Violence against civilians","2","1"
"2016","Mozambique","Battles","37","45"
"2016","Mozambique","Protests","4","0"
"2016","Mozambique","Riots","9","2"
"2016","Mozambique","Strategic developments","21","0"
"2016","Mozambique","Violence against civilians","57","59"
"2016","Myanmar","Battles","474","293"
"2016","Myanmar","Explosions/Remote violence","183","79"
"2016","Myanmar","Protests","254","0"
"2016","Myanmar","Riots","7","0"
"2016","Myanmar","Strategic developments","68","0"
"2016","Myanmar","Violence against civilians","155","261"
"2016","Namibia","Explosions/Remote violence","1","0"
"2016","Namibia","Protests","28","0"
"2016","Namibia","Riots","15","0"
"2016","Namibia","Strategic developments","2","0"
"2016","Nepal","Battles","2","1"
"2016","Nepal","Explosions/Remote violence","1","0"
"2016","Nepal","Protests","268","0"
"2016","Nepal","Riots","106","4"
"2016","Nepal","Strategic developments","9","0"
"2016","Nepal","Violence against civilians","7","3"
"2016","Niger","Battles","46","321"
"2016","Niger","Explosions/Remote violence","7","17"
"2016","Niger","Protests","12","0"
"2016","Niger","Riots","6","3"
"2016","Niger","Strategic developments","5","0"
"2016","Niger","Violence against civilians","6","26"
"2016","Nigeria","Battles","344","2208"
"2016","Nigeria","Explosions/Remote violence","82","681"
"2016","Nigeria","Protests","459","21"
"2016","Nigeria","Riots","211","117"
"2016","Nigeria","Strategic developments","48","3"
"2016","Nigeria","Violence against civilians","290","1906"
"2016","Oman","Strategic developments","1","0"
"2016","Pakistan","Battles","432","1188"
"2016","Pakistan","Explosions/Remote violence","318","817"
"2016","Pakistan","Protests","3343","14"
"2016","Pakistan","Riots","122","21"
"2016","Pakistan","Strategic developments","114","5"
"2016","Pakistan","Violence against civilians","155","189"
"2016","Palestine","Battles","133","87"
"2016","Palestine","Explosions/Remote violence","53","10"
"2016","Palestine","Protests","134","2"
"2016","Palestine","Riots","428","28"
"2016","Palestine","Strategic developments","318","13"
"2016","Palestine","Violence against civilians","154","38"
"2016","Philippines","Battles","404","906"
"2016","Philippines","Explosions/Remote violence","119","73"
"2016","Philippines","Protests","185","3"
"2016","Philippines","Riots","9","5"
"2016","Philippines","Strategic developments","119","1"
"2016","Philippines","Violence against civilians","2617","3616"
"2016","Republic of Congo","Battles","12","42"
"2016","Republic of Congo","Explosions/Remote violence","9","30"
"2016","Republic of Congo","Protests","2","0"
"2016","Republic of Congo","Riots","2","3"
"2016","Republic of Congo","Strategic developments","8","0"
"2016","Republic of Congo","Violence against civilians","6","3"
"2016","Rwanda","Battles","5","6"
"2016","Rwanda","Riots","1","0"
"2016","Rwanda","Strategic developments","1","0"
"2016","Rwanda","Violence against civilians","2","2"
"2016","Saudi Arabia","Battles","126","462"
"2016","Saudi Arabia","Explosions/Remote violence","549","769"
"2016","Saudi Arabia","Protests","6","0"
"2016","Saudi Arabia","Riots","3","0"
"2016","Saudi Arabia","Strategic developments","34","47"
"2016","Saudi Arabia","Violence against civilians","5","6"
"2016","Senegal","Battles","3","10"
"2016","Senegal","Protests","27","0"
"2016","Senegal","Riots","18","1"
"2016","Senegal","Strategic developments","1","0"
"2016","Senegal","Violence against civilians","6","7"
"2016","Sierra Leone","Battles","3","2"
"2016","Sierra Leone","Protests","6","0"
"2016","Sierra Leone","Riots","13","4"
"2016","Sierra Leone","Violence against civilians","2","1"
"2016","Somalia","Battles","1143","3762"
"2016","Somalia","Explosions/Remote violence","584","1531"
"2016","Somalia","Protests","137","6"
"2016","Somalia","Riots","77","9"
"2016","Somalia","Strategic developments","186","12"
"2016","Somalia","Violence against civilians","593","694"
"2016","South Africa","Battles","3","4"
"2016","South Africa","Explosions/Remote violence","1","0"
"2016","South Africa","Protests","737","0"
"2016","South Africa","Riots","620","83"
"2016","South Africa","Strategic developments","2","0"
"2016","South Africa","Violence against civilians","76","54"
"2016","South Sudan","Battles","458","2829"
"2016","South Sudan","Explosions/Remote violence","36","46"
"2016","South Sudan","Protests","29","0"
"2016","South Sudan","Riots","26","1"
"2016","South Sudan","Strategic developments","80","0"
"2016","South Sudan","Violence against civilians","414","982"
"2016","Sri Lanka","Battles","1","0"
"2016","Sri Lanka","Explosions/Remote violence","1","0"
"2016","Sri Lanka","Protests","393","0"
"2016","Sri Lanka","Riots","32","1"
"2016","Sri Lanka","Strategic developments","3","0"
"2016","Sri Lanka","Violence against civilians","5","3"
"2016","Sudan","Battles","265","2901"
"2016","Sudan","Explosions/Remote violence","315","294"
"2016","Sudan","Protests","166","3"
"2016","Sudan","Riots","41","24"
"2016","Sudan","Strategic developments","77","0"
"2016","Sudan","Violence against civilians","558","666"
"2016","Syria","Battles","104","256"
"2016","Syria","Explosions/Remote violence","330","289"
"2016","Syria","Protests","5","0"
"2016","Syria","Strategic developments","4","0"
"2016","Syria","Violence against civilians","22","23"
"2016","Tanzania","Battles","5","24"
"2016","Tanzania","Explosions/Remote violence","2","0"
"2016","Tanzania","Protests","6","0"
"2016","Tanzania","Riots","26","6"
"2016","Tanzania","Strategic developments","5","0"
"2016","Tanzania","Violence against civilians","11","17"
"2016","Thailand","Battles","116","77"
"2016","Thailand","Explosions/Remote violence","268","53"
"2016","Thailand","Protests","119","0"
"2016","Thailand","Riots","13","4"
"2016","Thailand","Strategic developments","97","0"
"2016","Thailand","Violence against civilians","149","120"
"2016","Togo","Battles","1","4"
"2016","Togo","Protests","3","0"
"2016","Togo","Riots","4","0"
"2016","Togo","Violence against civilians","2","1"
"2016","Tunisia","Battles","47","112"
"2016","Tunisia","Explosions/Remote violence","35","4"
"2016","Tunisia","Protests","489","0"
"2016","Tunisia","Riots","147","1"
"2016","Tunisia","Strategic developments","21","0"
"2016","Tunisia","Violence against civilians","12","3"
"2016","Turkey","Battles","1192","3084"
"2016","Turkey","Explosions/Remote violence","497","1204"
"2016","Turkey","Protests","2137","4"
"2016","Turkey","Riots","74","6"
"2016","Turkey","Strategic developments","242","5"
"2016","Turkey","Violence against civilians","123","223"
"2016","Uganda","Battles","26","238"
"2016","Uganda","Explosions/Remote violence","3","4"
"2016","Uganda","Protests","55","0"
"2016","Uganda","Riots","92","14"
"2016","Uganda","Strategic developments","34","0"
"2016","Uganda","Violence against civilians","36","22"
"2016","Vietnam","Protests","43","0"
"2016","Vietnam","Riots","2","0"
"2016","Vietnam","Strategic developments","3","3"
"2016","Vietnam","Violence against civilians","18","2"
"2016","Yemen","Battles","1986","8727"
"2016","Yemen","Explosions/Remote violence","6745","7046"
"2016","Yemen","Protests","90","0"
"2016","Yemen","Riots","26","1"
"2016","Yemen","Strategic developments","214","15"
"2016","Yemen","Violence against civilians","205","245"
"2016","Zambia","Battles","1","0"
"2016","Zambia","Protests","18","0"
"2016","Zambia","Riots","65","3"
"2016","Zambia","Strategic developments","15","0"
"2016","Zambia","Violence against civilians","27","2"
"2016","Zimbabwe","Battles","5","0"
"2016","Zimbabwe","Protests","90","0"
"2016","Zimbabwe","Riots","48","1"
"2016","Zimbabwe","Strategic developments","14","0"
"2016","Zimbabwe","Violence against civilians","73","6"
"2017","Afghanistan","Battles","8389","25989"
"2017","Afghanistan","Explosions/Remote violence","3829","9617"
"2017","Afghanistan","Protests","133","16"
"2017","Afghanistan","Riots","5","11"
"2017","Afghanistan","Strategic developments","305","246"
"2017","Afghanistan","Violence against civilians","289","455"
"2017","Algeria","Battles","44","96"
"2017","Algeria","Explosions/Remote violence","14","31"
"2017","Algeria","Protests","366","0"
"2017","Algeria","Riots","82","3"
"2017","Algeria","Strategic developments","2","0"
"2017","Algeria","Violence against civilians","19","12"
"2017","Angola","Battles","19","54"
"2017","Angola","Protests","33","4"
"2017","Angola","Riots","7","1"
"2017","Angola","Strategic developments","9","0"
"2017","Angola","Violence against civilians","21","8"
"2017","Argentina","Protests","19","0"
"2017","Argentina","Riots","2","0"
"2017","Armenia","Battles","16","0"
"2017","Armenia","Protests","1","0"
"2017","Azerbaijan","Battles","146","0"
"2017","Azerbaijan","Explosions/Remote violence","1","0"
"2017","Azerbaijan","Violence against civilians","1","0"
"2017","Bahrain","Battles","5","3"
"2017","Bahrain","Explosions/Remote violence","13","3"
"2017","Bahrain","Protests","2379","2"
"2017","Bahrain","Riots","1327","5"
"2017","Bahrain","Strategic developments","12","1"
"2017","Bahrain","Violence against civilians","8","3"
"2017","Bangladesh","Battles","85","119"
"2017","Bangladesh","Explosions/Remote violence","8","26"
"2017","Bangladesh","Protests","241","0"
"2017","Bangladesh","Riots","145","29"
"2017","Bangladesh","Strategic developments","11","1"
"2017","Bangladesh","Violence against civilians","64","49"
"2017","Belarus","Protests","2","0"
"2017","Belize","Battles","1","1"
"2017","Belize","Protests","1","0"
"2017","Belize","Violence against civilians","3","1"
"2017","Benin","Battles","4","7"
"2017","Benin","Protests","27","0"
"2017","Benin","Riots","3","1"
"2017","Benin","Strategic developments","2","0"
"2017","Benin","Violence against civilians","3","7"
"2017","Bolivia","Protests","1","0"
"2017","Botswana","Protests","2","0"
"2017","Botswana","Riots","3","0"
"2017","Brazil","Battles","65","54"
"2017","Brazil","Explosions/Remote violence","8","0"
"2017","Brazil","Protests","31","0"
"2017","Brazil","Riots","9","0"
"2017","Brazil","Strategic developments","20","0"
"2017","Brazil","Violence against civilians","77","80"
"2017","Bulgaria","Protests","13","0"
"2017","Burkina Faso","Battles","37","41"
"2017","Burkina Faso","Explosions/Remote violence","5","3"
"2017","Burkina Faso","Protests","68","0"
"2017","Burkina Faso","Riots","27","7"
"2017","Burkina Faso","Strategic developments","22","0"
"2017","Burkina Faso","Violence against civilians","46","66"
"2017","Burundi","Battles","24","9"
"2017","Burundi","Explosions/Remote violence","45","36"
"2017","Burundi","Protests","119","0"
"2017","Burundi","Riots","49","29"
"2017","Burundi","Strategic developments","12","0"
"2017","Burundi","Violence against civilians","592","209"
"2017","Cambodia","Protests","89","0"
"2017","Cambodia","Riots","9","2"
"2017","Cambodia","Strategic developments","3","3"
"2017","Cambodia","Violence against civilians","3","0"
"2017","Cameroon","Battles","110","278"
"2017","Cameroon","Explosions/Remote violence","75","222"
"2017","Cameroon","Protests","38","39"
"2017","Cameroon","Riots","27","8"
"2017","Cameroon","Strategic developments","47","2"
"2017","Cameroon","Violence against civilians","116","190"
"2017","Caribbean Netherlands","Protests","1","0"
"2017","Central African Republic","Battles","182","1368"
"2017","Central African Republic","Explosions/Remote violence","5","10"
"2017","Central African Republic","Protests","26","2"
"2017","Central African Republic","Riots","19","12"
"2017","Central African Republic","Strategic developments","58","0"
"2017","Central African Republic","Violence against civilians","171","582"
"2017","Chad","Battles","11","282"
"2017","Chad","Explosions/Remote violence","2","11"
"2017","Chad","Protests","4","2"
"2017","Chad","Riots","1","0"
"2017","Chad","Violence against civilians","8","1"
"2017","Chile","Battles","1","0"
"2017","Chile","Protests","7","0"
"2017","Chile","Riots","3","0"
"2017","Chile","Strategic developments","2","0"
"2017","China","Protests","33","0"
"2017","China","Riots","1","0"
"2017","China","Strategic developments","2","0"
"2017","China","Violence against civilians","5","1"
"2017","Colombia","Battles","5","13"
"2017","Colombia","Explosions/Remote violence","1","1"
"2017","Colombia","Strategic developments","3","0"
"2017","Colombia","Violence against civilians","12","16"
"2017","Costa Rica","Protests","1","0"
"2017","Democratic Republic of Congo","Battles","451","1356"
"2017","Democratic Republic of Congo","Explosions/Remote violence","7","108"
"2017","Democratic Republic of Congo","Protests","139","2"
"2017","Democratic Republic of Congo","Riots","92","77"
"2017","Democratic Republic of Congo","Strategic developments","103","0"
"2017","Democratic Republic of Congo","Violence against civilians","279","1625"
"2017","Djibouti","Protests","2","0"
"2017","Djibouti","Riots","1","0"
"2017","Djibouti","Violence against civilians","2","0"
"2017","Ecuador","Protests","1","0"
"2017","Ecuador","Riots","1","0"
"2017","Egypt","Battles","227","764"
"2017","Egypt","Explosions/Remote violence","131","348"
"2017","Egypt","Protests","105","0"
"2017","Egypt","Riots","35","2"
"2017","Egypt","Strategic developments","29","0"
"2017","Egypt","Violence against civilians","65","435"
"2017","El Salvador","Battles","10","16"
"2017","El Salvador","Violence against civilians","3","4"
"2017","Equatorial Guinea","Battles","1","1"
"2017","Equatorial Guinea","Protests","1","0"
"2017","Equatorial Guinea","Riots","2","0"
"2017","Equatorial Guinea","Strategic developments","1","0"
"2017","Equatorial Guinea","Violence against civilians","5","5"
"2017","Eritrea","Protests","1","0"
"2017","Eritrea","Riots","3","0"
"2017","Eritrea","Strategic developments","2","0"
"2017","Eritrea","Violence against civilians","1","1"
"2017","eSwatini","Protests","2","0"
"2017","eSwatini","Riots","1","0"
"2017","Ethiopia","Battles","156","822"
"2017","Ethiopia","Explosions/Remote violence","18","2"
"2017","Ethiopia","Protests","152","50"
"2017","Ethiopia","Riots","57","81"
"2017","Ethiopia","Strategic developments","20","0"
"2017","Ethiopia","Violence against civilians","102","326"
"2017","Gabon","Protests","15","0"
"2017","Gabon","Riots","2","0"
"2017","Gabon","Violence against civilians","2","0"
"2017","Gambia","Battles","1","0"
"2017","Gambia","Explosions/Remote violence","1","3"
"2017","Gambia","Protests","13","0"
"2017","Gambia","Riots","15","2"
"2017","Gambia","Strategic developments","7","0"
"2017","Gambia","Violence against civilians","1","1"
"2017","Georgia","Protests","8","0"
"2017","Ghana","Battles","10","35"
"2017","Ghana","Protests","45","0"
"2017","Ghana","Riots","40","6"
"2017","Ghana","Strategic developments","1","0"
"2017","Ghana","Violence against civilians","19","48"
"2017","Greece","Protests","2","0"
"2017","Greece","Riots","1","0"
"2017","Greece","Strategic developments","1","0"
"2017","Grenada","Protests","1","0"
"2017","Guatemala","Battles","12","8"
"2017","Guatemala","Violence against civilians","3","4"
"2017","Guinea","Battles","3","22"
"2017","Guinea","Protests","24","2"
"2017","Guinea","Riots","37","19"
"2017","Guinea","Violence against civilians","3","2"
"2017","Guinea-Bissau","Protests","12","0"
"2017","Guinea-Bissau","Riots","1","0"
"2017","Guinea-Bissau","Strategic developments","2","0"
"2017","Guinea-Bissau","Violence against civilians","1","0"
"2017","Guyana","Protests","1","0"
"2017","Guyana","Violence against civilians","1","0"
"2017","Haiti","Protests","1","0"
"2017","Honduras","Battles","1","0"
"2017","Honduras","Protests","2","0"
"2017","Honduras","Riots","1","0"
"2017","Honduras","Violence against civilians","9","8"
"2017","India","Battles","765","817"
"2017","India","Explosions/Remote violence","198","64"
"2017","India","Protests","10077","13"
"2017","India","Riots","2051","196"
"2017","India","Strategic developments","106","2"
"2017","India","Violence against civilians","617","313"
"2017","Indian Ocean","Battles","3","0"
"2017","Indian Ocean","Explosions/Remote violence","6","135"
"2017","Indian Ocean","Violence against civilians","8","4"
"2017","Indonesia","Battles","17","18"
"2017","Indonesia","Explosions/Remote violence","2","8"
"2017","Indonesia","Protests","216","0"
"2017","Indonesia","Riots","29","9"
"2017","Indonesia","Strategic developments","12","0"
"2017","Indonesia","Violence against civilians","65","20"
"2017","Iran","Battles","31","132"
"2017","Iran","Explosions/Remote violence","2","1"
"2017","Iran","Protests","2442","2"
"2017","Iran","Riots","96","22"
"2017","Iran","Strategic developments","64","10"
"2017","Iran","Violence against civilians","32","31"
"2017","Iraq","Battles","1660","14302"
"2017","Iraq","Explosions/Remote violence","2822","13377"
"2017","Iraq","Protests","39","0"
"2017","Iraq","Riots","15","13"
"2017","Iraq","Strategic developments","374","45"
"2017","Iraq","Violence against civilians","328","2809"
"2017","Israel","Battles","4","2"
"2017","Israel","Explosions/Remote violence","29","1"
"2017","Israel","Protests","289","1"
"2017","Israel","Riots","81","4"
"2017","Israel","Strategic developments","16","0"
"2017","Israel","Violence against civilians","12","2"
"2017","Ivory Coast","Battles","20","26"
"2017","Ivory Coast","Protests","16","1"
"2017","Ivory Coast","Riots","57","11"
"2017","Ivory Coast","Strategic developments","2","0"
"2017","Ivory Coast","Violence against civilians","7","8"
"2017","Jamaica","Strategic developments","1","0"
"2017","Jamaica","Violence against civilians","2","2"
"2017","Japan","Protests","15","0"
"2017","Jordan","Battles","2","3"
"2017","Jordan","Explosions/Remote violence","12","31"
"2017","Jordan","Protests","109","0"
"2017","Jordan","Riots","7","0"
"2017","Jordan","Strategic developments","3","0"
"2017","Jordan","Violence against civilians","1","0"
"2017","Kazakhstan","Protests","2","0"
"2017","Kazakhstan","Violence against civilians","1","0"
"2017","Kenya","Battles","102","255"
"2017","Kenya","Explosions/Remote violence","27","70"
"2017","Kenya","Protests","236","14"
"2017","Kenya","Riots","378","134"
"2017","Kenya","Strategic developments","41","0"
"2017","Kenya","Violence against civilians","181","303"
"2017","Kosovo","Riots","1","0"
"2017","Kuwait","Protests","4","0"
"2017","Kyrgyzstan","Protests","1","0"
"2017","Kyrgyzstan","Strategic developments","1","0"
"2017","Laos","Battles","1","1"
"2017","Laos","Explosions/Remote violence","1","1"
"2017","Laos","Protests","2","0"
"2017","Laos","Riots","1","0"
"2017","Laos","Violence against civilians","3","2"
"2017","Lebanon","Battles","114","288"
"2017","Lebanon","Explosions/Remote violence","68","79"
"2017","Lebanon","Protests","393","0"
"2017","Lebanon","Riots","59","1"
"2017","Lebanon","Strategic developments","74","4"
"2017","Lebanon","Violence against civilians","46","17"
"2017","Lesotho","Battles","1","3"
"2017","Lesotho","Strategic developments","2","0"
"2017","Lesotho","Violence against civilians","1","1"
"2017","Liberia","Battles","4","0"
"2017","Liberia","Protests","23","0"
"2017","Liberia","Riots","24","6"
"2017","Liberia","Strategic developments","3","0"
"2017","Liberia","Violence against civilians","3","1"
"2017","Libya","Battles","296","950"
"2017","Libya","Explosions/Remote violence","345","487"
"2017","Libya","Protests","128","0"
"2017","Libya","Riots","21","0"
"2017","Libya","Strategic developments","91","0"
"2017","Libya","Violence against civilians","154","228"
"2017","Madagascar","Battles","58","115"
"2017","Madagascar","Protests","14","0"
"2017","Madagascar","Riots","38","28"
"2017","Madagascar","Violence against civilians","61","66"
"2017","Malawi","Protests","14","0"
"2017","Malawi","Riots","33","19"
"2017","Malawi","Violence against civilians","1","0"
"2017","Malaysia","Protests","1","0"
"2017","Mali","Battles","180","560"
"2017","Mali","Explosions/Remote violence","95","144"
"2017","Mali","Protests","23","0"
"2017","Mali","Riots","15","3"
"2017","Mali","Strategic developments","29","0"
"2017","Mali","Violence against civilians","129","237"
"2017","Mauritania","Explosions/Remote violence","2","2"
"2017","Mauritania","Protests","51","0"
"2017","Mauritania","Riots","3","0"
"2017","Mauritania","Strategic developments","1","0"
"2017","Mauritania","Violence against civilians","1","0"
"2017","Mexico","Battles","12","8"
"2017","Mexico","Protests","20","0"
"2017","Mexico","Riots","7","0"
"2017","Mexico","Strategic developments","4","0"
"2017","Mexico","Violence against civilians","76","113"
"2017","Moldova","Strategic developments","2","0"
"2017","Morocco","Battles","4","2"
"2017","Morocco","Protests","141","0"
"2017","Morocco","Riots","34","1"
"2017","Morocco","Strategic developments","8","0"
"2017","Morocco","Violence against civilians","3","1"
"2017","Mozambique","Battles","13","40"
"2017","Mozambique","Protests","4","0"
"2017","Mozambique","Riots","51","71"
"2017","Mozambique","Strategic developments","4","0"
"2017","Mozambique","Violence against civilians","25","17"
"2017","Myanmar","Battles","474","284"
"2017","Myanmar","Explosions/Remote violence","135","42"
"2017","Myanmar","Protests","218","0"
"2017","Myanmar","Riots","19","12"
"2017","Myanmar","Strategic developments","69","1"
"2017","Myanmar","Violence against civilians","170","1053"
"2017","Namibia","Battles","1","1"
"2017","Namibia","Protests","23","0"
"2017","Namibia","Riots","2","1"
"2017","Namibia","Violence against civilians","1","0"
"2017","Nepal","Battles","4","0"
"2017","Nepal","Explosions/Remote violence","80","2"
"2017","Nepal","Protests","299","1"
"2017","Nepal","Riots","213","13"
"2017","Nepal","Strategic developments","55","0"
"2017","Nepal","Violence against civilians","22","4"
"2017","Nicaragua","Protests","1","0"
"2017","Niger","Battles","26","198"
"2017","Niger","Explosions/Remote violence","3","19"
"2017","Niger","Protests","9","0"
"2017","Niger","Riots","3","1"
"2017","Niger","Strategic developments","5","0"
"2017","Niger","Violence against civilians","11","22"
"2017","Nigeria","Battles","380","1783"
"2017","Nigeria","Explosions/Remote violence","115","1463"
"2017","Nigeria","Protests","481","18"
"2017","Nigeria","Riots","248","120"
"2017","Nigeria","Strategic developments","46","7"
"2017","Nigeria","Violence against civilians","397","1735"
"2017","Pakistan","Battles","373","885"
"2017","Pakistan","Explosions/Remote violence","223","666"
"2017","Pakistan","Protests","3896","1"
"2017","Pakistan","Riots","137","15"
"2017","Pakistan","Strategic developments","52","2"
"2017","Pakistan","Violence against civilians","114","147"
"2017","Palestine","Battles","69","51"
"2017","Palestine","Explosions/Remote violence","80","19"
"2017","Palestine","Protests","287","0"
"2017","Palestine","Riots","882","30"
"2017","Palestine","Strategic developments","271","8"
"2017","Palestine","Violence against civilians","115","17"
"2017","Panama","Protests","3","0"
"2017","Paraguay","Protests","6","0"
"2017","Paraguay","Riots","1","0"
"2017","Peru","Protests","3","0"
"2017","Peru","Violence against civilians","1","0"
"2017","Philippines","Battles","716","1999"
"2017","Philippines","Explosions/Remote violence","110","57"
"2017","Philippines","Protests","392","0"
"2017","Philippines","Riots","22","4"
"2017","Philippines","Strategic developments","162","0"
"2017","Philippines","Violence against civilians","1738","2241"
"2017","Puerto Rico","Protests","2","0"
"2017","Puerto Rico","Violence against civilians","3","4"
"2017","Qatar","Strategic developments","1","0"
"2017","Republic of Congo","Battles","3","18"
"2017","Republic of Congo","Protests","7","0"
"2017","Republic of Congo","Riots","2","0"
"2017","Republic of Congo","Strategic developments","3","0"
"2017","Republic of Congo","Violence against civilians","3","3"
"2017","Russia","Battles","2","2"
"2017","Russia","Explosions/Remote violence","1","0"
"2017","Russia","Protests","3","0"
"2017","Rwanda","Riots","1","0"
"2017","Rwanda","Strategic developments","2","0"
"2017","Rwanda","Violence against civilians","4","4"
"2017","Saudi Arabia","Battles","185","830"
"2017","Saudi Arabia","Explosions/Remote violence","537","583"
"2017","Saudi Arabia","Protests","3","1"
"2017","Saudi Arabia","Strategic developments","29","2"
"2017","Saudi Arabia","Violence against civilians","15","9"
"2017","Senegal","Battles","1","0"
"2017","Senegal","Explosions/Remote violence","1","0"
"2017","Senegal","Protests","28","0"
"2017","Senegal","Riots","21","1"
"2017","Senegal","Strategic developments","1","0"
"2017","Senegal","Violence against civilians","1","0"
"2017","Serbia","Protests","1","0"
"2017","Sierra Leone","Battles","1","0"
"2017","Sierra Leone","Explosions/Remote violence","1","0"
"2017","Sierra Leone","Protests","11","0"
"2017","Sierra Leone","Riots","16","1"
"2017","Sierra Leone","Strategic developments","3","0"
"2017","Sierra Leone","Violence against civilians","6","4"
"2017","Somalia","Battles","1116","2645"
"2017","Somalia","Explosions/Remote violence","769","2481"
"2017","Somalia","Protests","127","4"
"2017","Somalia","Riots","85","24"
"2017","Somalia","Strategic developments","234","46"
"2017","Somalia","Violence against civilians","706","886"
"2017","South Africa","Battles","5","14"
"2017","South Africa","Protests","568","1"
"2017","South Africa","Riots","437","56"
"2017","South Africa","Violence against civilians","43","44"
"2017","South Korea","Protests","27","0"
"2017","South Sudan","Battles","608","3305"
"2017","South Sudan","Explosions/Remote violence","28","18"
"2017","South Sudan","Protests","36","0"
"2017","South Sudan","Riots","11","4"
"2017","South Sudan","Strategic developments","115","0"
"2017","South Sudan","Violence against civilians","420","1389"
"2017","Sri Lanka","Battles","1","1"
"2017","Sri Lanka","Explosions/Remote violence","2","0"
"2017","Sri Lanka","Protests","343","0"
"2017","Sri Lanka","Riots","29","1"
"2017","Sri Lanka","Strategic developments","5","0"
"2017","Sri Lanka","Violence against civilians","8","0"
"2017","Sudan","Battles","154","857"
"2017","Sudan","Explosions/Remote violence","27","33"
"2017","Sudan","Protests","146","2"
"2017","Sudan","Riots","43","32"
"2017","Sudan","Strategic developments","79","0"
"2017","Sudan","Violence against civilians","374","351"
"2017","Syria","Battles","8751","26642"
"2017","Syria","Explosions/Remote violence","20632","25119"
"2017","Syria","Protests","201","5"
"2017","Syria","Riots","11","6"
"2017","Syria","Strategic developments","530","211"
"2017","Syria","Violence against civilians","1283","2351"
"2017","Taiwan","Protests","9","0"
"2017","Taiwan","Riots","1","0"
"2017","Tanzania","Battles","9","40"
"2017","Tanzania","Explosions/Remote violence","2","3"
"2017","Tanzania","Protests","6","0"
"2017","Tanzania","Riots","8","210"
"2017","Tanzania","Strategic developments","7","0"
"2017","Tanzania","Violence against civilians","54","26"
"2017","Thailand","Battles","74","70"
"2017","Thailand","Explosions/Remote violence","159","25"
"2017","Thailand","Protests","156","0"
"2017","Thailand","Riots","6","0"
"2017","Thailand","Strategic developments","38","0"
"2017","Thailand","Violence against civilians","81","67"
"2017","Togo","Battles","1","17"
"2017","Togo","Protests","38","1"
"2017","Togo","Riots","12","3"
"2017","Togo","Violence against civilians","8","23"
"2017","Trinidad and Tobago","Battles","1","2"
"2017","Trinidad and Tobago","Protests","2","0"
"2017","Trinidad and Tobago","Violence against civilians","5","3"
"2017","Tunisia","Battles","30","17"
"2017","Tunisia","Explosions/Remote violence","30","2"
"2017","Tunisia","Protests","471","0"
"2017","Tunisia","Riots","205","3"
"2017","Tunisia","Strategic developments","20","0"
"2017","Tunisia","Violence against civilians","15","5"
"2017","Turkey","Battles","642","2069"
"2017","Turkey","Explosions/Remote violence","179","481"
"2017","Turkey","Protests","663","1"
"2017","Turkey","Riots","21","1"
"2017","Turkey","Strategic developments","168","2"
"2017","Turkey","Violence against civilians","91","58"
"2017","Uganda","Battles","18","27"
"2017","Uganda","Explosions/Remote violence","4","0"
"2017","Uganda","Protests","72","1"
"2017","Uganda","Riots","67","8"
"2017","Uganda","Strategic developments","20","0"
"2017","Uganda","Violence against civilians","48","36"
"2017","Ukraine","Battles","37","1"
"2017","Ukraine","Explosions/Remote violence","49","1"
"2017","Ukraine","Protests","27","0"
"2017","Ukraine","Riots","1","0"
"2017","Ukraine","Strategic developments","2","0"
"2017","Ukraine","Violence against civilians","1","0"
"2017","United Arab Emirates","Protests","1","0"
"2017","Uzbekistan","Violence against civilians","1","0"
"2017","Venezuela","Battles","10","17"
"2017","Venezuela","Protests","10","1"
"2017","Venezuela","Riots","7","0"
"2017","Venezuela","Violence against civilians","10","10"
"2017","Vietnam","Battles","1","0"
"2017","Vietnam","Protests","30","0"
"2017","Vietnam","Riots","9","0"
"2017","Vietnam","Strategic developments","2","0"
"2017","Vietnam","Violence against civilians","17","3"
"2017","Yemen","Battles","2051","10863"
"2017","Yemen","Explosions/Remote violence","5968","6457"
"2017","Yemen","Protests","125","0"
"2017","Yemen","Riots","16","0"
"2017","Yemen","Strategic developments","150","16"
"2017","Yemen","Violence against civilians","151","178"
"2017","Zambia","Protests","11","0"
"2017","Zambia","Riots","12","2"
"2017","Zambia","Strategic developments","6","0"
"2017","Zambia","Violence against civilians","8","0"
"2017","Zimbabwe","Battles","11","5"
"2017","Zimbabwe","Explosions/Remote violence","1","0"
"2017","Zimbabwe","Protests","57","0"
"2017","Zimbabwe","Riots","65","2"
"2017","Zimbabwe","Strategic developments","15","0"
"2017","Zimbabwe","Violence against civilians","153","2"
"2018","Afghanistan","Battles","9542","31913"
"2018","Afghanistan","Explosions/Remote violence","3735","10722"
"2018","Afghanistan","Protests","212","18"
"2018","Afghanistan","Riots","10","5"
"2018","Afghanistan","Strategic developments","246","276"
"2018","Afghanistan","Violence against civilians","325","340"
"2018","Akrotiri and Dhekelia","Protests","1","0"
"2018","Albania","Battles","1","1"
"2018","Albania","Explosions/Remote violence","3","0"
"2018","Albania","Protests","211","0"
"2018","Albania","Riots","26","0"
"2018","Albania","Strategic developments","2","0"
"2018","Albania","Violence against civilians","1","0"
"2018","Algeria","Battles","17","41"
"2018","Algeria","Explosions/Remote violence","7","14"
"2018","Algeria","Protests","531","0"
"2018","Algeria","Riots","40","3"
"2018","Algeria","Strategic developments","77","0"
"2018","Algeria","Violence against civilians","27","10"
"2018","Angola","Battles","4","6"
"2018","Angola","Explosions/Remote violence","1","1"
"2018","Angola","Protests","39","1"
"2018","Angola","Riots","3","0"
"2018","Angola","Strategic developments","7","0"
"2018","Angola","Violence against civilians","21","34"
"2018","Antigua and Barbuda","Protests","23","0"
"2018","Antigua and Barbuda","Violence against civilians","1","0"
"2018","Argentina","Explosions/Remote violence","9","2"
"2018","Argentina","Protests","1924","1"
"2018","Argentina","Riots","129","13"
"2018","Argentina","Strategic developments","13","0"
"2018","Argentina","Violence against civilians","48","11"
"2018","Armenia","Battles","1308","4"
"2018","Armenia","Explosions/Remote violence","36","0"
"2018","Armenia","Protests","350","0"
"2018","Armenia","Riots","26","0"
"2018","Armenia","Strategic developments","15","0"
"2018","Armenia","Violence against civilians","11","2"
"2018","Aruba","Protests","3","0"
"2018","Atlantic Ocean","Battles","5","0"
"2018","Azerbaijan","Battles","8263","35"
"2018","Azerbaijan","Explosions/Remote violence","9","8"
"2018","Azerbaijan","Protests","62","0"
"2018","Azerbaijan","Riots","2","2"
"2018","Azerbaijan","Strategic developments","24","0"
"2018","Azerbaijan","Violence against civilians","10","2"
"2018","Bahamas","Protests","21","0"
"2018","Bahamas","Riots","1","0"
"2018","Bahamas","Strategic developments","4","0"
"2018","Bahrain","Protests","849","0"
"2018","Bahrain","Riots","740","0"
"2018","Bahrain","Strategic developments","8","0"
"2018","Bahrain","Violence against civilians","5","0"
"2018","Bangladesh","Battles","71","64"
"2018","Bangladesh","Explosions/Remote violence","2","1"
"2018","Bangladesh","Protests","530","0"
"2018","Bangladesh","Riots","495","76"
"2018","Bangladesh","Strategic developments","8","0"
"2018","Bangladesh","Violence against civilians","220","130"
"2018","Barbados","Battles","1","0"
"2018","Barbados","Protests","2","0"
"2018","Belarus","Protests","103","0"
"2018","Belarus","Riots","2","0"
"2018","Belarus","Strategic developments","9","0"
"2018","Belarus","Violence against civilians","7","0"
"2018","Belize","Battles","39","23"
"2018","Belize","Protests","29","0"
"2018","Belize","Riots","4","1"
"2018","Belize","Strategic developments","17","0"
"2018","Belize","Violence against civilians","113","69"
"2018","Benin","Battles","3","8"
"2018","Benin","Protests","11","0"
"2018","Benin","Riots","9","2"
"2018","Benin","Strategic developments","1","0"
"2018","Benin","Violence against civilians","16","21"
"2018","Bolivia","Battles","7","3"
"2018","Bolivia","Explosions/Remote violence","1","9"
"2018","Bolivia","Protests","285","1"
"2018","Bolivia","Riots","41","12"
"2018","Bolivia","Violence against civilians","2","1"
"2018","Bosnia and Herzegovina","Battles","1","0"
"2018","Bosnia and Herzegovina","Explosions/Remote violence","16","0"
"2018","Bosnia and Herzegovina","Protests","216","0"
"2018","Bosnia and Herzegovina","Riots","13","0"
"2018","Bosnia and Herzegovina","Strategic developments","26","0"
"2018","Bosnia and Herzegovina","Violence against civilians","10","1"
"2018","Botswana","Protests","9","0"
"2018","Botswana","Riots","3","2"
"2018","Brazil","Battles","4629","3662"
"2018","Brazil","Explosions/Remote violence","463","3"
"2018","Brazil","Protests","6543","4"
"2018","Brazil","Riots","972","72"
"2018","Brazil","Strategic developments","1864","0"
"2018","Brazil","Violence against civilians","3547","3584"
"2018","British Virgin Islands","Protests","2","0"
"2018","Bulgaria","Protests","353","0"
"2018","Bulgaria","Riots","9","0"
"2018","Bulgaria","Strategic developments","1","0"
"2018","Burkina Faso","Battles","78","89"
"2018","Burkina Faso","Explosions/Remote violence","21","39"
"2018","Burkina Faso","Protests","98","0"
"2018","Burkina Faso","Riots","17","3"
"2018","Burkina Faso","Strategic developments","64","0"
"2018","Burkina Faso","Violence against civilians","137","343"
"2018","Burundi","Battles","42","36"
"2018","Burundi","Explosions/Remote violence","51","34"
"2018","Burundi","Protests","85","0"
"2018","Burundi","Riots","58","29"
"2018","Burundi","Strategic developments","51","0"
"2018","Burundi","Violence against civilians","670","229"
"2018","Cambodia","Battles","1","3"
"2018","Cambodia","Protests","65","8"
"2018","Cambodia","Riots","5","1"
"2018","Cambodia","Strategic developments","8","3"
"2018","Cambodia","Violence against civilians","3","1"
"2018","Cameroon","Battles","305","1091"
"2018","Cameroon","Explosions/Remote violence","18","31"
"2018","Cameroon","Protests","26","0"
"2018","Cameroon","Riots","13","6"
"2018","Cameroon","Strategic developments","108","0"
"2018","Cameroon","Violence against civilians","357","545"
"2018","Caribbean Netherlands","Protests","3","0"
"2018","Central African Republic","Battles","209","526"
"2018","Central African Republic","Explosions/Remote violence","5","2"
"2018","Central African Republic","Protests","31","0"
"2018","Central African Republic","Riots","18","25"
"2018","Central African Republic","Strategic developments","126","0"
"2018","Central African Republic","Violence against civilians","231","468"
"2018","Chad","Battles","29","217"
"2018","Chad","Explosions/Remote violence","11","8"
"2018","Chad","Protests","10","0"
"2018","Chad","Riots","5","2"
"2018","Chad","Strategic developments","13","0"
"2018","Chad","Violence against civilians","16","37"
"2018","Chile","Battles","15","0"
"2018","Chile","Explosions/Remote violence","4","0"
"2018","Chile","Protests","1004","0"
"2018","Chile","Riots","297","1"
"2018","Chile","Strategic developments","115","0"
"2018","Chile","Violence against civilians","34","4"
"2018","China","Battles","3","3"
"2018","China","Protests","2477","3"
"2018","China","Riots","85","5"
"2018","China","Strategic developments","390","0"
"2018","China","Violence against civilians","740","30"
"2018","Colombia","Battles","532","377"
"2018","Colombia","Explosions/Remote violence","242","97"
"2018","Colombia","Protests","408","4"
"2018","Colombia","Riots","128","19"
"2018","Colombia","Strategic developments","493","2"
"2018","Colombia","Violence against civilians","999","985"
"2018","Costa Rica","Protests","298","1"
"2018","Costa Rica","Riots","20","1"
"2018","Costa Rica","Strategic developments","2","0"
"2018","Croatia","Explosions/Remote violence","7","0"
"2018","Croatia","Protests","164","0"
"2018","Croatia","Riots","3","0"
"2018","Croatia","Strategic developments","5","0"
"2018","Croatia","Violence against civilians","4","0"
"2018","Cuba","Protests","14","0"
"2018","Cuba","Strategic developments","6","0"
"2018","Curacao","Protests","6","0"
"2018","Curacao","Riots","2","0"
"2018","Curacao","Strategic developments","1","0"
"2018","Cyprus","Explosions/Remote violence","1","0"
"2018","Cyprus","Protests","87","0"
"2018","Cyprus","Riots","8","0"
"2018","Cyprus","Strategic developments","4","1"
"2018","Cyprus","Violence against civilians","2","0"
"2018","Democratic Republic of Congo","Battles","672","1827"
"2018","Democratic Republic of Congo","Explosions/Remote violence","9","9"
"2018","Democratic Republic of Congo","Protests","136","18"
"2018","Democratic Republic of Congo","Riots","126","46"
"2018","Democratic Republic of Congo","Strategic developments","237","0"
"2018","Democratic Republic of Congo","Violence against civilians","801","1362"
"2018","Djibouti","Riots","1","0"
"2018","Djibouti","Strategic developments","2","0"
"2018","Dominica","Protests","11","0"
"2018","Dominican Republic","Battles","3","1"
"2018","Dominican Republic","Protests","45","2"
"2018","Dominican Republic","Riots","30","5"
"2018","Dominican Republic","Strategic developments","8","0"
"2018","Dominican Republic","Violence against civilians","17","12"
"2018","Ecuador","Battles","1","0"
"2018","Ecuador","Explosions/Remote violence","1","3"
"2018","Ecuador","Protests","150","0"
"2018","Ecuador","Riots","24","7"
"2018","Ecuador","Strategic developments","1","0"
"2018","Ecuador","Violence against civilians","6","4"
"2018","Egypt","Battles","165","910"
"2018","Egypt","Explosions/Remote violence","171","166"
"2018","Egypt","Protests","71","0"
"2018","Egypt","Riots","9","0"
"2018","Egypt","Strategic developments","33","1"
"2018","Egypt","Violence against civilians","45","39"
"2018","El Salvador","Battles","339","421"
"2018","El Salvador","Explosions/Remote violence","7","3"
"2018","El Salvador","Protests","154","0"
"2018","El Salvador","Riots","13","2"
"2018","El Salvador","Strategic developments","39","0"
"2018","El Salvador","Violence against civilians","414","519"
"2018","Equatorial Guinea","Battles","1","1"
"2018","Equatorial Guinea","Strategic developments","2","0"
"2018","Equatorial Guinea","Violence against civilians","4","2"
"2018","Eritrea","Protests","1","0"
"2018","Eritrea","Strategic developments","3","0"
"2018","Eritrea","Violence against civilians","2","1"
"2018","eSwatini","Protests","6","0"
"2018","eSwatini","Riots","2","0"
"2018","eSwatini","Violence against civilians","2","0"
"2018","Ethiopia","Battles","140","731"
"2018","Ethiopia","Explosions/Remote violence","8","22"
"2018","Ethiopia","Protests","295","83"
"2018","Ethiopia","Riots","72","174"
"2018","Ethiopia","Strategic developments","97","0"
"2018","Ethiopia","Violence against civilians","264","574"
"2018","French Guiana","Protests","35","0"
"2018","French Guiana","Riots","9","0"
"2018","French Guiana","Violence against civilians","2","0"
"2018","Gabon","Battles","1","0"
"2018","Gabon","Protests","20","0"
"2018","Gabon","Riots","4","0"
"2018","Gabon","Strategic developments","3","0"
"2018","Gabon","Violence against civilians","2","0"
"2018","Gambia","Battles","1","0"
"2018","Gambia","Protests","5","0"
"2018","Gambia","Riots","5","3"
"2018","Gambia","Strategic developments","1","0"
"2018","Georgia","Explosions/Remote violence","1","1"
"2018","Georgia","Protests","680","0"
"2018","Georgia","Riots","38","0"
"2018","Georgia","Strategic developments","10","0"
"2018","Georgia","Violence against civilians","20","2"
"2018","Ghana","Battles","14","7"
"2018","Ghana","Protests","32","0"
"2018","Ghana","Riots","31","0"
"2018","Ghana","Strategic developments","6","0"
"2018","Ghana","Violence against civilians","19","16"
"2018","Greece","Battles","4","0"
"2018","Greece","Explosions/Remote violence","10","0"
"2018","Greece","Protests","201","0"
"2018","Greece","Riots","146","2"
"2018","Greece","Strategic developments","27","16"
"2018","Greece","Violence against civilians","23","8"
"2018","Grenada","Protests","9","0"
"2018","Guadeloupe","Protests","34","0"
"2018","Guadeloupe","Riots","10","0"
"2018","Guadeloupe","Violence against civilians","1","1"
"2018","Guatemala","Battles","485","459"
"2018","Guatemala","Explosions/Remote violence","3","0"
"2018","Guatemala","Protests","192","0"
"2018","Guatemala","Riots","50","33"
"2018","Guatemala","Strategic developments","24","0"
"2018","Guatemala","Violence against civilians","349","297"
"2018","Guinea","Battles","7","6"
"2018","Guinea","Protests","69","6"
"2018","Guinea","Riots","49","20"
"2018","Guinea","Strategic developments","3","0"
"2018","Guinea","Violence against civilians","17","9"
"2018","Guinea-Bissau","Protests","9","0"
"2018","Guyana","Battles","1","0"
"2018","Guyana","Protests","93","0"
"2018","Guyana","Riots","4","0"
"2018","Guyana","Strategic developments","1","0"
"2018","Guyana","Violence against civilians","2","1"
"2018","Haiti","Battles","61","84"
"2018","Haiti","Explosions/Remote violence","1","0"
"2018","Haiti","Protests","197","6"
"2018","Haiti","Riots","163","61"
"2018","Haiti","Strategic developments","19","1"
"2018","Haiti","Violence against civilians","91","144"
"2018","Honduras","Battles","76","77"
"2018","Honduras","Explosions/Remote violence","1","4"
"2018","Honduras","Protests","435","5"
"2018","Honduras","Riots","107","7"
"2018","Honduras","Strategic developments","46","0"
"2018","Honduras","Violence against civilians","580","701"
"2018","India","Battles","1117","1173"
"2018","India","Explosions/Remote violence","313","157"
"2018","India","Protests","12873","3"
"2018","India","Riots","3125","243"
"2018","India","Strategic developments","239","2"
"2018","India","Violence against civilians","1002","522"
"2018","Indian Ocean","Battles","6","0"
"2018","Indian Ocean","Explosions/Remote violence","9","9"
"2018","Indian Ocean","Strategic developments","13","0"
"2018","Indian Ocean","Violence against civilians","6","0"
"2018","Indonesia","Battles","43","50"
"2018","Indonesia","Explosions/Remote violence","8","42"
"2018","Indonesia","Protests","860","2"
"2018","Indonesia","Riots","81","22"
"2018","Indonesia","Strategic developments","23","0"
"2018","Indonesia","Violence against civilians","69","56"
"2018","Iran","Battles","40","145"
"2018","Iran","Explosions/Remote violence","4","6"
"2018","Iran","Protests","2852","0"
"2018","Iran","Riots","67","9"
"2018","Iran","Strategic developments","71","12"
"2018","Iran","Violence against civilians","71","72"
"2018","Iraq","Battles","922","2278"
"2018","Iraq","Explosions/Remote violence","1816","2503"
"2018","Iraq","Protests","535","20"
"2018","Iraq","Riots","65","40"
"2018","Iraq","Strategic developments","145","10"
"2018","Iraq","Violence against civilians","184","308"
"2018","Israel","Battles","10","3"
"2018","Israel","Explosions/Remote violence","246","1"
"2018","Israel","Protests","405","0"
"2018","Israel","Riots","62","0"
"2018","Israel","Strategic developments","64","0"
"2018","Israel","Violence against civilians","13","3"
"2018","Ivory Coast","Battles","11","5"
"2018","Ivory Coast","Protests","21","0"
"2018","Ivory Coast","Riots","24","3"
"2018","Ivory Coast","Strategic developments","5","0"
"2018","Ivory Coast","Violence against civilians","12","5"
"2018","Jamaica","Battles","58","73"
"2018","Jamaica","Protests","18","0"
"2018","Jamaica","Riots","17","4"
"2018","Jamaica","Strategic developments","17","0"
"2018","Jamaica","Violence against civilians","126","150"
"2018","Japan","Protests","1660","0"
"2018","Japan","Riots","3","0"
"2018","Japan","Strategic developments","9","0"
"2018","Japan","Violence against civilians","1","0"
"2018","Jordan","Battles","23","10"
"2018","Jordan","Explosions/Remote violence","6","1"
"2018","Jordan","Protests","625","0"
"2018","Jordan","Riots","117","7"
"2018","Jordan","Strategic developments","18","0"
"2018","Jordan","Violence against civilians","6","2"
"2018","Kazakhstan","Battles","3","2"
"2018","Kazakhstan","Explosions/Remote violence","1","0"
"2018","Kazakhstan","Protests","162","0"
"2018","Kazakhstan","Riots","3","0"
"2018","Kazakhstan","Strategic developments","7","0"
"2018","Kazakhstan","Violence against civilians","9","1"
"2018","Kenya","Battles","88","160"
"2018","Kenya","Explosions/Remote violence","25","50"
"2018","Kenya","Protests","199","4"
"2018","Kenya","Riots","177","93"
"2018","Kenya","Strategic developments","34","0"
"2018","Kenya","Violence against civilians","133","143"
"2018","Kosovo","Battles","1","0"
"2018","Kosovo","Explosions/Remote violence","4","3"
"2018","Kosovo","Protests","107","0"
"2018","Kosovo","Riots","6","0"
"2018","Kosovo","Strategic developments","24","0"
"2018","Kosovo","Violence against civilians","14","1"
"2018","Kuwait","Protests","5","0"
"2018","Kyrgyzstan","Battles","2","0"
"2018","Kyrgyzstan","Explosions/Remote violence","1","0"
"2018","Kyrgyzstan","Protests","146","0"
"2018","Kyrgyzstan","Riots","15","0"
"2018","Kyrgyzstan","Strategic developments","5","0"
"2018","Kyrgyzstan","Violence against civilians","24","4"
"2018","Laos","Protests","1","0"
"2018","Laos","Strategic developments","1","0"
"2018","Laos","Violence against civilians","1","0"
"2018","Lebanon","Battles","62","21"
"2018","Lebanon","Explosions/Remote violence","15","1"
"2018","Lebanon","Protests","366","0"
"2018","Lebanon","Riots","75","2"
"2018","Lebanon","Strategic developments","38","4"
"2018","Lebanon","Violence against civilians","21","8"
"2018","Lesotho","Protests","1","0"
"2018","Lesotho","Strategic developments","2","0"
"2018","Liberia","Battles","1","0"
"2018","Liberia","Protests","24","0"
"2018","Liberia","Riots","15","2"
"2018","Liberia","Strategic developments","1","0"
"2018","Liberia","Violence against civilians","2","1"
"2018","Libya","Battles","251","747"
"2018","Libya","Explosions/Remote violence","228","359"
"2018","Libya","Protests","117","0"
"2018","Libya","Riots","15","0"
"2018","Libya","Strategic developments","72","0"
"2018","Libya","Violence against civilians","113","122"
"2018","Madagascar","Battles","31","85"
"2018","Madagascar","Protests","27","2"
"2018","Madagascar","Riots","26","16"
"2018","Madagascar","Strategic developments","5","0"
"2018","Madagascar","Violence against civilians","34","40"
"2018","Malawi","Protests","16","0"
"2018","Malawi","Riots","27","14"
"2018","Malawi","Violence against civilians","5","2"
"2018","Malaysia","Battles","4","8"
"2018","Malaysia","Explosions/Remote violence","1","0"
"2018","Malaysia","Protests","155","0"
"2018","Malaysia","Riots","17","3"
"2018","Malaysia","Strategic developments","9","0"
"2018","Malaysia","Violence against civilians","12","4"
"2018","Mali","Battles","205","768"
"2018","Mali","Explosions/Remote violence","112","177"
"2018","Mali","Protests","53","0"
"2018","Mali","Riots","21","20"
"2018","Mali","Strategic developments","98","8"
"2018","Mali","Violence against civilians","266","821"
"2018","Martinique","Protests","43","0"
"2018","Martinique","Riots","12","0"
"2018","Mauritania","Battles","2","3"
"2018","Mauritania","Protests","59","0"
"2018","Mauritania","Riots","2","0"
"2018","Mauritania","Strategic developments","5","0"
"2018","Mauritania","Violence against civilians","1","0"
"2018","Mediterranean Sea","Strategic developments","16","0"
"2018","Mexico","Battles","1570","2086"
"2018","Mexico","Explosions/Remote violence","14","2"
"2018","Mexico","Protests","4277","1"
"2018","Mexico","Riots","829","110"
"2018","Mexico","Strategic developments","471","0"
"2018","Mexico","Violence against civilians","5908","7420"
"2018","Moldova","Protests","178","0"
"2018","Moldova","Riots","1","0"
"2018","Moldova","Strategic developments","28","0"
"2018","Moldova","Violence against civilians","5","0"
"2018","Mongolia","Protests","66","0"
"2018","Mongolia","Strategic developments","4","0"
"2018","Mongolia","Violence against civilians","3","1"
"2018","Montenegro","Explosions/Remote violence","15","2"
"2018","Montenegro","Protests","78","0"
"2018","Montenegro","Riots","1","0"
"2018","Montenegro","Strategic developments","1","0"
"2018","Montenegro","Violence against civilians","6","0"
"2018","Morocco","Battles","1","0"
"2018","Morocco","Protests","206","0"
"2018","Morocco","Riots","16","3"
"2018","Morocco","Strategic developments","9","0"
"2018","Morocco","Violence against civilians","11","4"
"2018","Mozambique","Battles","17","39"
"2018","Mozambique","Explosions/Remote violence","1","0"
"2018","Mozambique","Protests","11","0"
"2018","Mozambique","Riots","22","7"
"2018","Mozambique","Strategic developments","23","0"
"2018","Mozambique","Violence against civilians","74","167"
"2018","Myanmar","Battles","477","164"
"2018","Myanmar","Explosions/Remote violence","173","36"
"2018","Myanmar","Protests","235","0"
"2018","Myanmar","Riots","18","9"
"2018","Myanmar","Strategic developments","70","0"
"2018","Myanmar","Violence against civilians","135","68"
"2018","Namibia","Protests","31","0"
"2018","Namibia","Riots","2","1"
"2018","Nepal","Battles","5","2"
"2018","Nepal","Explosions/Remote violence","70","0"
"2018","Nepal","Protests","1274","0"
"2018","Nepal","Riots","388","6"
"2018","Nepal","Strategic developments","124","0"
"2018","Nepal","Violence against civilians","68","10"
"2018","Nicaragua","Battles","2","2"
"2018","Nicaragua","Explosions/Remote violence","1","0"
"2018","Nicaragua","Protests","688","200"
"2018","Nicaragua","Riots","300","132"
"2018","Nicaragua","Strategic developments","11","0"
"2018","Nicaragua","Violence against civilians","43","22"
"2018","Niger","Battles","42","410"
"2018","Niger","Explosions/Remote violence","5","15"
"2018","Niger","Protests","22","0"
"2018","Niger","Riots","6","0"
"2018","Niger","Strategic developments","29","0"
"2018","Niger","Violence against civilians","67","140"
"2018","Nigeria","Battles","487","2510"
"2018","Nigeria","Explosions/Remote violence","99","755"
"2018","Nigeria","Protests","448","4"
"2018","Nigeria","Riots","191","153"
"2018","Nigeria","Strategic developments","116","4"
"2018","Nigeria","Violence against civilians","684","2683"
"2018","North Korea","Strategic developments","26","0"
"2018","North Korea","Violence against civilians","3","0"
"2018","North Macedonia","Battles","1","1"
"2018","North Macedonia","Protests","78","0"
"2018","North Macedonia","Riots","6","0"
"2018","North Macedonia","Strategic developments","5","0"
"2018","North Macedonia","Violence against civilians","1","0"
"2018","Oman","Protests","6","0"
"2018","Pacific Ocean","Strategic developments","3","0"
"2018","Pakistan","Battles","307","472"
"2018","Pakistan","Explosions/Remote violence","193","415"
"2018","Pakistan","Protests","5185","1"
"2018","Pakistan","Riots","447","45"
"2018","Pakistan","Strategic developments","110","0"
"2018","Pakistan","Violence against civilians","321","295"
"2018","Palestine","Battles","110","56"
"2018","Palestine","Explosions/Remote violence","400","64"
"2018","Palestine","Protests","693","25"
"2018","Palestine","Riots","3326","223"
"2018","Palestine","Strategic developments","1090","10"
"2018","Palestine","Violence against civilians","251","33"
"2018","Panama","Protests","504","0"
"2018","Panama","Riots","23","1"
"2018","Panama","Strategic developments","1","0"
"2018","Panama","Violence against civilians","2","1"
"2018","Paraguay","Battles","3","1"
"2018","Paraguay","Protests","254","0"
"2018","Paraguay","Riots","28","0"
"2018","Paraguay","Strategic developments","3","0"
"2018","Paraguay","Violence against civilians","8","5"
"2018","Peru","Battles","5","8"
"2018","Peru","Protests","343","0"
"2018","Peru","Riots","86","4"
"2018","Peru","Strategic developments","1","0"
"2018","Peru","Violence against civilians","9","7"
"2018","Philippines","Battles","485","601"
"2018","Philippines","Explosions/Remote violence","99","40"
"2018","Philippines","Protests","205","0"
"2018","Philippines","Riots","3","4"
"2018","Philippines","Strategic developments","144","0"
"2018","Philippines","Violence against civilians","1214","1471"
"2018","Puerto Rico","Battles","21","30"
"2018","Puerto Rico","Protests","85","0"
"2018","Puerto Rico","Riots","4","0"
"2018","Puerto Rico","Strategic developments","9","0"
"2018","Puerto Rico","Violence against civilians","121","95"
"2018","Republic of Congo","Protests","1","0"
"2018","Republic of Congo","Riots","5","1"
"2018","Republic of Congo","Strategic developments","4","0"
"2018","Republic of Congo","Violence against civilians","5","27"
"2018","Romania","Protests","555","0"
"2018","Romania","Riots","2","0"
"2018","Romania","Strategic developments","4","0"
"2018","Romania","Violence against civilians","1","0"
"2018","Russia","Battles","61","101"
"2018","Russia","Explosions/Remote violence","14","2"
"2018","Russia","Protests","1282","0"
"2018","Russia","Riots","27","1"
"2018","Russia","Strategic developments","174","1"
"2018","Russia","Violence against civilians","174","15"
"2018","Rwanda","Battles","3","12"
"2018","Rwanda","Explosions/Remote violence","1","0"
"2018","Rwanda","Protests","3","0"
"2018","Rwanda","Riots","2","12"
"2018","Rwanda","Strategic developments","6","0"
"2018","Rwanda","Violence against civilians","19","25"
"2018","Saint Kitts and Nevis","Protests","2","0"
"2018","Saint Kitts and Nevis","Violence against civilians","2","1"
"2018","Saint Lucia","Protests","1","0"
"2018","Saudi Arabia","Battles","203","949"
"2018","Saudi Arabia","Explosions/Remote violence","559","550"
"2018","Saudi Arabia","Protests","2","0"
"2018","Saudi Arabia","Riots","1","0"
"2018","Saudi Arabia","Strategic developments","79","0"
"2018","Saudi Arabia","Violence against civilians","3","0"
"2018","Senegal","Battles","6","10"
"2018","Senegal","Protests","58","0"
"2018","Senegal","Riots","16","1"
"2018","Senegal","Strategic developments","2","0"
"2018","Senegal","Violence against civilians","7","18"
"2018","Serbia","Explosions/Remote violence","15","4"
"2018","Serbia","Protests","198","0"
"2018","Serbia","Riots","5","0"
"2018","Serbia","Strategic developments","2","0"
"2018","Serbia","Violence against civilians","10","1"
"2018","Sierra Leone","Battles","4","2"
"2018","Sierra Leone","Protests","25","0"
"2018","Sierra Leone","Riots","41","3"
"2018","Sierra Leone","Strategic developments","9","0"
"2018","Sierra Leone","Violence against civilians","28","5"
"2018","Sint Maarten","Protests","1","0"
"2018","Somalia","Battles","1475","3108"
"2018","Somalia","Explosions/Remote violence","774","2070"
"2018","Somalia","Protests","120","3"
"2018","Somalia","Riots","34","7"
"2018","Somalia","Strategic developments","207","48"
"2018","Somalia","Violence against civilians","623","580"
"2018","South Africa","Battles","6","2"
"2018","South Africa","Explosions/Remote violence","1","0"
"2018","South Africa","Protests","569","2"
"2018","South Africa","Riots","474","58"
"2018","South Africa","Strategic developments","10","0"
"2018","South Africa","Violence against civilians","42","54"
"2018","South Korea","Protests","3986","0"
"2018","South Korea","Riots","41","0"
"2018","South Korea","Strategic developments","2","0"
"2018","South Sudan","Battles","437","1149"
"2018","South Sudan","Explosions/Remote violence","14","30"
"2018","South Sudan","Protests","17","0"
"2018","South Sudan","Riots","13","5"
"2018","South Sudan","Strategic developments","82","0"
"2018","South Sudan","Violence against civilians","322","544"
"2018","Sri Lanka","Battles","9","6"
"2018","Sri Lanka","Explosions/Remote violence","1","2"
"2018","Sri Lanka","Protests","430","0"
"2018","Sri Lanka","Riots","90","7"
"2018","Sri Lanka","Strategic developments","29","0"
"2018","Sri Lanka","Violence against civilians","37","11"
"2018","Sudan","Battles","153","703"
"2018","Sudan","Explosions/Remote violence","32","28"
"2018","Sudan","Protests","158","9"
"2018","Sudan","Riots","44","28"
"2018","Sudan","Strategic developments","62","0"
"2018","Sudan","Violence against civilians","291","287"
"2018","Suriname","Battles","1","1"
"2018","Suriname","Protests","26","0"
"2018","Suriname","Riots","2","0"
"2018","Suriname","Strategic developments","5","0"
"2018","Suriname","Violence against civilians","1","0"
"2018","Syria","Battles","4276","16414"
"2018","Syria","Explosions/Remote violence","12724","11537"
"2018","Syria","Protests","539","25"
"2018","Syria","Riots","17","0"
"2018","Syria","Strategic developments","1866","16"
"2018","Syria","Violence against civilians","1223","2252"
"2018","Taiwan","Protests","648","0"
"2018","Taiwan","Riots","29","0"
"2018","Taiwan","Strategic developments","2","0"
"2018","Tajikistan","Battles","1","1"
"2018","Tajikistan","Explosions/Remote violence","1","2"
"2018","Tajikistan","Protests","8","0"
"2018","Tajikistan","Riots","2","53"
"2018","Tajikistan","Strategic developments","7","0"
"2018","Tajikistan","Violence against civilians","12","9"
"2018","Tanzania","Battles","4","18"
"2018","Tanzania","Protests","12","1"
"2018","Tanzania","Riots","14","14"
"2018","Tanzania","Strategic developments","8","0"
"2018","Tanzania","Violence against civilians","17","8"
"2018","Thailand","Battles","87","44"
"2018","Thailand","Explosions/Remote violence","92","8"
"2018","Thailand","Protests","164","0"
"2018","Thailand","Riots","3","0"
"2018","Thailand","Strategic developments","89","0"
"2018","Thailand","Violence against civilians","70","64"
"2018","Togo","Battles","1","0"
"2018","Togo","Protests","26","2"
"2018","Togo","Riots","18","4"
"2018","Togo","Strategic developments","1","0"
"2018","Togo","Violence against civilians","1","0"
"2018","Trinidad and Tobago","Battles","69","67"
"2018","Trinidad and Tobago","Protests","97","0"
"2018","Trinidad and Tobago","Riots","23","1"
"2018","Trinidad and Tobago","Strategic developments","15","0"
"2018","Trinidad and Tobago","Violence against civilians","208","173"
"2018","Tunisia","Battles","21","18"
"2018","Tunisia","Explosions/Remote violence","22","9"
"2018","Tunisia","Protests","426","0"
"2018","Tunisia","Riots","227","3"
"2018","Tunisia","Strategic developments","30","0"
"2018","Tunisia","Violence against civilians","12","6"
"2018","Turkey","Battles","602","703"
"2018","Turkey","Explosions/Remote violence","178","246"
"2018","Turkey","Protests","1820","0"
"2018","Turkey","Riots","92","0"
"2018","Turkey","Strategic developments","263","8"
"2018","Turkey","Violence against civilians","125","33"
"2018","Turkmenistan","Battles","1","25"
"2018","Turkmenistan","Protests","1","0"
"2018","Turkmenistan","Riots","2","0"
"2018","Turkmenistan","Strategic developments","1","0"
"2018","Turkmenistan","Violence against civilians","2","0"
"2018","Turks and Caicos Islands","Protests","2","0"
"2018","Turks and Caicos Islands","Strategic developments","4","0"
"2018","Uganda","Battles","18","20"
"2018","Uganda","Explosions/Remote violence","2","1"
"2018","Uganda","Protests","76","3"
"2018","Uganda","Riots","129","48"
"2018","Uganda","Strategic developments","37","0"
"2018","Uganda","Violence against civilians","102","69"
"2018","Ukraine","Battles","8050","702"
"2018","Ukraine","Explosions/Remote violence","5147","164"
"2018","Ukraine","Protests","1291","0"
"2018","Ukraine","Riots","156","0"
"2018","Ukraine","Strategic developments","445","12"
"2018","Ukraine","Violence against civilians","123","19"
"2018","United Arab Emirates","Explosions/Remote violence","1","0"
"2018","United Arab Emirates","Protests","1","0"
"2018","Uruguay","Protests","42","0"
"2018","Uruguay","Riots","10","0"
"2018","Uruguay","Strategic developments","2","0"
"2018","Uzbekistan","Protests","11","0"
"2018","Uzbekistan","Riots","3","0"
"2018","Uzbekistan","Strategic developments","3","0"
"2018","Uzbekistan","Violence against civilians","11","2"
"2018","Venezuela","Battles","912","1703"
"2018","Venezuela","Explosions/Remote violence","21","6"
"2018","Venezuela","Protests","2027","9"
"2018","Venezuela","Riots","245","141"
"2018","Venezuela","Strategic developments","42","1"
"2018","Venezuela","Violence against civilians","884","1224"
"2018","Vietnam","Protests","37","0"
"2018","Vietnam","Riots","8","0"
"2018","Vietnam","Strategic developments","5","0"
"2018","Vietnam","Violence against civilians","10","3"
"2018","Yemen","Battles","3699","21816"
"2018","Yemen","Explosions/Remote violence","6651","11935"
"2018","Yemen","Protests","318","6"
"2018","Yemen","Riots","60","7"
"2018","Yemen","Strategic developments","303","26"
"2018","Yemen","Violence against civilians","434","409"
"2018","Zambia","Battles","2","1"
"2018","Zambia","Protests","15","0"
"2018","Zambia","Riots","24","9"
"2018","Zambia","Strategic developments","4","0"
"2018","Zambia","Violence against civilians","15","8"
"2018","Zimbabwe","Battles","8","5"
"2018","Zimbabwe","Explosions/Remote violence","2","2"
"2018","Zimbabwe","Protests","76","0"
"2018","Zimbabwe","Riots","101","13"
"2018","Zimbabwe","Strategic developments","19","0"
"2018","Zimbabwe","Violence against civilians","153","8"
"2019","Afghanistan","Battles","9150","26219"
"2019","Afghanistan","Explosions/Remote violence","4042","14621"
"2019","Afghanistan","Protests","59","5"
"2019","Afghanistan","Riots","3","4"
"2019","Afghanistan","Strategic developments","240","186"
"2019","Afghanistan","Violence against civilians","408","386"
"2019","Akrotiri and Dhekelia","Strategic developments","1","0"
"2019","Albania","Explosions/Remote violence","1","0"
"2019","Albania","Protests","240","0"
"2019","Albania","Riots","93","0"
"2019","Albania","Strategic developments","13","0"
"2019","Albania","Violence against civilians","4","0"
"2019","Algeria","Battles","6","17"
"2019","Algeria","Explosions/Remote violence","1","0"
"2019","Algeria","Protests","2101","0"
"2019","Algeria","Riots","17","1"
"2019","Algeria","Strategic developments","44","0"
"2019","Algeria","Violence against civilians","4","2"
"2019","Angola","Battles","1","12"
"2019","Angola","Explosions/Remote violence","1","1"
"2019","Angola","Protests","37","0"
"2019","Angola","Riots","10","4"
"2019","Angola","Strategic developments","5","0"
"2019","Angola","Violence against civilians","9","6"
"2019","Antigua and Barbuda","Protests","8","0"
"2019","Antigua and Barbuda","Riots","1","0"
"2019","Antigua and Barbuda","Violence against civilians","1","0"
"2019","Argentina","Battles","1","0"
"2019","Argentina","Protests","1110","0"
"2019","Argentina","Riots","117","9"
"2019","Argentina","Strategic developments","11","0"
"2019","Argentina","Violence against civilians","32","15"
"2019","Armenia","Battles","1263","2"
"2019","Armenia","Explosions/Remote violence","97","0"
"2019","Armenia","Protests","305","0"
"2019","Armenia","Riots","16","0"
"2019","Armenia","Strategic developments","4","0"
"2019","Armenia","Violence against civilians","5","0"
"2019","Aruba","Protests","11","0"
"2019","Austria","Protests","1","0"
"2019","Azerbaijan","Battles","4345","12"
"2019","Azerbaijan","Explosions/Remote violence","7","1"
"2019","Azerbaijan","Protests","58","0"
"2019","Azerbaijan","Strategic developments","17","0"
"2019","Azerbaijan","Violence against civilians","7","1"
"2019","Bahamas","Battles","1","0"
"2019","Bahamas","Protests","6","0"
"2019","Bahamas","Strategic developments","8","0"
"2019","Bahamas","Violence against civilians","3","1"
"2019","Bahrain","Protests","364","1"
"2019","Bahrain","Riots","337","0"
"2019","Bahrain","Strategic developments","11","0"
"2019","Bahrain","Violence against civilians","3","0"
"2019","Bangladesh","Battles","97","66"
"2019","Bangladesh","Explosions/Remote violence","6","2"
"2019","Bangladesh","Protests","937","1"
"2019","Bangladesh","Riots","397","121"
"2019","Bangladesh","Strategic developments","16","0"
"2019","Bangladesh","Violence against civilians","261","197"
"2019","Belarus","Battles","1","0"
"2019","Belarus","Protests","169","0"
"2019","Belarus","Strategic developments","10","0"
"2019","Belarus","Violence against civilians","6","0"
"2019","Belgium","Protests","2","0"
"2019","Belize","Battles","29","18"
"2019","Belize","Protests","26","0"
"2019","Belize","Riots","9","1"
"2019","Belize","Strategic developments","12","0"
"2019","Belize","Violence against civilians","123","81"
"2019","Benin","Battles","7","14"
"2019","Benin","Protests","20","0"
"2019","Benin","Riots","26","12"
"2019","Benin","Strategic developments","5","0"
"2019","Benin","Violence against civilians","9","11"
"2019","Bolivia","Protests","452","0"
"2019","Bolivia","Riots","164","31"
"2019","Bolivia","Strategic developments","3","0"
"2019","Bolivia","Violence against civilians","8","5"
"2019","Bosnia and Herzegovina","Explosions/Remote violence","10","0"
"2019","Bosnia and Herzegovina","Protests","142","0"
"2019","Bosnia and Herzegovina","Riots","8","0"
"2019","Bosnia and Herzegovina","Strategic developments","8","0"
"2019","Bosnia and Herzegovina","Violence against civilians","15","1"
"2019","Botswana","Protests","11","0"
"2019","Botswana","Riots","1","0"
"2019","Brazil","Battles","3694","3153"
"2019","Brazil","Explosions/Remote violence","171","1"
"2019","Brazil","Protests","3346","1"
"2019","Brazil","Riots","560","16"
"2019","Brazil","Strategic developments","2251","0"
"2019","Brazil","Violence against civilians","2571","2556"
"2019","British Virgin Islands","Protests","1","0"
"2019","Bulgaria","Protests","379","0"
"2019","Bulgaria","Riots","8","0"
"2019","Bulgaria","Strategic developments","8","0"
"2019","Bulgaria","Violence against civilians","4","0"
"2019","Burkina Faso","Battles","214","786"
"2019","Burkina Faso","Explosions/Remote violence","52","109"
"2019","Burkina Faso","Protests","143","0"
"2019","Burkina Faso","Riots","21","12"
"2019","Burkina Faso","Strategic developments","110","3"
"2019","Burkina Faso","Violence against civilians","344","1153"
"2019","Burundi","Battles","82","104"
"2019","Burundi","Explosions/Remote violence","29","12"
"2019","Burundi","Protests","51","0"
"2019","Burundi","Riots","46","22"
"2019","Burundi","Strategic developments","87","0"
"2019","Burundi","Violence against civilians","500","165"
"2019","Cambodia","Battles","2","0"
"2019","Cambodia","Protests","68","0"
"2019","Cambodia","Riots","5","0"
"2019","Cambodia","Strategic developments","9","0"
"2019","Cambodia","Violence against civilians","13","5"
"2019","Cameroon","Battles","257","679"
"2019","Cameroon","Explosions/Remote violence","16","22"
"2019","Cameroon","Protests","44","0"
"2019","Cameroon","Riots","19","3"
"2019","Cameroon","Strategic developments","114","0"
"2019","Cameroon","Violence against civilians","439","599"
"2019","Caribbean Netherlands","Protests","1","0"
"2019","Cayman Islands","Protests","7","0"
"2019","Central African Republic","Battles","74","349"
"2019","Central African Republic","Explosions/Remote violence","3","7"
"2019","Central African Republic","Protests","38","0"
"2019","Central African Republic","Riots","14","4"
"2019","Central African Republic","Strategic developments","72","0"
"2019","Central African Republic","Violence against civilians","103","235"
"2019","Chad","Battles","50","443"
"2019","Chad","Explosions/Remote violence","18","40"
"2019","Chad","Protests","37","2"
"2019","Chad","Riots","24","6"
"2019","Chad","Strategic developments","33","0"
"2019","Chad","Violence against civilians","48","69"
"2019","Chile","Battles","4","0"
"2019","Chile","Explosions/Remote violence","4","0"
"2019","Chile","Protests","1900","3"
"2019","Chile","Riots","1254","34"
"2019","Chile","Strategic developments","165","0"
"2019","Chile","Violence against civilians","76","6"
"2019","China","Battles","1","0"
"2019","China","Explosions/Remote violence","1","1"
"2019","China","Protests","2417","0"
"2019","China","Riots","284","1"
"2019","China","Strategic developments","511","0"
"2019","China","Violence against civilians","534","13"
"2019","Colombia","Battles","516","349"
"2019","Colombia","Explosions/Remote violence","243","108"
"2019","Colombia","Protests","619","6"
"2019","Colombia","Riots","190","15"
"2019","Colombia","Strategic developments","389","1"
"2019","Colombia","Violence against civilians","964","946"
"2019","Costa Rica","Battles","1","1"
"2019","Costa Rica","Explosions/Remote violence","3","0"
"2019","Costa Rica","Protests","335","0"
"2019","Costa Rica","Riots","26","0"
"2019","Costa Rica","Strategic developments","8","0"
"2019","Costa Rica","Violence against civilians","9","9"
"2019","Croatia","Explosions/Remote violence","10","1"
"2019","Croatia","Protests","206","0"
"2019","Croatia","Riots","5","0"
"2019","Croatia","Strategic developments","1","0"
"2019","Croatia","Violence against civilians","12","2"
"2019","Cuba","Protests","18","0"
"2019","Cuba","Strategic developments","3","0"
"2019","Cuba","Violence against civilians","8","2"
"2019","Curacao","Protests","8","0"
"2019","Curacao","Riots","1","0"
"2019","Cyprus","Explosions/Remote violence","2","0"
"2019","Cyprus","Protests","180","0"
"2019","Cyprus","Riots","6","0"
"2019","Cyprus","Strategic developments","16","0"
"2019","Cyprus","Violence against civilians","4","1"
"2019","Democratic Republic of Congo","Battles","966","2453"
"2019","Democratic Republic of Congo","Explosions/Remote violence","13","15"
"2019","Democratic Republic of Congo","Protests","546","8"
"2019","Democratic Republic of Congo","Riots","214","127"
"2019","Democratic Republic of Congo","Strategic developments","487","0"
"2019","Democratic Republic of Congo","Violence against civilians","1407","1984"
"2019","Denmark","Protests","1","0"
"2019","Djibouti","Battles","1","0"
"2019","Djibouti","Protests","6","0"
"2019","Djibouti","Riots","2","0"
"2019","Djibouti","Strategic developments","3","0"
"2019","Djibouti","Violence against civilians","6","4"
"2019","Dominica","Protests","12","0"
"2019","Dominica","Riots","6","0"
"2019","Dominica","Violence against civilians","1","1"
"2019","Dominican Republic","Battles","1","2"
"2019","Dominican Republic","Protests","23","0"
"2019","Dominican Republic","Riots","10","5"
"2019","Dominican Republic","Strategic developments","2","0"
"2019","Dominican Republic","Violence against civilians","13","11"
"2019","Ecuador","Battles","1","0"
"2019","Ecuador","Explosions/Remote violence","4","0"
"2019","Ecuador","Protests","309","0"
"2019","Ecuador","Riots","92","7"
"2019","Ecuador","Strategic developments","5","1"
"2019","Ecuador","Violence against civilians","6","4"
"2019","Egypt","Battles","135","594"
"2019","Egypt","Explosions/Remote violence","299","347"
"2019","Egypt","Protests","109","0"
"2019","Egypt","Riots","7","0"
"2019","Egypt","Strategic developments","54","0"
"2019","Egypt","Violence against civilians","95","44"
"2019","El Salvador","Battles","335","387"
"2019","El Salvador","Explosions/Remote violence","1","0"
"2019","El Salvador","Protests","99","0"
"2019","El Salvador","Riots","12","7"
"2019","El Salvador","Strategic developments","57","0"
"2019","El Salvador","Violence against civilians","448","505"
"2019","Equatorial Guinea","Protests","1","0"
"2019","Equatorial Guinea","Violence against civilians","2","1"
"2019","Eritrea","Strategic developments","4","0"
"2019","Estonia","Protests","1","0"
"2019","eSwatini","Protests","17","0"
"2019","eSwatini","Riots","9","2"
"2019","eSwatini","Violence against civilians","5","1"
"2019","Ethiopia","Battles","44","188"
"2019","Ethiopia","Explosions/Remote violence","6","17"
"2019","Ethiopia","Protests","133","41"
"2019","Ethiopia","Riots","67","133"
"2019","Ethiopia","Strategic developments","15","0"
"2019","Ethiopia","Violence against civilians","53","288"
"2019","France","Protests","25","0"
"2019","France","Riots","1","0"
"2019","Gabon","Battles","2","5"
"2019","Gabon","Protests","33","0"
"2019","Gabon","Riots","5","0"
"2019","Gabon","Strategic developments","5","0"
"2019","Gabon","Violence against civilians","2","1"
"2019","Gambia","Battles","3","1"
"2019","Gambia","Protests","7","0"
"2019","Gambia","Riots","5","0"
"2019","Gambia","Strategic developments","2","0"
"2019","Gambia","Violence against civilians","1","1"
"2019","Georgia","Battles","3","0"
"2019","Georgia","Protests","823","0"
"2019","Georgia","Riots","28","1"
"2019","Georgia","Strategic developments","13","0"
"2019","Georgia","Violence against civilians","12","2"
"2019","Germany","Protests","9","0"
"2019","Germany","Strategic developments","3","0"
"2019","Ghana","Battles","23","14"
"2019","Ghana","Protests","75","1"
"2019","Ghana","Riots","48","12"
"2019","Ghana","Strategic developments","6","0"
"2019","Ghana","Violence against civilians","30","19"
"2019","Greece","Battles","1","0"
"2019","Greece","Explosions/Remote violence","15","0"
"2019","Greece","Protests","498","0"
"2019","Greece","Riots","252","3"
"2019","Greece","Strategic developments","62","0"
"2019","Greece","Violence against civilians","46","4"
"2019","Grenada","Protests","1","0"
"2019","Guadeloupe","Protests","9","0"
"2019","Guadeloupe","Riots","1","0"
"2019","Guatemala","Battles","545","590"
"2019","Guatemala","Explosions/Remote violence","3","0"
"2019","Guatemala","Protests","304","0"
"2019","Guatemala","Riots","141","17"
"2019","Guatemala","Strategic developments","73","0"
"2019","Guatemala","Violence against civilians","526","509"
"2019","Guinea","Battles","5","12"
"2019","Guinea","Protests","133","11"
"2019","Guinea","Riots","69","16"
"2019","Guinea","Strategic developments","18","0"
"2019","Guinea","Violence against civilians","17","6"
"2019","Guinea-Bissau","Protests","9","1"
"2019","Guinea-Bissau","Riots","1","0"
"2019","Guinea-Bissau","Strategic developments","2","0"
"2019","Guyana","Protests","49","0"
"2019","Guyana","Riots","1","1"
"2019","Guyana","Violence against civilians","3","1"
"2019","Haiti","Battles","120","177"
"2019","Haiti","Protests","367","7"
"2019","Haiti","Riots","462","104"
"2019","Haiti","Strategic developments","59","0"
"2019","Haiti","Violence against civilians","180","198"
"2019","Honduras","Battles","127","207"
"2019","Honduras","Explosions/Remote violence","6","0"
"2019","Honduras","Protests","648","2"
"2019","Honduras","Riots","206","13"
"2019","Honduras","Strategic developments","105","0"
"2019","Honduras","Violence against civilians","667","793"
"2019","India","Battles","1009","571"
"2019","India","Explosions/Remote violence","233","115"
"2019","India","Protests","16550","4"
"2019","India","Riots","4329","295"
"2019","India","Strategic developments","310","5"
"2019","India","Violence against civilians","1086","513"
"2019","Indian Ocean","Explosions/Remote violence","12","0"
"2019","Indian Ocean","Strategic developments","19","0"
"2019","Indian Ocean","Violence against civilians","1","1"
"2019","Indonesia","Battles","54","46"
"2019","Indonesia","Explosions/Remote violence","6","6"
"2019","Indonesia","Protests","1199","1"
"2019","Indonesia","Riots","178","78"
"2019","Indonesia","Strategic developments","85","0"
"2019","Indonesia","Violence against civilians","117","71"
"2019","Iran","Battles","34","37"
"2019","Iran","Explosions/Remote violence","8","29"
"2019","Iran","Protests","2215","0"
"2019","Iran","Riots","214","390"
"2019","Iran","Strategic developments","92","12"
"2019","Iran","Violence against civilians","23","12"
"2019","Iraq","Battles","738","1490"
"2019","Iraq","Explosions/Remote violence","1352","1309"
"2019","Iraq","Protests","981","79"
"2019","Iraq","Riots","260","390"
"2019","Iraq","Strategic developments","195","8"
"2019","Iraq","Violence against civilians","195","238"
"2019","Ireland","Protests","1","0"
"2019","Israel","Battles","7","0"
"2019","Israel","Explosions/Remote violence","182","5"
"2019","Israel","Protests","427","0"
"2019","Israel","Riots","77","1"
"2019","Israel","Strategic developments","120","0"
"2019","Israel","Violence against civilians","20","5"
"2019","Italy","Protests","19","0"
"2019","Italy","Riots","3","0"
"2019","Italy","Strategic developments","3","0"
"2019","Ivory Coast","Battles","12","21"
"2019","Ivory Coast","Protests","99","2"
"2019","Ivory Coast","Riots","88","15"
"2019","Ivory Coast","Strategic developments","7","0"
"2019","Ivory Coast","Violence against civilians","18","8"
"2019","Jamaica","Battles","57","40"
"2019","Jamaica","Protests","19","0"
"2019","Jamaica","Riots","8","3"
"2019","Jamaica","Strategic developments","34","0"
"2019","Jamaica","Violence against civilians","193","234"
"2019","Japan","Protests","1321","0"
"2019","Japan","Riots","1","0"
"2019","Japan","Strategic developments","8","0"
"2019","Jordan","Battles","19","10"
"2019","Jordan","Explosions/Remote violence","2","4"
"2019","Jordan","Protests","694","0"
"2019","Jordan","Riots","79","10"
"2019","Jordan","Strategic developments","43","0"
"2019","Jordan","Violence against civilians","5","1"
"2019","Kazakhstan","Battles","2","1"
"2019","Kazakhstan","Protests","506","0"
"2019","Kazakhstan","Riots","11","1"
"2019","Kazakhstan","Strategic developments","16","0"
"2019","Kazakhstan","Violence against civilians","26","5"
"2019","Kenya","Battles","51","109"
"2019","Kenya","Explosions/Remote violence","7","25"
"2019","Kenya","Protests","186","0"
"2019","Kenya","Riots","133","78"
"2019","Kenya","Strategic developments","18","0"
"2019","Kenya","Violence against civilians","118","176"
"2019","Kosovo","Battles","1","0"
"2019","Kosovo","Explosions/Remote violence","2","0"
"2019","Kosovo","Protests","108","0"
"2019","Kosovo","Riots","6","0"
"2019","Kosovo","Strategic developments","6","0"
"2019","Kosovo","Violence against civilians","13","0"
"2019","Kuwait","Protests","21","0"
"2019","Kuwait","Riots","1","0"
"2019","Kyrgyzstan","Battles","6","7"
"2019","Kyrgyzstan","Protests","213","0"
"2019","Kyrgyzstan","Riots","28","1"
"2019","Kyrgyzstan","Strategic developments","17","0"
"2019","Kyrgyzstan","Violence against civilians","22","0"
"2019","Laos","Strategic developments","2","1"
"2019","Laos","Violence against civilians","2","1"
"2019","Lebanon","Battles","37","10"
"2019","Lebanon","Explosions/Remote violence","17","3"
"2019","Lebanon","Protests","2907","1"
"2019","Lebanon","Riots","580","4"
"2019","Lebanon","Strategic developments","92","3"
"2019","Lebanon","Violence against civilians","25","4"
"2019","Lesotho","Battles","1","2"
"2019","Lesotho","Protests","5","0"
"2019","Lesotho","Riots","3","3"
"2019","Lesotho","Violence against civilians","2","1"
"2019","Liberia","Protests","39","1"
"2019","Liberia","Riots","31","7"
"2019","Liberia","Strategic developments","5","0"
"2019","Liberia","Violence against civilians","4","3"
"2019","Libya","Battles","493","1225"
"2019","Libya","Explosions/Remote violence","686","959"
"2019","Libya","Protests","134","0"
"2019","Libya","Riots","6","0"
"2019","Libya","Strategic developments","83","0"
"2019","Libya","Violence against civilians","75","117"
"2019","Lithuania","Protests","1","0"
"2019","Madagascar","Battles","130","239"
"2019","Madagascar","Protests","40","0"
"2019","Madagascar","Riots","39","31"
"2019","Madagascar","Strategic developments","14","0"
"2019","Madagascar","Violence against civilians","104","78"
"2019","Malawi","Protests","51","0"
"2019","Malawi","Riots","57","26"
"2019","Malawi","Strategic developments","5","0"
"2019","Malawi","Violence against civilians","6","1"
"2019","Malaysia","Battles","2","4"
"2019","Malaysia","Protests","172","0"
"2019","Malaysia","Riots","11","0"
"2019","Malaysia","Strategic developments","17","0"
"2019","Malaysia","Violence against civilians","21","10"
"2019","Mali","Battles","186","826"
"2019","Mali","Explosions/Remote violence","108","234"
"2019","Mali","Protests","117","0"
"2019","Mali","Riots","35","2"
"2019","Mali","Strategic developments","83","2"
"2019","Mali","Violence against civilians","297","770"
"2019","Martinique","Protests","13","0"
"2019","Martinique","Riots","2","0"
"2019","Mauritania","Protests","119","0"
"2019","Mauritania","Riots","5","0"
"2019","Mauritania","Violence against civilians","3","3"
"2019","Mediterranean Sea","Strategic developments","50","0"
"2019","Mexico","Battles","1524","1837"
"2019","Mexico","Explosions/Remote violence","14","1"
"2019","Mexico","Protests","4804","0"
"2019","Mexico","Riots","812","85"
"2019","Mexico","Strategic developments","461","0"
"2019","Mexico","Violence against civilians","5671","7233"
"2019","Moldova","Battles","1","0"
"2019","Moldova","Protests","176","0"
"2019","Moldova","Riots","9","0"
"2019","Moldova","Strategic developments","48","0"
"2019","Moldova","Violence against civilians","6","0"
"2019","Mongolia","Protests","84","0"
"2019","Mongolia","Riots","1","0"
"2019","Mongolia","Strategic developments","9","0"
"2019","Montenegro","Explosions/Remote violence","9","0"
"2019","Montenegro","Protests","136","0"
"2019","Montenegro","Riots","3","0"
"2019","Montenegro","Strategic developments","5","0"
"2019","Montenegro","Violence against civilians","7","0"
"2019","Morocco","Battles","3","1"
"2019","Morocco","Explosions/Remote violence","1","1"
"2019","Morocco","Protests","823","1"
"2019","Morocco","Riots","24","1"
"2019","Morocco","Strategic developments","10","0"
"2019","Morocco","Violence against civilians","5","2"
"2019","Mozambique","Battles","42","296"
"2019","Mozambique","Protests","26","0"
"2019","Mozambique","Riots","34","17"
"2019","Mozambique","Strategic developments","20","11"
"2019","Mozambique","Violence against civilians","232","369"
"2019","Myanmar","Battles","754","1376"
"2019","Myanmar","Explosions/Remote violence","252","90"
"2019","Myanmar","Protests","461","4"
"2019","Myanmar","Riots","14","25"
"2019","Myanmar","Strategic developments","138","1"
"2019","Myanmar","Violence against civilians","247","138"
"2019","Namibia","Protests","43","0"
"2019","Namibia","Strategic developments","2","2"
"2019","Namibia","Violence against civilians","4","2"
"2019","Nepal","Battles","20","7"
"2019","Nepal","Explosions/Remote violence","79","11"
"2019","Nepal","Protests","2201","0"
"2019","Nepal","Riots","546","12"
"2019","Nepal","Strategic developments","282","1"
"2019","Nepal","Violence against civilians","112","18"
"2019","Netherlands","Protests","1","0"
"2019","Nicaragua","Battles","1","0"
"2019","Nicaragua","Explosions/Remote violence","6","0"
"2019","Nicaragua","Protests","211","0"
"2019","Nicaragua","Riots","19","1"
"2019","Nicaragua","Strategic developments","22","0"
"2019","Nicaragua","Violence against civilians","59","28"
"2019","Niger","Battles","46","426"
"2019","Niger","Explosions/Remote violence","35","58"
"2019","Niger","Protests","32","0"
"2019","Niger","Riots","11","2"
"2019","Niger","Strategic developments","66","0"
"2019","Niger","Violence against civilians","182","184"
"2019","Nigeria","Battles","613","2645"
"2019","Nigeria","Explosions/Remote violence","92","775"
"2019","Nigeria","Protests","632","10"
"2019","Nigeria","Riots","183","102"
"2019","Nigeria","Strategic developments","124","9"
"2019","Nigeria","Violence against civilians","789","2292"
"2019","North Korea","Strategic developments","15","0"
"2019","North Korea","Violence against civilians","4","9"
"2019","North Macedonia","Protests","182","0"
"2019","North Macedonia","Riots","1","0"
"2019","North Macedonia","Strategic developments","11","0"
"2019","North Macedonia","Violence against civilians","3","0"
"2019","Norway","Protests","1","0"
"2019","Pacific Ocean","Riots","3","3"
"2019","Pacific Ocean","Strategic developments","54","0"
"2019","Pacific Ocean","Violence against civilians","3","6"
"2019","Pakistan","Battles","394","627"
"2019","Pakistan","Explosions/Remote violence","182","182"
"2019","Pakistan","Protests","6129","1"
"2019","Pakistan","Riots","442","13"
"2019","Pakistan","Strategic developments","153","0"
"2019","Pakistan","Violence against civilians","374","312"
"2019","Palestine","Battles","95","25"
"2019","Palestine","Explosions/Remote violence","415","89"
"2019","Palestine","Protests","340","2"
"2019","Palestine","Riots","2513","48"
"2019","Palestine","Strategic developments","1470","1"
"2019","Palestine","Violence against civilians","357","18"
"2019","Panama","Battles","1","0"
"2019","Panama","Protests","355","0"
"2019","Panama","Riots","20","0"
"2019","Panama","Strategic developments","3","0"
"2019","Panama","Violence against civilians","6","2"
"2019","Paraguay","Battles","5","12"
"2019","Paraguay","Explosions/Remote violence","2","0"
"2019","Paraguay","Protests","512","0"
"2019","Paraguay","Riots","50","3"
"2019","Paraguay","Strategic developments","5","0"
"2019","Paraguay","Violence against civilians","14","10"
"2019","Peru","Battles","5","8"
"2019","Peru","Explosions/Remote violence","5","1"
"2019","Peru","Protests","513","2"
"2019","Peru","Riots","175","1"
"2019","Peru","Strategic developments","4","0"
"2019","Peru","Violence against civilians","21","20"
"2019","Philippines","Battles","412","547"
"2019","Philippines","Explosions/Remote violence","60","48"
"2019","Philippines","Protests","324","0"
"2019","Philippines","Riots","11","4"
"2019","Philippines","Strategic developments","101","0"
"2019","Philippines","Violence against civilians","1035","1126"
"2019","Poland","Protests","2","0"
"2019","Puerto Rico","Battles","28","34"
"2019","Puerto Rico","Protests","60","0"
"2019","Puerto Rico","Riots","4","0"
"2019","Puerto Rico","Strategic developments","9","0"
"2019","Puerto Rico","Violence against civilians","123","116"
"2019","Qatar","Protests","3","0"
"2019","Qatar","Riots","1","0"
"2019","Republic of Congo","Protests","12","0"
"2019","Republic of Congo","Riots","2","2"
"2019","Republic of Congo","Strategic developments","2","0"
"2019","Republic of Congo","Violence against civilians","2","0"
"2019","Romania","Protests","570","0"
"2019","Romania","Riots","6","0"
"2019","Romania","Strategic developments","20","0"
"2019","Romania","Violence against civilians","3","1"
"2019","Russia","Battles","22","40"
"2019","Russia","Protests","2005","0"
"2019","Russia","Riots","11","0"
"2019","Russia","Strategic developments","28","0"
"2019","Russia","Violence against civilians","39","6"
"2019","Rwanda","Battles","8","26"
"2019","Rwanda","Explosions/Remote violence","1","0"
"2019","Rwanda","Protests","2","2"
"2019","Rwanda","Strategic developments","2","0"
"2019","Rwanda","Violence against civilians","40","57"
"2019","Saint Lucia","Protests","2","0"
"2019","Saint Lucia","Violence against civilians","1","0"
"2019","Saint Vincent and the Grenadines","Protests","1","0"
"2019","Saint-Martin","Protests","6","0"
"2019","Saudi Arabia","Battles","79","536"
"2019","Saudi Arabia","Explosions/Remote violence","162","468"
"2019","Saudi Arabia","Protests","1","0"
"2019","Saudi Arabia","Riots","1","0"
"2019","Saudi Arabia","Strategic developments","50","37"
"2019","Saudi Arabia","Violence against civilians","3","2"
"2019","Senegal","Battles","1","2"
"2019","Senegal","Protests","39","0"
"2019","Senegal","Riots","7","0"
"2019","Senegal","Strategic developments","4","0"
"2019","Senegal","Violence against civilians","2","2"
"2019","Serbia","Battles","1","0"
"2019","Serbia","Explosions/Remote violence","12","0"
"2019","Serbia","Protests","1005","0"
"2019","Serbia","Riots","18","1"
"2019","Serbia","Strategic developments","15","0"
"2019","Serbia","Violence against civilians","16","0"
"2019","Sierra Leone","Battles","9","5"
"2019","Sierra Leone","Protests","23","0"
"2019","Sierra Leone","Riots","59","7"
"2019","Sierra Leone","Strategic developments","14","0"
"2019","Sierra Leone","Violence against civilians","20","1"
"2019","Sint Maarten","Protests","1","0"
"2019","Sint Maarten","Strategic developments","1","0"
"2019","Somalia","Battles","1424","2413"
"2019","Somalia","Explosions/Remote violence","833","1899"
"2019","Somalia","Protests","87","2"
"2019","Somalia","Riots","20","5"
"2019","Somalia","Strategic developments","177","19"
"2019","Somalia","Violence against civilians","574","697"
"2019","South Africa","Battles","6","12"
"2019","South Africa","Explosions/Remote violence","1","0"
"2019","South Africa","Protests","883","3"
"2019","South Africa","Riots","632","118"
"2019","South Africa","Strategic developments","11","0"
"2019","South Africa","Violence against civilians","69","64"
"2019","South Korea","Protests","5430","0"
"2019","South Korea","Riots","76","0"
"2019","South Korea","Strategic developments","4","0"
"2019","South Sudan","Battles","198","801"
"2019","South Sudan","Explosions/Remote violence","10","8"
"2019","South Sudan","Protests","19","0"
"2019","South Sudan","Riots","12","4"
"2019","South Sudan","Strategic developments","27","0"
"2019","South Sudan","Violence against civilians","301","951"
"2019","Spain","Protests","6","0"
"2019","Sri Lanka","Battles","7","18"
"2019","Sri Lanka","Explosions/Remote violence","15","262"
"2019","Sri Lanka","Protests","674","0"
"2019","Sri Lanka","Riots","126","8"
"2019","Sri Lanka","Strategic developments","61","0"
"2019","Sri Lanka","Violence against civilians","60","16"
"2019","Sudan","Battles","104","326"
"2019","Sudan","Explosions/Remote violence","7","17"
"2019","Sudan","Protests","1103","180"
"2019","Sudan","Riots","66","33"
"2019","Sudan","Strategic developments","46","3"
"2019","Sudan","Violence against civilians","264","222"
"2019","Suriname","Protests","7","0"
"2019","Suriname","Riots","1","0"
"2019","Suriname","Violence against civilians","4","7"
"2019","Sweden","Protests","7","0"
"2019","Syria","Battles","2818","7830"
"2019","Syria","Explosions/Remote violence","14060","6002"
"2019","Syria","Protests","365","20"
"2019","Syria","Riots","34","6"
"2019","Syria","Strategic developments","1376","37"
"2019","Syria","Violence against civilians","1301","1227"
"2019","Taiwan","Protests","805","0"
"2019","Taiwan","Riots","18","0"
"2019","Taiwan","Strategic developments","1","0"
"2019","Taiwan","Violence against civilians","1","0"
"2019","Tajikistan","Battles","1","17"
"2019","Tajikistan","Explosions/Remote violence","1","1"
"2019","Tajikistan","Protests","6","0"
"2019","Tajikistan","Riots","9","33"
"2019","Tajikistan","Strategic developments","11","0"
"2019","Tajikistan","Violence against civilians","12","14"
"2019","Tanzania","Battles","2","3"
"2019","Tanzania","Explosions/Remote violence","1","1"
"2019","Tanzania","Protests","8","0"
"2019","Tanzania","Riots","11","18"
"2019","Tanzania","Strategic developments","8","0"
"2019","Tanzania","Violence against civilians","23","25"
"2019","Thailand","Battles","80","82"
"2019","Thailand","Explosions/Remote violence","77","7"
"2019","Thailand","Protests","186","0"
"2019","Thailand","Riots","7","1"
"2019","Thailand","Strategic developments","94","0"
"2019","Thailand","Violence against civilians","127","85"
"2019","Togo","Battles","5","4"
"2019","Togo","Protests","8","4"
"2019","Togo","Riots","4","1"
"2019","Togo","Strategic developments","7","0"
"2019","Togo","Violence against civilians","5","0"
"2019","Trinidad and Tobago","Battles","37","39"
"2019","Trinidad and Tobago","Explosions/Remote violence","1","0"
"2019","Trinidad and Tobago","Protests","47","0"
"2019","Trinidad and Tobago","Riots","6","0"
"2019","Trinidad and Tobago","Strategic developments","7","0"
"2019","Trinidad and Tobago","Violence against civilians","177","139"
"2019","Tunisia","Battles","21","18"
"2019","Tunisia","Explosions/Remote violence","21","5"
"2019","Tunisia","Protests","1240","0"
"2019","Tunisia","Riots","129","0"
"2019","Tunisia","Strategic developments","21","0"
"2019","Tunisia","Violence against civilians","10","5"
"2019","Turkey","Battles","487","386"
"2019","Turkey","Explosions/Remote violence","168","155"
"2019","Turkey","Protests","3112","0"
"2019","Turkey","Riots","90","0"
"2019","Turkey","Strategic developments","692","0"
"2019","Turkey","Violence against civilians","197","16"
"2019","Turkmenistan","Battles","3","1"
"2019","Turkmenistan","Protests","1","0"
"2019","Turkmenistan","Riots","2","0"
"2019","Turkmenistan","Strategic developments","4","0"
"2019","Turkmenistan","Violence against civilians","5","7"
"2019","Turks and Caicos Islands","Protests","1","0"
"2019","Turks and Caicos Islands","Riots","1","0"
"2019","Turks and Caicos Islands","Strategic developments","2","0"
"2019","Uganda","Battles","25","26"
"2019","Uganda","Protests","100","2"
"2019","Uganda","Riots","141","71"
"2019","Uganda","Strategic developments","10","1"
"2019","Uganda","Violence against civilians","92","62"
"2019","Ukraine","Battles","7841","264"
"2019","Ukraine","Explosions/Remote violence","6817","103"
"2019","Ukraine","Protests","1431","0"
"2019","Ukraine","Riots","128","1"
"2019","Ukraine","Strategic developments","192","14"
"2019","Ukraine","Violence against civilians","124","27"
"2019","United Arab Emirates","Explosions/Remote violence","1","0"
"2019","United Arab Emirates","Protests","1","0"
"2019","United Kingdom","Protests","14","0"
"2019","United States","Protests","24","0"
"2019","United States","Strategic developments","2","0"
"2019","Uruguay","Protests","46","0"
"2019","Uruguay","Riots","13","1"
"2019","Uruguay","Strategic developments","1","0"
"2019","Uruguay","Violence against civilians","4","2"
"2019","Uzbekistan","Protests","47","0"
"2019","Uzbekistan","Riots","11","0"
"2019","Uzbekistan","Strategic developments","12","0"
"2019","Uzbekistan","Violence against civilians","15","3"
"2019","Venezuela","Battles","943","1655"
"2019","Venezuela","Explosions/Remote violence","21","13"
"2019","Venezuela","Protests","2631","75"
"2019","Venezuela","Riots","277","49"
"2019","Venezuela","Strategic developments","144","0"
"2019","Venezuela","Violence against civilians","1202","1489"
"2019","Vietnam","Battles","1","1"
"2019","Vietnam","Explosions/Remote violence","1","0"
"2019","Vietnam","Protests","32","0"
"2019","Vietnam","Riots","4","0"
"2019","Vietnam","Strategic developments","4","0"
"2019","Vietnam","Violence against civilians","15","0"
"2019","Yemen","Battles","3612","16462"
"2019","Yemen","Explosions/Remote violence","6330","10841"
"2019","Yemen","Protests","387","12"
"2019","Yemen","Riots","38","3"
"2019","Yemen","Strategic developments","882","153"
"2019","Yemen","Violence against civilians","569","341"
"2019","Zambia","Battles","2","1"
"2019","Zambia","Protests","5","0"
"2019","Zambia","Riots","15","1"
"2019","Zambia","Strategic developments","3","0"
"2019","Zambia","Violence against civilians","13","8"
"2019","Zimbabwe","Battles","5","4"
"2019","Zimbabwe","Protests","63","0"
"2019","Zimbabwe","Riots","50","21"
"2019","Zimbabwe","Strategic developments","11","0"
"2019","Zimbabwe","Violence against civilians","68","16"
"2020","Afghanistan","Battles","6104","22487"
"2020","Afghanistan","Explosions/Remote violence","2846","7586"
"2020","Afghanistan","Protests","141","3"
"2020","Afghanistan","Riots","11","18"
"2020","Afghanistan","Strategic developments","436","388"
"2020","Afghanistan","Violence against civilians","714","819"
"2020","Akrotiri and Dhekelia","Strategic developments","1","0"
"2020","Albania","Explosions/Remote violence","1","0"
"2020","Albania","Protests","205","0"
"2020","Albania","Riots","14","0"
"2020","Albania","Strategic developments","3","0"
"2020","Albania","Violence against civilians","3","0"
"2020","Algeria","Battles","14","20"
"2020","Algeria","Explosions/Remote violence","5","6"
"2020","Algeria","Protests","2046","0"
"2020","Algeria","Riots","60","2"
"2020","Algeria","Strategic developments","26","0"
"2020","Algeria","Violence against civilians","7","5"
"2020","Andorra","Protests","5","0"
"2020","Andorra","Strategic developments","1","0"
"2020","Andorra","Violence against civilians","1","0"
"2020","Angola","Battles","3","27"
"2020","Angola","Explosions/Remote violence","2","5"
"2020","Angola","Protests","54","1"
"2020","Angola","Riots","32","20"
"2020","Angola","Strategic developments","4","0"
"2020","Angola","Violence against civilians","34","21"
"2020","Anguilla","Protests","1","0"
"2020","Anguilla","Strategic developments","1","0"
"2020","Antigua and Barbuda","Protests","7","0"
"2020","Antigua and Barbuda","Strategic developments","1","0"
"2020","Antigua and Barbuda","Violence against civilians","4","2"
"2020","Argentina","Battles","1","0"
"2020","Argentina","Protests","2757","2"
"2020","Argentina","Riots","134","14"
"2020","Argentina","Strategic developments","9","0"
"2020","Argentina","Violence against civilians","41","9"
"2020","Armenia","Battles","1097","19"
"2020","Armenia","Explosions/Remote violence","130","8"
"2020","Armenia","Protests","316","0"
"2020","Armenia","Riots","15","0"
"2020","Armenia","Strategic developments","12","0"
"2020","Armenia","Violence against civilians","3","0"
"2020","Aruba","Protests","5","0"
"2020","Aruba","Strategic developments","2","0"
"2020","Atlantic Ocean","Violence against civilians","5","0"
"2020","Austria","Protests","345","0"
"2020","Austria","Riots","7","0"
"2020","Austria","Strategic developments","9","0"
"2020","Austria","Violence against civilians","6","6"
"2020","Azerbaijan","Battles","3607","6598"
"2020","Azerbaijan","Explosions/Remote violence","407","453"
"2020","Azerbaijan","Protests","72","0"
"2020","Azerbaijan","Riots","7","0"
"2020","Azerbaijan","Strategic developments","50","0"
"2020","Azerbaijan","Violence against civilians","11","6"
"2020","Bahamas","Battles","1","3"
"2020","Bahamas","Protests","6","0"
"2020","Bahamas","Strategic developments","4","0"
"2020","Bahrain","Protests","163","0"
"2020","Bahrain","Riots","109","0"
"2020","Bahrain","Strategic developments","21","0"
"2020","Bahrain","Violence against civilians","6","0"
"2020","Bailiwick of Guernsey","Protests","6","0"
"2020","Bailiwick of Jersey","Protests","5","0"
"2020","Bangladesh","Battles","21","18"
"2020","Bangladesh","Explosions/Remote violence","6","3"
"2020","Bangladesh","Protests","969","0"
"2020","Bangladesh","Riots","318","107"
"2020","Bangladesh","Strategic developments","18","0"
"2020","Bangladesh","Violence against civilians","185","151"
"2020","Barbados","Protests","7","0"
"2020","Barbados","Riots","1","1"
"2020","Barbados","Strategic developments","1","0"
"2020","Barbados","Violence against civilians","1","1"
"2020","Belarus","Battles","1","1"
"2020","Belarus","Protests","1746","3"
"2020","Belarus","Riots","19","0"
"2020","Belarus","Strategic developments","29","0"
"2020","Belarus","Violence against civilians","47","2"
"2020","Belgium","Protests","782","0"
"2020","Belgium","Riots","23","0"
"2020","Belgium","Strategic developments","6","0"
"2020","Belgium","Violence against civilians","2","0"
"2020","Belize","Battles","26","13"
"2020","Belize","Protests","21","0"
"2020","Belize","Riots","8","1"
"2020","Belize","Strategic developments","24","0"
"2020","Belize","Violence against civilians","105","62"
"2020","Benin","Battles","21","30"
"2020","Benin","Protests","23","0"
"2020","Benin","Riots","66","12"
"2020","Benin","Strategic developments","10","0"
"2020","Benin","Violence against civilians","45","22"
"2020","Bhutan","Protests","1","0"
"2020","Bhutan","Strategic developments","1","0"
"2020","Bhutan","Violence against civilians","1","0"
"2020","Bolivia","Protests","644","0"
"2020","Bolivia","Riots","132","1"
"2020","Bolivia","Strategic developments","2","0"
"2020","Bolivia","Violence against civilians","2","0"
"2020","Bosnia and Herzegovina","Explosions/Remote violence","1","0"
"2020","Bosnia and Herzegovina","Protests","135","0"
"2020","Bosnia and Herzegovina","Riots","2","0"
"2020","Bosnia and Herzegovina","Strategic developments","6","0"
"2020","Bosnia and Herzegovina","Violence against civilians","3","0"
"2020","Botswana","Protests","2","0"
"2020","Botswana","Riots","7","3"
"2020","Botswana","Violence against civilians","5","4"
"2020","Brazil","Battles","3218","2704"
"2020","Brazil","Explosions/Remote violence","122","0"
"2020","Brazil","Protests","2514","0"
"2020","Brazil","Riots","564","49"
"2020","Brazil","Strategic developments","1719","0"
"2020","Brazil","Violence against civilians","3149","2904"
"2020","British Virgin Islands","Protests","1","0"
"2020","Brunei","Strategic developments","1","0"
"2020","Bulgaria","Protests","872","0"
"2020","Bulgaria","Riots","29","0"
"2020","Bulgaria","Strategic developments","9","0"
"2020","Bulgaria","Violence against civilians","3","0"
"2020","Burkina Faso","Battles","242","1041"
"2020","Burkina Faso","Explosions/Remote violence","76","229"
"2020","Burkina Faso","Protests","78","0"
"2020","Burkina Faso","Riots","17","3"
"2020","Burkina Faso","Strategic developments","123","2"
"2020","Burkina Faso","Violence against civilians","335","1024"
"2020","Burundi","Battles","64","133"
"2020","Burundi","Explosions/Remote violence","17","9"
"2020","Burundi","Protests","9","0"
"2020","Burundi","Riots","50","12"
"2020","Burundi","Strategic developments","100","0"
"2020","Burundi","Violence against civilians","412","178"
"2020","Cambodia","Battles","1","1"
"2020","Cambodia","Protests","94","0"
"2020","Cambodia","Riots","5","1"
"2020","Cambodia","Strategic developments","15","8"
"2020","Cambodia","Violence against civilians","14","2"
"2020","Cameroon","Battles","435","946"
"2020","Cameroon","Explosions/Remote violence","43","62"
"2020","Cameroon","Protests","130","2"
"2020","Cameroon","Riots","59","35"
"2020","Cameroon","Strategic developments","214","1"
"2020","Cameroon","Violence against civilians","645","727"
"2020","Canada","Protests","1","0"
"2020","Cape Verde","Protests","56","0"
"2020","Cape Verde","Riots","2","0"
"2020","Cape Verde","Violence against civilians","2","0"
"2020","Caribbean Netherlands","Protests","3","0"
"2020","Caribbean Netherlands","Strategic developments","1","0"
"2020","Cayman Islands","Protests","10","0"
"2020","Cayman Islands","Strategic developments","1","0"
"2020","Central African Republic","Battles","133","331"
"2020","Central African Republic","Explosions/Remote violence","3","0"
"2020","Central African Republic","Protests","39","0"
"2020","Central African Republic","Riots","23","5"
"2020","Central African Republic","Strategic developments","167","0"
"2020","Central African Republic","Violence against civilians","220","113"
"2020","Chad","Battles","59","583"
"2020","Chad","Explosions/Remote violence","11","46"
"2020","Chad","Protests","25","7"
"2020","Chad","Riots","12","5"
"2020","Chad","Strategic developments","13","11"
"2020","Chad","Violence against civilians","40","90"
"2020","Chile","Battles","36","1"
"2020","Chile","Explosions/Remote violence","8","0"
"2020","Chile","Protests","1032","3"
"2020","Chile","Riots","740","10"
"2020","Chile","Strategic developments","154","0"
"2020","Chile","Violence against civilians","89","12"
"2020","China","Explosions/Remote violence","6","1"
"2020","China","Protests","1713","0"
"2020","China","Riots","82","0"
"2020","China","Strategic developments","356","0"
"2020","China","Violence against civilians","268","8"
"2020","Colombia","Battles","574","362"
"2020","Colombia","Explosions/Remote violence","217","97"
"2020","Colombia","Protests","686","4"
"2020","Colombia","Riots","152","61"
"2020","Colombia","Strategic developments","346","2"
"2020","Colombia","Violence against civilians","1109","1245"
"2020","Comoros","Battles","1","0"
"2020","Comoros","Explosions/Remote violence","1","0"
"2020","Comoros","Protests","14","0"
"2020","Comoros","Riots","2","0"
"2020","Comoros","Violence against civilians","6","2"
"2020","Costa Rica","Battles","2","1"
"2020","Costa Rica","Protests","565","0"
"2020","Costa Rica","Riots","51","0"
"2020","Costa Rica","Strategic developments","4","0"
"2020","Costa Rica","Violence against civilians","7","8"
"2020","Croatia","Protests","131","0"
"2020","Croatia","Riots","3","0"
"2020","Croatia","Violence against civilians","7","0"
"2020","Cuba","Protests","46","0"
"2020","Cuba","Riots","12","0"
"2020","Cuba","Strategic developments","17","0"
"2020","Cuba","Violence against civilians","61","3"
"2020","Curacao","Protests","12","0"
"2020","Curacao","Riots","3","0"
"2020","Curacao","Strategic developments","4","0"
"2020","Cyprus","Explosions/Remote violence","3","0"
"2020","Cyprus","Protests","221","0"
"2020","Cyprus","Riots","21","0"
"2020","Cyprus","Strategic developments","18","0"
"2020","Cyprus","Violence against civilians","2","0"
"2020","Czech Republic","Battles","1","0"
"2020","Czech Republic","Protests","217","0"
"2020","Czech Republic","Riots","5","0"
"2020","Czech Republic","Strategic developments","3","0"
"2020","Czech Republic","Violence against civilians","1","0"
"2020","Democratic Republic of Congo","Battles","1433","3705"
"2020","Democratic Republic of Congo","Explosions/Remote violence","5","1"
"2020","Democratic Republic of Congo","Protests","518","3"
"2020","Democratic Republic of Congo","Riots","344","209"
"2020","Democratic Republic of Congo","Strategic developments","452","4"
"2020","Democratic Republic of Congo","Violence against civilians","1771","2849"
"2020","Denmark","Battles","4","0"
"2020","Denmark","Protests","560","0"
"2020","Denmark","Riots","27","0"
"2020","Denmark","Strategic developments","8","0"
"2020","Denmark","Violence against civilians","4","1"
"2020","Djibouti","Battles","1","0"
"2020","Djibouti","Protests","29","0"
"2020","Djibouti","Riots","2","0"
"2020","Djibouti","Strategic developments","3","0"
"2020","Djibouti","Violence against civilians","1","0"
"2020","Dominica","Protests","5","0"
"2020","Dominica","Strategic developments","1","0"
"2020","Dominican Republic","Battles","6","3"
"2020","Dominican Republic","Protests","61","0"
"2020","Dominican Republic","Riots","5","0"
"2020","Dominican Republic","Strategic developments","27","0"
"2020","Dominican Republic","Violence against civilians","8","7"
"2020","East Timor","Battles","1","0"
"2020","East Timor","Protests","8","0"
"2020","East Timor","Riots","3","0"
"2020","East Timor","Strategic developments","6","0"
"2020","East Timor","Violence against civilians","2","0"
"2020","Ecuador","Battles","1","0"
"2020","Ecuador","Protests","379","0"
"2020","Ecuador","Riots","53","16"
"2020","Ecuador","Strategic developments","4","11"
"2020","Ecuador","Violence against civilians","4","3"
"2020","Egypt","Battles","141","335"
"2020","Egypt","Explosions/Remote violence","280","221"
"2020","Egypt","Protests","102","0"
"2020","Egypt","Riots","16","3"
"2020","Egypt","Strategic developments","23","0"
"2020","Egypt","Violence against civilians","81","70"
"2020","El Salvador","Battles","139","138"
"2020","El Salvador","Explosions/Remote violence","1","1"
"2020","El Salvador","Protests","203","0"
"2020","El Salvador","Riots","7","1"
"2020","El Salvador","Strategic developments","24","0"
"2020","El Salvador","Violence against civilians","243","253"
"2020","Equatorial Guinea","Protests","1","0"
"2020","Equatorial Guinea","Strategic developments","3","0"
"2020","Equatorial Guinea","Violence against civilians","3","0"
"2020","Eritrea","Explosions/Remote violence","4","0"
"2020","Eritrea","Strategic developments","3","0"
"2020","Eritrea","Violence against civilians","2","1"
"2020","Estonia","Protests","142","0"
"2020","eSwatini","Battles","1","2"
"2020","eSwatini","Protests","9","0"
"2020","eSwatini","Riots","8","2"
"2020","eSwatini","Strategic developments","1","0"
"2020","eSwatini","Violence against civilians","17","2"
"2020","Ethiopia","Battles","348","1680"
"2020","Ethiopia","Explosions/Remote violence","23","245"
"2020","Ethiopia","Protests","78","83"
"2020","Ethiopia","Riots","46","137"
"2020","Ethiopia","Strategic developments","18","0"
"2020","Ethiopia","Violence against civilians","203","2221"
"2020","Falkland Islands","Strategic developments","1","0"
"2020","Faroe Islands","Protests","1","0"
"2020","Faroe Islands","Riots","1","0"
"2020","Finland","Explosions/Remote violence","2","0"
"2020","Finland","Protests","217","0"
"2020","Finland","Riots","6","0"
"2020","Finland","Strategic developments","21","0"
"2020","Finland","Violence against civilians","3","1"
"2020","France","Battles","2","0"
"2020","France","Protests","5127","0"
"2020","France","Riots","318","0"
"2020","France","Strategic developments","67","0"
"2020","France","Violence against civilians","13","9"
"2020","French Guiana","Protests","12","0"
"2020","French Guiana","Riots","3","0"
"2020","French Guiana","Strategic developments","2","0"
"2020","Gabon","Protests","23","0"
"2020","Gabon","Riots","9","4"
"2020","Gabon","Strategic developments","3","0"
"2020","Gabon","Violence against civilians","1","0"
"2020","Gambia","Battles","1","0"
"2020","Gambia","Protests","10","0"
"2020","Gambia","Riots","12","3"
"2020","Gambia","Strategic developments","2","0"
"2020","Gambia","Violence against civilians","4","0"
"2020","Georgia","Battles","3","0"
"2020","Georgia","Explosions/Remote violence","1","0"
"2020","Georgia","Protests","828","0"
"2020","Georgia","Riots","58","1"
"2020","Georgia","Strategic developments","17","0"
"2020","Georgia","Violence against civilians","16","0"
"2020","Germany","Battles","2","1"
"2020","Germany","Explosions/Remote violence","6","0"
"2020","Germany","Protests","4285","0"
"2020","Germany","Riots","173","0"
"2020","Germany","Strategic developments","278","0"
"2020","Germany","Violence against civilians","26","13"
"2020","Ghana","Battles","25","10"
"2020","Ghana","Protests","145","0"
"2020","Ghana","Riots","112","31"
"2020","Ghana","Strategic developments","16","0"
"2020","Ghana","Violence against civilians","70","25"
"2020","Gibraltar","Protests","1","0"
"2020","Greece","Explosions/Remote violence","12","0"
"2020","Greece","Protests","659","0"
"2020","Greece","Riots","174","3"
"2020","Greece","Strategic developments","76","0"
"2020","Greece","Violence against civilians","17","3"
"2020","Greenland","Protests","2","0"
"2020","Grenada","Protests","1","0"
"2020","Grenada","Riots","1","0"
"2020","Grenada","Strategic developments","2","0"
"2020","Guadeloupe","Protests","26","0"
"2020","Guadeloupe","Riots","2","0"
"2020","Guadeloupe","Violence against civilians","1","1"
"2020","Guatemala","Battles","319","284"
"2020","Guatemala","Protests","176","0"
"2020","Guatemala","Riots","64","11"
"2020","Guatemala","Strategic developments","63","0"
"2020","Guatemala","Violence against civilians","323","277"
"2020","Guinea","Battles","19","27"
"2020","Guinea","Protests","274","3"
"2020","Guinea","Riots","298","101"
"2020","Guinea","Strategic developments","26","0"
"2020","Guinea","Violence against civilians","40","15"
"2020","Guinea-Bissau","Battles","3","7"
"2020","Guinea-Bissau","Protests","7","0"
"2020","Guinea-Bissau","Riots","1","1"
"2020","Guinea-Bissau","Strategic developments","8","0"
"2020","Guinea-Bissau","Violence against civilians","3","0"
"2020","Guyana","Battles","3","0"
"2020","Guyana","Protests","47","1"
"2020","Guyana","Riots","64","3"
"2020","Guyana","Strategic developments","10","0"
"2020","Guyana","Violence against civilians","5","2"
"2020","Haiti","Battles","182","343"
"2020","Haiti","Protests","247","2"
"2020","Haiti","Riots","207","33"
"2020","Haiti","Strategic developments","53","0"
"2020","Haiti","Violence against civilians","337","340"
"2020","Honduras","Battles","110","99"
"2020","Honduras","Protests","541","0"
"2020","Honduras","Riots","74","4"
"2020","Honduras","Strategic developments","89","0"
"2020","Honduras","Violence against civilians","520","618"
"2020","Hungary","Protests","199","0"
"2020","Hungary","Riots","3","0"
"2020","Hungary","Strategic developments","6","0"
"2020","Iceland","Protests","29","0"
"2020","Iceland","Riots","1","3"
"2020","Iceland","Strategic developments","2","0"
"2020","India","Battles","1119","689"
"2020","India","Explosions/Remote violence","127","15"
"2020","India","Protests","13864","1"
"2020","India","Riots","1973","323"
"2020","India","Strategic developments","275","13"
"2020","India","Violence against civilians","580","297"
"2020","Indian Ocean","Battles","3","0"
"2020","Indian Ocean","Explosions/Remote violence","9","9"
"2020","Indian Ocean","Strategic developments","78","57"
"2020","Indian Ocean","Violence against civilians","3","0"
"2020","Indonesia","Battles","66","53"
"2020","Indonesia","Explosions/Remote violence","3","0"
"2020","Indonesia","Protests","1504","0"
"2020","Indonesia","Riots","237","17"
"2020","Indonesia","Strategic developments","81","0"
"2020","Indonesia","Violence against civilians","112","64"
"2020","Iran","Battles","45","71"
"2020","Iran","Explosions/Remote violence","19","187"
"2020","Iran","Protests","1960","0"
"2020","Iran","Riots","51","37"
"2020","Iran","Strategic developments","197","16"
"2020","Iran","Violence against civilians","111","103"
"2020","Iraq","Battles","955","1227"
"2020","Iraq","Explosions/Remote violence","2013","981"
"2020","Iraq","Protests","1780","36"
"2020","Iraq","Riots","442","67"
"2020","Iraq","Strategic developments","658","11"
"2020","Iraq","Violence against civilians","434","340"
"2020","Ireland","Battles","1","0"
"2020","Ireland","Protests","280","0"
"2020","Ireland","Riots","12","0"
"2020","Ireland","Strategic developments","5","0"
"2020","Ireland","Violence against civilians","3","0"
"2020","Isle of Man","Protests","7","0"
"2020","Israel","Battles","2","0"
"2020","Israel","Explosions/Remote violence","152","0"
"2020","Israel","Protests","1246","0"
"2020","Israel","Riots","153","0"
"2020","Israel","Strategic developments","98","0"
"2020","Israel","Violence against civilians","12","1"
"2020","Italy","Explosions/Remote violence","10","0"
"2020","Italy","Protests","5540","0"
"2020","Italy","Riots","219","0"
"2020","Italy","Strategic developments","148","0"
"2020","Italy","Violence against civilians","17","0"
"2020","Ivory Coast","Battles","41","79"
"2020","Ivory Coast","Explosions/Remote violence","1","0"
"2020","Ivory Coast","Protests","176","1"
"2020","Ivory Coast","Riots","205","61"
"2020","Ivory Coast","Strategic developments","15","0"
"2020","Ivory Coast","Violence against civilians","26","10"
"2020","Jamaica","Battles","81","74"
"2020","Jamaica","Protests","20","0"
"2020","Jamaica","Riots","26","8"
"2020","Jamaica","Strategic developments","24","0"
"2020","Jamaica","Violence against civilians","157","184"
"2020","Japan","Protests","1549","0"
"2020","Japan","Strategic developments","15","0"
"2020","Jordan","Battles","11","3"
"2020","Jordan","Explosions/Remote violence","1","0"
"2020","Jordan","Protests","281","0"
"2020","Jordan","Riots","59","8"
"2020","Jordan","Strategic developments","25","5"
"2020","Kazakhstan","Protests","801","0"
"2020","Kazakhstan","Riots","31","20"
"2020","Kazakhstan","Strategic developments","8","0"
"2020","Kazakhstan","Violence against civilians","20","1"
"2020","Kenya","Battles","80","146"
"2020","Kenya","Explosions/Remote violence","12","11"
"2020","Kenya","Protests","179","4"
"2020","Kenya","Riots","179","103"
"2020","Kenya","Strategic developments","18","4"
"2020","Kenya","Violence against civilians","128","96"
"2020","Kosovo","Protests","93","0"
"2020","Kosovo","Riots","3","0"
"2020","Kosovo","Strategic developments","4","0"
"2020","Kosovo","Violence against civilians","4","0"
"2020","Kuwait","Protests","14","0"
"2020","Kuwait","Riots","2","1"
"2020","Kuwait","Strategic developments","5","0"
"2020","Kyrgyzstan","Battles","3","0"
"2020","Kyrgyzstan","Protests","268","0"
"2020","Kyrgyzstan","Riots","46","1"
"2020","Kyrgyzstan","Strategic developments","5","0"
"2020","Kyrgyzstan","Violence against civilians","20","1"
"2020","Laos","Battles","1","1"
"2020","Laos","Protests","1","0"
"2020","Laos","Strategic developments","1","0"
"2020","Laos","Violence against civilians","1","1"
"2020","Latvia","Protests","68","0"
"2020","Latvia","Riots","1","0"
"2020","Latvia","Violence against civilians","1","0"
"2020","Lebanon","Battles","60","40"
"2020","Lebanon","Explosions/Remote violence","22","0"
"2020","Lebanon","Protests","2171","0"
"2020","Lebanon","Riots","568","3"
"2020","Lebanon","Strategic developments","61","0"
"2020","Lebanon","Violence against civilians","49","5"
"2020","Lesotho","Protests","6","0"
"2020","Lesotho","Riots","6","4"
"2020","Lesotho","Strategic developments","3","0"
"2020","Lesotho","Violence against civilians","8","2"
"2020","Liberia","Battles","5","0"
"2020","Liberia","Protests","62","0"
"2020","Liberia","Riots","32","1"
"2020","Liberia","Strategic developments","4","0"
"2020","Liberia","Violence against civilians","18","1"
"2020","Libya","Battles","340","805"
"2020","Libya","Explosions/Remote violence","737","631"
"2020","Libya","Protests","129","3"
"2020","Libya","Riots","28","2"
"2020","Libya","Strategic developments","106","0"
"2020","Libya","Violence against civilians","56","105"
"2020","Liechtenstein","Protests","2","0"
"2020","Liechtenstein","Strategic developments","1","0"
"2020","Lithuania","Protests","58","0"
"2020","Lithuania","Strategic developments","2","0"
"2020","Luxembourg","Protests","35","0"
"2020","Luxembourg","Riots","1","0"
"2020","Luxembourg","Strategic developments","1","0"
"2020","Madagascar","Battles","118","237"
"2020","Madagascar","Protests","30","0"
"2020","Madagascar","Riots","54","49"
"2020","Madagascar","Strategic developments","39","0"
"2020","Madagascar","Violence against civilians","77","72"
"2020","Malawi","Battles","1","0"
"2020","Malawi","Protests","101","0"
"2020","Malawi","Riots","126","50"
"2020","Malawi","Strategic developments","7","0"
"2020","Malawi","Violence against civilians","14","10"
"2020","Malaysia","Protests","47","0"
"2020","Malaysia","Riots","2","1"
"2020","Malaysia","Strategic developments","33","0"
"2020","Malaysia","Violence against civilians","4","1"
"2020","Maldives","Protests","52","0"
"2020","Maldives","Riots","6","0"
"2020","Maldives","Strategic developments","1","0"
"2020","Maldives","Violence against civilians","2","0"
"2020","Mali","Battles","421","1654"
"2020","Mali","Explosions/Remote violence","132","262"
"2020","Mali","Protests","136","1"
"2020","Mali","Riots","45","22"
"2020","Mali","Strategic developments","92","4"
"2020","Mali","Violence against civilians","434","908"
"2020","Malta","Protests","41","0"
"2020","Malta","Riots","7","0"
"2020","Malta","Strategic developments","7","0"
"2020","Malta","Violence against civilians","1","0"
"2020","Martinique","Protests","29","0"
"2020","Martinique","Riots","3","0"
"2020","Mauritania","Battles","3","0"
"2020","Mauritania","Explosions/Remote violence","1","0"
"2020","Mauritania","Protests","307","0"
"2020","Mauritania","Riots","18","2"
"2020","Mauritania","Strategic developments","4","0"
"2020","Mauritania","Violence against civilians","4","2"
"2020","Mauritius","Protests","47","0"
"2020","Mauritius","Riots","9","0"
"2020","Mauritius","Violence against civilians","8","2"
"2020","Mayotte","Protests","9","0"
"2020","Mayotte","Riots","9","0"
"2020","Mediterranean Sea","Strategic developments","30","0"
"2020","Mexico","Battles","1266","1495"
"2020","Mexico","Explosions/Remote violence","9","1"
"2020","Mexico","Protests","5643","1"
"2020","Mexico","Riots","766","63"
"2020","Mexico","Strategic developments","414","0"
"2020","Mexico","Violence against civilians","5460","6785"
"2020","Moldova","Protests","281","0"
"2020","Moldova","Riots","6","0"
"2020","Moldova","Strategic developments","13","0"
"2020","Moldova","Violence against civilians","4","0"
"2020","Monaco","Protests","2","0"
"2020","Monaco","Strategic developments","1","0"
"2020","Mongolia","Protests","64","0"
"2020","Mongolia","Riots","3","0"
"2020","Mongolia","Strategic developments","9","0"
"2020","Montenegro","Explosions/Remote violence","1","0"
"2020","Montenegro","Protests","333","0"
"2020","Montenegro","Riots","8","0"
"2020","Montenegro","Strategic developments","1","0"
"2020","Montserrat","Strategic developments","1","0"
"2020","Morocco","Battles","8","4"
"2020","Morocco","Explosions/Remote violence","3","0"
"2020","Morocco","Protests","1326","0"
"2020","Morocco","Riots","23","0"
"2020","Morocco","Strategic developments","13","0"
"2020","Morocco","Violence against civilians","10","0"
"2020","Mozambique","Battles","129","880"
"2020","Mozambique","Explosions/Remote violence","26","73"
"2020","Mozambique","Protests","23","0"
"2020","Mozambique","Riots","19","9"
"2020","Mozambique","Strategic developments","83","0"
"2020","Mozambique","Violence against civilians","381","811"
"2020","Myanmar","Battles","500","410"
"2020","Myanmar","Explosions/Remote violence","355","123"
"2020","Myanmar","Protests","185","0"
"2020","Myanmar","Riots","17","3"
"2020","Myanmar","Strategic developments","189","4"
"2020","Myanmar","Violence against civilians","315","152"
"2020","Namibia","Protests","81","0"
"2020","Namibia","Riots","4","0"
"2020","Namibia","Strategic developments","1","0"
"2020","Namibia","Violence against civilians","3","0"
"2020","Nepal","Battles","16","2"
"2020","Nepal","Explosions/Remote violence","17","5"
"2020","Nepal","Protests","2480","1"
"2020","Nepal","Riots","475","19"
"2020","Nepal","Strategic developments","117","0"
"2020","Nepal","Violence against civilians","107","10"
"2020","Netherlands","Explosions/Remote violence","2","0"
"2020","Netherlands","Protests","762","0"
"2020","Netherlands","Riots","40","1"
"2020","Netherlands","Strategic developments","36","0"
"2020","Netherlands","Violence against civilians","1","0"
"2020","New Zealand","Protests","1","0"
"2020","Nicaragua","Explosions/Remote violence","1","0"
"2020","Nicaragua","Protests","65","0"
"2020","Nicaragua","Riots","9","0"
"2020","Nicaragua","Strategic developments","9","0"
"2020","Nicaragua","Violence against civilians","55","28"
"2020","Niger","Battles","105","636"
"2020","Niger","Explosions/Remote violence","40","82"
"2020","Niger","Protests","8","0"
"2020","Niger","Riots","27","7"
"2020","Niger","Strategic developments","91","0"
"2020","Niger","Violence against civilians","274","401"
"2020","Nigeria","Battles","1027","3703"
"2020","Nigeria","Explosions/Remote violence","232","1918"
"2020","Nigeria","Protests","876","41"
"2020","Nigeria","Riots","343","250"
"2020","Nigeria","Strategic developments","111","0"
"2020","Nigeria","Violence against civilians","1342","2540"
"2020","North Korea","Explosions/Remote violence","1","0"
"2020","North Korea","Protests","1","0"
"2020","North Korea","Strategic developments","38","7"
"2020","North Korea","Violence against civilians","5","15"
"2020","North Macedonia","Protests","225","0"
"2020","North Macedonia","Strategic developments","5","0"
"2020","North Macedonia","Violence against civilians","4","0"
"2020","Norway","Protests","293","0"
"2020","Norway","Riots","10","0"
"2020","Norway","Strategic developments","13","0"
"2020","Norway","Violence against civilians","5","1"
"2020","Oman","Strategic developments","5","0"
"2020","Pacific Ocean","Strategic developments","24","0"
"2020","Pacific Ocean","Violence against civilians","3","3"
"2020","Pakistan","Battles","299","589"
"2020","Pakistan","Explosions/Remote violence","117","177"
"2020","Pakistan","Protests","8065","11"
"2020","Pakistan","Riots","189","39"
"2020","Pakistan","Strategic developments","30","0"
"2020","Pakistan","Violence against civilians","121","113"
"2020","Palestine","Battles","111","19"
"2020","Palestine","Explosions/Remote violence","210","2"
"2020","Palestine","Protests","648","0"
"2020","Palestine","Riots","2449","17"
"2020","Palestine","Strategic developments","1794","5"
"2020","Palestine","Violence against civilians","336","15"
"2020","Panama","Battles","1","0"
"2020","Panama","Protests","344","0"
"2020","Panama","Riots","17","0"
"2020","Panama","Strategic developments","1","0"
"2020","Panama","Violence against civilians","10","4"
"2020","Paraguay","Battles","6","8"
"2020","Paraguay","Protests","701","0"
"2020","Paraguay","Riots","44","0"
"2020","Paraguay","Strategic developments","7","0"
"2020","Paraguay","Violence against civilians","20","10"
"2020","Peru","Battles","7","15"
"2020","Peru","Protests","942","0"
"2020","Peru","Riots","265","30"
"2020","Peru","Strategic developments","8","0"
"2020","Peru","Violence against civilians","13","0"
"2020","Philippines","Battles","466","543"
"2020","Philippines","Explosions/Remote violence","32","36"
"2020","Philippines","Protests","321","0"
"2020","Philippines","Riots","12","17"
"2020","Philippines","Strategic developments","126","4"
"2020","Philippines","Violence against civilians","797","900"
"2020","Poland","Protests","1825","0"
"2020","Poland","Riots","11","0"
"2020","Poland","Strategic developments","5","0"
"2020","Poland","Violence against civilians","3","0"
"2020","Portugal","Protests","359","0"
"2020","Portugal","Riots","9","0"
"2020","Portugal","Strategic developments","1","0"
"2020","Portugal","Violence against civilians","4","2"
"2020","Puerto Rico","Battles","24","22"
"2020","Puerto Rico","Protests","33","0"
"2020","Puerto Rico","Riots","3","0"
"2020","Puerto Rico","Strategic developments","12","0"
"2020","Puerto Rico","Violence against civilians","115","92"
"2020","Qatar","Protests","2","0"
"2020","Qatar","Strategic developments","4","0"
"2020","Republic of Congo","Protests","9","0"
"2020","Republic of Congo","Riots","4","1"
"2020","Republic of Congo","Violence against civilians","2","0"
"2020","Reunion","Protests","65","0"
"2020","Reunion","Riots","7","0"
"2020","Romania","Protests","185","0"
"2020","Romania","Riots","13","3"
"2020","Romania","Strategic developments","8","0"
"2020","Romania","Violence against civilians","4","0"
"2020","Russia","Battles","23","50"
"2020","Russia","Explosions/Remote violence","1","1"
"2020","Russia","Protests","1540","0"
"2020","Russia","Riots","16","1"
"2020","Russia","Strategic developments","14","0"
"2020","Russia","Violence against civilians","47","4"
"2020","Rwanda","Battles","1","4"
"2020","Rwanda","Explosions/Remote violence","1","1"
"2020","Rwanda","Protests","1","0"
"2020","Rwanda","Riots","1","1"
"2020","Rwanda","Strategic developments","6","0"
"2020","Rwanda","Violence against civilians","37","57"
"2020","Saint Helena, Ascension and Tristan da Cunha","Protests","2","0"
"2020","Saint Kitts and Nevis","Protests","1","0"
"2020","Saint Kitts and Nevis","Strategic developments","1","0"
"2020","Saint Lucia","Protests","8","0"
"2020","Saint Lucia","Strategic developments","2","0"
"2020","Saint Vincent and the Grenadines","Battles","1","2"
"2020","Saint-Martin","Protests","6","0"
"2020","Saint-Martin","Strategic developments","1","0"
"2020","San Marino","Protests","2","0"
"2020","San Marino","Strategic developments","3","0"
"2020","Sao Tome and Principe","Protests","2","0"
"2020","Saudi Arabia","Battles","6","12"
"2020","Saudi Arabia","Explosions/Remote violence","41","29"
"2020","Saudi Arabia","Protests","3","0"
"2020","Saudi Arabia","Riots","1","3"
"2020","Saudi Arabia","Strategic developments","66","0"
"2020","Saudi Arabia","Violence against civilians","3","10"
"2020","Senegal","Battles","5","1"
"2020","Senegal","Explosions/Remote violence","3","2"
"2020","Senegal","Protests","41","0"
"2020","Senegal","Riots","33","0"
"2020","Senegal","Strategic developments","6","0"
"2020","Senegal","Violence against civilians","4","0"
"2020","Serbia","Protests","388","0"
"2020","Serbia","Riots","13","0"
"2020","Serbia","Strategic developments","7","0"
"2020","Serbia","Violence against civilians","3","0"
"2020","Seychelles","Protests","8","0"
"2020","Seychelles","Strategic developments","3","0"
"2020","Sierra Leone","Battles","8","3"
"2020","Sierra Leone","Protests","23","0"
"2020","Sierra Leone","Riots","37","23"
"2020","Sierra Leone","Strategic developments","2","0"
"2020","Sierra Leone","Violence against civilians","11","5"
"2020","Singapore","Protests","2","0"
"2020","Singapore","Strategic developments","8","0"
"2020","Sint Maarten","Protests","9","0"
"2020","Sint Maarten","Strategic developments","2","0"
"2020","Sint Maarten","Violence against civilians","1","0"
"2020","Slovakia","Protests","140","0"
"2020","Slovakia","Riots","6","0"
"2020","Slovakia","Strategic developments","6","0"
"2020","Slovenia","Protests","133","0"
"2020","Slovenia","Riots","1","0"
"2020","Slovenia","Strategic developments","2","0"
"2020","Somalia","Battles","1655","2044"
"2020","Somalia","Explosions/Remote violence","643","915"
"2020","Somalia","Protests","134","3"
"2020","Somalia","Riots","17","5"
"2020","Somalia","Strategic developments","103","16"
"2020","Somalia","Violence against civilians","469","478"
"2020","South Africa","Battles","3","0"
"2020","South Africa","Protests","1148","1"
"2020","South Africa","Riots","605","113"
"2020","South Africa","Strategic developments","11","0"
"2020","South Africa","Violence against civilians","95","67"
"2020","South Korea","Battles","1","0"
"2020","South Korea","Protests","4947","0"
"2020","South Korea","Riots","46","0"
"2020","South Korea","Strategic developments","5","0"
"2020","South Korea","Violence against civilians","5","0"
"2020","South Sudan","Battles","398","1744"
"2020","South Sudan","Explosions/Remote violence","11","12"
"2020","South Sudan","Protests","40","0"
"2020","South Sudan","Riots","23","8"
"2020","South Sudan","Strategic developments","13","0"
"2020","South Sudan","Violence against civilians","422","687"
"2020","Spain","Protests","3343","0"
"2020","Spain","Riots","131","0"
"2020","Spain","Strategic developments","14","1"
"2020","Spain","Violence against civilians","4","0"
"2020","Sri Lanka","Explosions/Remote violence","7","0"
"2020","Sri Lanka","Protests","417","0"
"2020","Sri Lanka","Riots","53","25"
"2020","Sri Lanka","Strategic developments","20","1"
"2020","Sri Lanka","Violence against civilians","29","10"
"2020","Sudan","Battles","145","558"
"2020","Sudan","Explosions/Remote violence","7","13"
"2020","Sudan","Protests","504","18"
"2020","Sudan","Riots","73","16"
"2020","Sudan","Strategic developments","29","0"
"2020","Sudan","Violence against civilians","254","346"
"2020","Suriname","Protests","27","0"
"2020","Suriname","Riots","8","0"
"2020","Suriname","Strategic developments","2","0"
"2020","Suriname","Violence against civilians","4","1"
"2020","Sweden","Battles","1","0"
"2020","Sweden","Explosions/Remote violence","1","0"
"2020","Sweden","Protests","902","0"
"2020","Sweden","Riots","28","0"
"2020","Sweden","Strategic developments","36","0"
"2020","Sweden","Violence against civilians","5","1"
"2020","Switzerland","Protests","165","0"
"2020","Switzerland","Riots","3","0"
"2020","Switzerland","Strategic developments","2","0"
"2020","Switzerland","Violence against civilians","1","0"
"2020","Syria","Battles","2564","4347"
"2020","Syria","Explosions/Remote violence","6270","3009"
"2020","Syria","Protests","473","4"
"2020","Syria","Riots","58","15"
"2020","Syria","Strategic developments","1562","2"
"2020","Syria","Violence against civilians","1440","1013"
"2020","Taiwan","Protests","528","0"
"2020","Taiwan","Riots","4","0"
"2020","Taiwan","Strategic developments","1","0"
"2020","Tajikistan","Battles","1","1"
"2020","Tajikistan","Protests","13","0"
"2020","Tajikistan","Riots","3","0"
"2020","Tajikistan","Strategic developments","4","0"
"2020","Tajikistan","Violence against civilians","5","1"
"2020","Tanzania","Battles","2","22"
"2020","Tanzania","Protests","4","0"
"2020","Tanzania","Riots","15","7"
"2020","Tanzania","Strategic developments","10","0"
"2020","Tanzania","Violence against civilians","32","18"
"2020","Thailand","Battles","47","55"
"2020","Thailand","Explosions/Remote violence","26","6"
"2020","Thailand","Protests","822","0"
"2020","Thailand","Riots","11","0"
"2020","Thailand","Strategic developments","116","3"
"2020","Thailand","Violence against civilians","53","40"
"2020","Togo","Battles","7","4"
"2020","Togo","Protests","25","0"
"2020","Togo","Riots","15","5"
"2020","Togo","Strategic developments","4","0"
"2020","Togo","Violence against civilians","17","5"
"2020","Trinidad and Tobago","Battles","54","40"
"2020","Trinidad and Tobago","Protests","67","0"
"2020","Trinidad and Tobago","Riots","28","2"
"2020","Trinidad and Tobago","Strategic developments","32","0"
"2020","Trinidad and Tobago","Violence against civilians","131","121"
"2020","Tunisia","Battles","8","9"
"2020","Tunisia","Explosions/Remote violence","10","4"
"2020","Tunisia","Protests","1540","0"
"2020","Tunisia","Riots","193","0"
"2020","Tunisia","Strategic developments","10","0"
"2020","Tunisia","Violence against civilians","8","2"
"2020","Turkey","Battles","303","288"
"2020","Turkey","Explosions/Remote violence","320","49"
"2020","Turkey","Protests","2169","0"
"2020","Turkey","Riots","26","2"
"2020","Turkey","Strategic developments","1308","0"
"2020","Turkey","Violence against civilians","142","20"
"2020","Turkmenistan","Battles","1","0"
"2020","Turkmenistan","Protests","7","0"
"2020","Turkmenistan","Riots","3","0"
"2020","Turkmenistan","Strategic developments","3","0"
"2020","Turkmenistan","Violence against civilians","2","1"
"2020","Turks and Caicos Islands","Protests","2","0"
"2020","Turks and Caicos Islands","Strategic developments","8","0"
"2020","Uganda","Battles","73","117"
"2020","Uganda","Explosions/Remote violence","1","0"
"2020","Uganda","Protests","135","0"
"2020","Uganda","Riots","240","133"
"2020","Uganda","Strategic developments","28","2"
"2020","Uganda","Violence against civilians","220","47"
"2020","Ukraine","Battles","3356","40"
"2020","Ukraine","Explosions/Remote violence","4941","76"
"2020","Ukraine","Protests","1363","0"
"2020","Ukraine","Riots","90","0"
"2020","Ukraine","Strategic developments","89","0"
"2020","Ukraine","Violence against civilians","59","5"
"2020","United Arab Emirates","Strategic developments","3","0"
"2020","United Arab Emirates","Violence against civilians","1","2"
"2020","United Kingdom","Battles","2","0"
"2020","United Kingdom","Protests","2182","0"
"2020","United Kingdom","Riots","114","0"
"2020","United Kingdom","Strategic developments","39","0"
"2020","United Kingdom","Violence against civilians","13","5"
"2020","United States","Battles","10","5"
"2020","United States","Explosions/Remote violence","3","1"
"2020","United States","Protests","21566","5"
"2020","United States","Riots","830","16"
"2020","United States","Strategic developments","703","29"
"2020","United States","Violence against civilians","114","48"
"2020","Uruguay","Explosions/Remote violence","1","0"
"2020","Uruguay","Protests","54","0"
"2020","Uruguay","Riots","3","0"
"2020","Uruguay","Strategic developments","3","0"
"2020","Uruguay","Violence against civilians","2","2"
"2020","Uzbekistan","Protests","181","0"
"2020","Uzbekistan","Riots","17","0"
"2020","Uzbekistan","Strategic developments","3","0"
"2020","Uzbekistan","Violence against civilians","23","4"
"2020","Vatican City","Protests","2","0"
"2020","Vatican City","Strategic developments","1","0"
"2020","Venezuela","Battles","1020","1655"
"2020","Venezuela","Explosions/Remote violence","51","6"
"2020","Venezuela","Protests","2509","3"
"2020","Venezuela","Riots","199","85"
"2020","Venezuela","Strategic developments","93","0"
"2020","Venezuela","Violence against civilians","748","842"
"2020","Vietnam","Protests","9","0"
"2020","Vietnam","Riots","2","4"
"2020","Vietnam","Strategic developments","3","0"
"2020","Vietnam","Violence against civilians","6","0"
"2020","Virgin Islands, U.S.","Riots","1","0"
"2020","Yemen","Battles","3944","14743"
"2020","Yemen","Explosions/Remote violence","5272","4251"
"2020","Yemen","Protests","645","4"
"2020","Yemen","Riots","62","9"
"2020","Yemen","Strategic developments","1175","72"
"2020","Yemen","Violence against civilians","704","625"
"2020","Zambia","Protests","8","3"
"2020","Zambia","Riots","76","32"
"2020","Zambia","Strategic developments","1","0"
"2020","Zambia","Violence against civilians","15","5"
"2020","Zimbabwe","Battles","5","4"
"2020","Zimbabwe","Explosions/Remote violence","1","2"
"2020","Zimbabwe","Protests","53","0"
"2020","Zimbabwe","Riots","40","12"
"2020","Zimbabwe","Strategic developments","13","0"
"2020","Zimbabwe","Violence against civilians","54","4"
"2021","Afghanistan","Battles","5906","31858"
"2021","Afghanistan","Explosions/Remote violence","2266","9339"
"2021","Afghanistan","Protests","229","14"
"2021","Afghanistan","Riots","9","5"
"2021","Afghanistan","Strategic developments","460","283"
"2021","Afghanistan","Violence against civilians","922","1117"
"2021","Akrotiri and Dhekelia","Protests","2","0"
"2021","Akrotiri and Dhekelia","Riots","1","0"
"2021","Albania","Battles","1","1"
"2021","Albania","Explosions/Remote violence","2","0"
"2021","Albania","Protests","146","0"
"2021","Albania","Riots","14","0"
"2021","Albania","Strategic developments","6","0"
"2021","Albania","Violence against civilians","6","0"
"2021","Algeria","Battles","7","14"
"2021","Algeria","Explosions/Remote violence","6","8"
"2021","Algeria","Protests","1710","0"
"2021","Algeria","Riots","81","1"
"2021","Algeria","Strategic developments","5","0"
"2021","Algeria","Violence against civilians","3","2"
"2021","American Samoa","Protests","2","0"
"2021","Andorra","Protests","6","0"
"2021","Angola","Protests","97","100"
"2021","Angola","Riots","53","41"
"2021","Angola","Strategic developments","1","0"
"2021","Angola","Violence against civilians","15","9"
"2021","Anguilla","Protests","1","0"
"2021","Antarctica","Protests","3","0"
"2021","Antigua and Barbuda","Protests","14","0"
"2021","Antigua and Barbuda","Riots","1","0"
"2021","Antigua and Barbuda","Violence against civilians","1","0"
"2021","Argentina","Explosions/Remote violence","1","0"
"2021","Argentina","Protests","2807","1"
"2021","Argentina","Riots","188","8"
"2021","Argentina","Strategic developments","10","0"
"2021","Argentina","Violence against civilians","35","10"
"2021","Armenia","Battles","95","24"
"2021","Armenia","Explosions/Remote violence","4","0"
"2021","Armenia","Protests","363","0"
"2021","Armenia","Riots","18","0"
"2021","Armenia","Strategic developments","13","0"
"2021","Armenia","Violence against civilians","2","0"
"2021","Aruba","Protests","9","0"
"2021","Atlantic Ocean","Strategic developments","10","0"
"2021","Australia","Battles","1","0"
"2021","Australia","Protests","681","0"
"2021","Australia","Riots","32","0"
"2021","Australia","Strategic developments","12","0"
"2021","Australia","Violence against civilians","1","0"
"2021","Austria","Battles","1","0"
"2021","Austria","Protests","560","0"
"2021","Austria","Riots","22","0"
"2021","Austria","Strategic developments","2","0"
"2021","Azerbaijan","Battles","139","3"
"2021","Azerbaijan","Explosions/Remote violence","56","26"
"2021","Azerbaijan","Protests","115","0"
"2021","Azerbaijan","Riots","2","0"
"2021","Azerbaijan","Strategic developments","8","0"
"2021","Azerbaijan","Violence against civilians","11","4"
"2021","Bahamas","Protests","13","0"
"2021","Bahamas","Riots","1","0"
"2021","Bahamas","Strategic developments","9","0"
"2021","Bahamas","Violence against civilians","2","2"
"2021","Bahrain","Protests","1070","0"
"2021","Bahrain","Riots","65","0"
"2021","Bahrain","Strategic developments","18","0"
"2021","Bahrain","Violence against civilians","17","0"
"2021","Bailiwick of Guernsey","Protests","3","0"
"2021","Bailiwick of Jersey","Protests","8","0"
"2021","Bangladesh","Battles","32","23"
"2021","Bangladesh","Explosions/Remote violence","2","4"
"2021","Bangladesh","Protests","1610","0"
"2021","Bangladesh","Riots","738","217"
"2021","Bangladesh","Strategic developments","47","1"
"2021","Bangladesh","Violence against civilians","162","111"
"2021","Barbados","Protests","3","0"
"2021","Barbados","Strategic developments","2","0"
"2021","Belarus","Battles","1","2"
"2021","Belarus","Explosions/Remote violence","2","0"
"2021","Belarus","Protests","1388","0"
"2021","Belarus","Riots","2","0"
"2021","Belarus","Strategic developments","57","0"
"2021","Belarus","Violence against civilians","36","3"
"2021","Belgium","Battles","1","1"
"2021","Belgium","Protests","837","0"
"2021","Belgium","Riots","12","1"
"2021","Belgium","Strategic developments","1","0"
"2021","Belize","Battles","23","9"
"2021","Belize","Protests","71","0"
"2021","Belize","Riots","7","0"
"2021","Belize","Strategic developments","17","0"
"2021","Belize","Violence against civilians","99","57"
"2021","Benin","Battles","18","29"
"2021","Benin","Explosions/Remote violence","1","0"
"2021","Benin","Protests","20","2"
"2021","Benin","Riots","79","33"
"2021","Benin","Strategic developments","16","0"
"2021","Benin","Violence against civilians","30","29"
"2021","Bermuda","Protests","6","0"
"2021","Bermuda","Strategic developments","1","0"
"2021","Bhutan","Battles","1","0"
"2021","Bhutan","Protests","1","0"
"2021","Bhutan","Strategic developments","1","0"
"2021","Bhutan","Violence against civilians","1","0"
"2021","Bolivia","Battles","2","0"
"2021","Bolivia","Protests","868","0"
"2021","Bolivia","Riots","129","8"
"2021","Bolivia","Strategic developments","2","0"
"2021","Bolivia","Violence against civilians","3","0"
"2021","Bosnia and Herzegovina","Protests","135","0"
"2021","Bosnia and Herzegovina","Riots","3","0"
"2021","Bosnia and Herzegovina","Strategic developments","4","0"
"2021","Bosnia and Herzegovina","Violence against civilians","1","0"
"2021","Botswana","Protests","5","0"
"2021","Botswana","Riots","3","1"
"2021","Botswana","Violence against civilians","3","0"
"2021","Brazil","Battles","3531","3062"
"2021","Brazil","Explosions/Remote violence","95","7"
"2021","Brazil","Protests","4066","1"
"2021","Brazil","Riots","582","42"
"2021","Brazil","Strategic developments","1239","0"
"2021","Brazil","Violence against civilians","3427","3229"
"2021","British Virgin Islands","Protests","2","0"
"2021","Bulgaria","Protests","485","0"
"2021","Bulgaria","Riots","9","0"
"2021","Bulgaria","Strategic developments","11","0"
"2021","Bulgaria","Violence against civilians","1","0"
"2021","Burkina Faso","Battles","303","1343"
"2021","Burkina Faso","Explosions/Remote violence","360","284"
"2021","Burkina Faso","Protests","158","1"
"2021","Burkina Faso","Riots","37","4"
"2021","Burkina Faso","Strategic developments","348","14"
"2021","Burkina Faso","Violence against civilians","661","718"
"2021","Burundi","Battles","49","71"
"2021","Burundi","Explosions/Remote violence","25","22"
"2021","Burundi","Protests","9","0"
"2021","Burundi","Riots","44","20"
"2021","Burundi","Strategic developments","34","0"
"2021","Burundi","Violence against civilians","445","190"
"2021","Cambodia","Protests","48","0"
"2021","Cambodia","Riots","3","0"
"2021","Cambodia","Strategic developments","8","1"
"2021","Cambodia","Violence against civilians","8","2"
"2021","Cameroon","Battles","525","930"
"2021","Cameroon","Explosions/Remote violence","69","75"
"2021","Cameroon","Protests","81","0"
"2021","Cameroon","Riots","81","31"
"2021","Cameroon","Strategic developments","229","5"
"2021","Cameroon","Violence against civilians","503","508"
"2021","Canada","Battles","1","0"
"2021","Canada","Protests","1691","0"
"2021","Canada","Riots","39","0"
"2021","Canada","Strategic developments","41","1"
"2021","Canada","Violence against civilians","12","8"
"2021","Cape Verde","Protests","53","0"
"2021","Cape Verde","Strategic developments","1","0"
"2021","Cape Verde","Violence against civilians","1","0"
"2021","Caribbean Netherlands","Protests","3","0"
"2021","Cayman Islands","Protests","8","0"
"2021","Central African Republic","Battles","215","727"
"2021","Central African Republic","Explosions/Remote violence","35","80"
"2021","Central African Republic","Protests","62","0"
"2021","Central African Republic","Riots","18","4"
"2021","Central African Republic","Strategic developments","218","0"
"2021","Central African Republic","Violence against civilians","402","905"
"2021","Chad","Battles","63","747"
"2021","Chad","Explosions/Remote violence","6","16"
"2021","Chad","Protests","91","4"
"2021","Chad","Riots","25","11"
"2021","Chad","Strategic developments","15","0"
"2021","Chad","Violence against civilians","50","49"
"2021","Chile","Battles","52","4"
"2021","Chile","Explosions/Remote violence","3","0"
"2021","Chile","Protests","875","0"
"2021","Chile","Riots","377","7"
"2021","Chile","Strategic developments","233","0"
"2021","Chile","Violence against civilians","98","9"
"2021","China","Battles","2","1"
"2021","China","Explosions/Remote violence","1","5"
"2021","China","Protests","1510","0"
"2021","China","Riots","15","0"
"2021","China","Strategic developments","76","0"
"2021","China","Violence against civilians","320","7"
"2021","Christmas Island","Riots","1","0"
"2021","Colombia","Battles","661","471"
"2021","Colombia","Explosions/Remote violence","146","59"
"2021","Colombia","Protests","2284","25"
"2021","Colombia","Riots","676","92"
"2021","Colombia","Strategic developments","430","0"
"2021","Colombia","Violence against civilians","1364","1460"
"2021","Comoros","Protests","14","0"
"2021","Comoros","Riots","5","0"
"2021","Comoros","Strategic developments","2","0"
"2021","Comoros","Violence against civilians","4","0"
"2021","Cook Islands","Protests","1","0"
"2021","Costa Rica","Battles","2","0"
"2021","Costa Rica","Protests","192","0"
"2021","Costa Rica","Riots","15","0"
"2021","Costa Rica","Strategic developments","9","0"
"2021","Costa Rica","Violence against civilians","6","3"
"2021","Croatia","Explosions/Remote violence","1","0"
"2021","Croatia","Protests","173","0"
"2021","Croatia","Riots","6","0"
"2021","Croatia","Strategic developments","5","1"
"2021","Croatia","Violence against civilians","3","0"
"2021","Cuba","Protests","134","0"
"2021","Cuba","Riots","26","1"
"2021","Cuba","Strategic developments","104","0"
"2021","Cuba","Violence against civilians","81","0"
"2021","Curacao","Protests","3","0"
"2021","Curacao","Strategic developments","1","0"
"2021","Cyprus","Battles","1","0"
"2021","Cyprus","Explosions/Remote violence","3","0"
"2021","Cyprus","Protests","326","0"
"2021","Cyprus","Riots","15","0"
"2021","Cyprus","Strategic developments","12","0"
"2021","Cyprus","Violence against civilians","4","0"
"2021","Czech Republic","Protests","253","0"
"2021","Czech Republic","Riots","4","0"
"2021","Czech Republic","Strategic developments","1","0"
"2021","Czech Republic","Violence against civilians","2","1"
"2021","Democratic Republic of Congo","Battles","1917","3994"
"2021","Democratic Republic of Congo","Explosions/Remote violence","60","126"
"2021","Democratic Republic of Congo","Protests","458","35"
"2021","Democratic Republic of Congo","Riots","415","294"
"2021","Democratic Republic of Congo","Strategic developments","465","0"
"2021","Democratic Republic of Congo","Violence against civilians","1967","3220"
"2021","Denmark","Protests","828","0"
"2021","Denmark","Riots","5","0"
"2021","Denmark","Strategic developments","15","0"
"2021","Denmark","Violence against civilians","2","0"
"2021","Djibouti","Battles","5","3"
"2021","Djibouti","Explosions/Remote violence","1","1"
"2021","Djibouti","Protests","18","0"
"2021","Djibouti","Riots","1","0"
"2021","Djibouti","Strategic developments","1","0"
"2021","Djibouti","Violence against civilians","3","1"
"2021","Dominica","Protests","13","0"
"2021","Dominica","Violence against civilians","1","0"
"2021","Dominican Republic","Protests","44","0"
"2021","Dominican Republic","Riots","14","1"
"2021","Dominican Republic","Strategic developments","19","0"
"2021","Dominican Republic","Violence against civilians","2","2"
"2021","East Timor","Protests","8","0"
"2021","East Timor","Riots","1","0"
"2021","East Timor","Strategic developments","4","0"
"2021","East Timor","Violence against civilians","2","2"
"2021","Ecuador","Explosions/Remote violence","1","0"
"2021","Ecuador","Protests","444","0"
"2021","Ecuador","Riots","81","3"
"2021","Ecuador","Strategic developments","1","0"
"2021","Ecuador","Violence against civilians","2","2"
"2021","Egypt","Battles","80","113"
"2021","Egypt","Explosions/Remote violence","131","111"
"2021","Egypt","Protests","31","0"
"2021","Egypt","Riots","11","1"
"2021","Egypt","Strategic developments","12","0"
"2021","Egypt","Violence against civilians","45","36"
"2021","El Salvador","Battles","167","163"
"2021","El Salvador","Protests","273","0"
"2021","El Salvador","Riots","10","0"
"2021","El Salvador","Strategic developments","47","0"
"2021","El Salvador","Violence against civilians","286","268"
"2021","Equatorial Guinea","Protests","1","0"
"2021","Equatorial Guinea","Strategic developments","1","107"
"2021","Equatorial Guinea","Violence against civilians","1","1"
"2021","Eritrea","Strategic developments","2","0"
"2021","Eritrea","Violence against civilians","2","0"
"2021","Estonia","Protests","111","0"
"2021","Estonia","Riots","1","0"
"2021","Estonia","Strategic developments","1","0"
"2021","Estonia","Violence against civilians","1","1"
"2021","eSwatini","Battles","1","0"
"2021","eSwatini","Protests","83","11"
"2021","eSwatini","Riots","71","26"
"2021","eSwatini","Strategic developments","4","0"
"2021","eSwatini","Violence against civilians","27","9"
"2021","Ethiopia","Battles","1040","4745"
"2021","Ethiopia","Explosions/Remote violence","105","482"
"2021","Ethiopia","Protests","197","7"
"2021","Ethiopia","Riots","13","30"
"2021","Ethiopia","Strategic developments","139","0"
"2021","Ethiopia","Violence against civilians","411","3274"
"2021","Falkland Islands","Strategic developments","1","0"
"2021","Fiji","Protests","10","0"
"2021","Fiji","Riots","3","0"
"2021","Fiji","Strategic developments","4","0"
"2021","Finland","Protests","258","0"
"2021","Finland","Riots","5","1"
"2021","Finland","Strategic developments","4","0"
"2021","Finland","Violence against civilians","1","0"
"2021","France","Battles","5","3"
"2021","France","Protests","8366","0"
"2021","France","Riots","284","0"
"2021","France","Strategic developments","64","0"
"2021","France","Violence against civilians","16","1"
"2021","French Guiana","Protests","60","0"
"2021","French Guiana","Riots","8","0"
"2021","French Polynesia","Protests","47","0"
"2021","French Polynesia","Riots","2","0"
"2021","Gabon","Battles","1","0"
"2021","Gabon","Protests","31","0"
"2021","Gabon","Riots","8","3"
"2021","Gabon","Strategic developments","2","0"
"2021","Gabon","Violence against civilians","4","1"
"2021","Gambia","Battles","2","0"
"2021","Gambia","Protests","7","0"
"2021","Gambia","Riots","14","1"
"2021","Gambia","Strategic developments","3","0"
"2021","Gambia","Violence against civilians","1","0"
"2021","Georgia","Protests","810","0"
"2021","Georgia","Riots","65","0"
"2021","Georgia","Strategic developments","12","0"
"2021","Georgia","Violence against civilians","8","0"
"2021","Germany","Explosions/Remote violence","1","0"
"2021","Germany","Protests","4217","0"
"2021","Germany","Riots","211","0"
"2021","Germany","Strategic developments","190","0"
"2021","Germany","Violence against civilians","10","9"
"2021","Ghana","Battles","14","9"
"2021","Ghana","Protests","81","2"
"2021","Ghana","Riots","76","31"
"2021","Ghana","Strategic developments","13","0"
"2021","Ghana","Violence against civilians","29","9"
"2021","Gibraltar","Protests","1","0"
"2021","Greece","Battles","4","0"
"2021","Greece","Explosions/Remote violence","19","0"
"2021","Greece","Protests","558","0"
"2021","Greece","Riots","134","1"
"2021","Greece","Strategic developments","32","0"
"2021","Greece","Violence against civilians","22","6"
"2021","Greenland","Protests","3","0"
"2021","Greenland","Strategic developments","1","0"
"2021","Grenada","Protests","8","0"
"2021","Guadeloupe","Battles","1","0"
"2021","Guadeloupe","Protests","121","0"
"2021","Guadeloupe","Riots","90","0"
"2021","Guadeloupe","Strategic developments","1","0"
"2021","Guam","Protests","24","0"
"2021","Guatemala","Battles","362","384"
"2021","Guatemala","Explosions/Remote violence","1","0"
"2021","Guatemala","Protests","701","0"
"2021","Guatemala","Riots","59","10"
"2021","Guatemala","Strategic developments","72","0"
"2021","Guatemala","Violence against civilians","294","290"
"2021","Guinea","Battles","14","5"
"2021","Guinea","Explosions/Remote violence","1","0"
"2021","Guinea","Protests","99","0"
"2021","Guinea","Riots","101","21"
"2021","Guinea","Strategic developments","7","0"
"2021","Guinea","Violence against civilians","5","2"
"2021","Guinea-Bissau","Protests","12","0"
"2021","Guinea-Bissau","Riots","5","0"
"2021","Guinea-Bissau","Violence against civilians","3","0"
"2021","Guyana","Battles","1","0"
"2021","Guyana","Protests","37","0"
"2021","Guyana","Riots","6","0"
"2021","Guyana","Strategic developments","1","0"
"2021","Guyana","Violence against civilians","3","1"
"2021","Haiti","Battles","215","471"
"2021","Haiti","Protests","238","5"
"2021","Haiti","Riots","298","101"
"2021","Haiti","Strategic developments","131","0"
"2021","Haiti","Violence against civilians","404","240"
"2021","Honduras","Battles","65","77"
"2021","Honduras","Explosions/Remote violence","1","0"
"2021","Honduras","Protests","764","0"
"2021","Honduras","Riots","50","3"
"2021","Honduras","Strategic developments","87","0"
"2021","Honduras","Violence against civilians","539","628"
"2021","Hungary","Protests","127","0"
"2021","Hungary","Riots","1","0"
"2021","Hungary","Strategic developments","4","0"
"2021","Hungary","Violence against civilians","8","0"
"2021","Iceland","Protests","28","0"
"2021","Iceland","Strategic developments","4","0"
"2021","Iceland","Violence against civilians","2","0"
"2021","India","Battles","415","474"
"2021","India","Explosions/Remote violence","139","40"
"2021","India","Protests","15045","1"
"2021","India","Riots","1579","192"
"2021","India","Strategic developments","350","1"
"2021","India","Violence against civilians","463","304"
"2021","Indian Ocean","Battles","3","0"
"2021","Indian Ocean","Explosions/Remote violence","12","0"
"2021","Indian Ocean","Riots","1","0"
"2021","Indian Ocean","Strategic developments","42","0"
"2021","Indonesia","Battles","110","74"
"2021","Indonesia","Explosions/Remote violence","21","2"
"2021","Indonesia","Protests","1751","1"
"2021","Indonesia","Riots","164","20"
"2021","Indonesia","Strategic developments","118","0"
"2021","Indonesia","Violence against civilians","90","41"
"2021","Iran","Battles","49","76"
"2021","Iran","Explosions/Remote violence","13","11"
"2021","Iran","Protests","3874","4"
"2021","Iran","Riots","140","13"
"2021","Iran","Strategic developments","110","32"
"2021","Iran","Violence against civilians","97","84"
"2021","Iraq","Battles","1537","1269"
"2021","Iraq","Explosions/Remote violence","2876","964"
"2021","Iraq","Protests","1503","4"
"2021","Iraq","Riots","259","18"
"2021","Iraq","Strategic developments","1004","11"
"2021","Iraq","Violence against civilians","421","332"
"2021","Ireland","Protests","216","0"
"2021","Ireland","Riots","2","0"
"2021","Isle of Man","Protests","3","0"
"2021","Israel","Battles","15","2"
"2021","Israel","Explosions/Remote violence","169","16"
"2021","Israel","Protests","1021","0"
"2021","Israel","Riots","300","2"
"2021","Israel","Strategic developments","117","0"
"2021","Israel","Violence against civilians","33","5"
"2021","Italy","Protests","7381","1"
"2021","Italy","Riots","161","0"
"2021","Italy","Strategic developments","136","0"
"2021","Italy","Violence against civilians","10","0"
"2021","Ivory Coast","Battles","20","19"
"2021","Ivory Coast","Explosions/Remote violence","6","3"
"2021","Ivory Coast","Protests","73","0"
"2021","Ivory Coast","Riots","102","19"
"2021","Ivory Coast","Strategic developments","15","5"
"2021","Ivory Coast","Violence against civilians","23","5"
"2021","Jamaica","Battles","64","62"
"2021","Jamaica","Protests","54","0"
"2021","Jamaica","Riots","24","7"
"2021","Jamaica","Strategic developments","15","0"
"2021","Jamaica","Violence against civilians","203","232"
"2021","Japan","Protests","1423","0"
"2021","Japan","Strategic developments","2","0"
"2021","Jordan","Battles","11","7"
"2021","Jordan","Protests","343","0"
"2021","Jordan","Riots","35","2"
"2021","Jordan","Strategic developments","14","0"
"2021","Jordan","Violence against civilians","1","0"
"2021","Kazakhstan","Battles","1","0"
"2021","Kazakhstan","Protests","983","0"
"2021","Kazakhstan","Riots","13","0"
"2021","Kazakhstan","Strategic developments","1","0"
"2021","Kazakhstan","Violence against civilians","45","3"
"2021","Kenya","Battles","86","194"
"2021","Kenya","Explosions/Remote violence","17","45"
"2021","Kenya","Protests","169","2"
"2021","Kenya","Riots","232","92"
"2021","Kenya","Strategic developments","27","18"
"2021","Kenya","Violence against civilians","125","152"
"2021","Kosovo","Battles","1","0"
"2021","Kosovo","Protests","121","0"
"2021","Kosovo","Riots","26","0"
"2021","Kosovo","Strategic developments","7","0"
"2021","Kosovo","Violence against civilians","4","0"
"2021","Kuwait","Protests","11","0"
"2021","Kuwait","Strategic developments","2","0"
"2021","Kyrgyzstan","Battles","9","31"
"2021","Kyrgyzstan","Protests","446","0"
"2021","Kyrgyzstan","Riots","33","0"
"2021","Kyrgyzstan","Strategic developments","7","0"
"2021","Kyrgyzstan","Violence against civilians","39","1"
"2021","Laos","Battles","1","1"
"2021","Laos","Protests","1","0"
"2021","Latvia","Protests","62","0"
"2021","Latvia","Riots","1","0"
"2021","Latvia","Strategic developments","7","0"
"2021","Lebanon","Battles","74","30"
"2021","Lebanon","Explosions/Remote violence","31","0"
"2021","Lebanon","Protests","2160","0"
"2021","Lebanon","Riots","834","6"
"2021","Lebanon","Strategic developments","85","32"
"2021","Lebanon","Violence against civilians","26","6"
"2021","Lesotho","Protests","10","0"
"2021","Lesotho","Riots","12","3"
"2021","Lesotho","Strategic developments","1","0"
"2021","Lesotho","Violence against civilians","6","6"
"2021","Liberia","Battles","1","0"
"2021","Liberia","Protests","29","0"
"2021","Liberia","Riots","16","2"
"2021","Liberia","Strategic developments","1","0"
"2021","Liberia","Violence against civilians","7","5"
"2021","Libya","Battles","42","53"
"2021","Libya","Explosions/Remote violence","28","44"
"2021","Libya","Protests","132","0"
"2021","Libya","Riots","2","0"
"2021","Libya","Strategic developments","25","0"
"2021","Libya","Violence against civilians","35","18"
"2021","Liechtenstein","Protests","5","0"
"2021","Liechtenstein","Strategic developments","1","0"
"2021","Lithuania","Protests","148","0"
"2021","Lithuania","Riots","3","0"
"2021","Lithuania","Strategic developments","7","0"
"2021","Luxembourg","Protests","32","0"
"2021","Luxembourg","Riots","2","0"
"2021","Madagascar","Battles","87","207"
"2021","Madagascar","Explosions/Remote violence","1","0"
"2021","Madagascar","Protests","67","0"
"2021","Madagascar","Riots","86","23"
"2021","Madagascar","Strategic developments","31","0"
"2021","Madagascar","Violence against civilians","85","73"
"2021","Malawi","Protests","95","0"
"2021","Malawi","Riots","104","39"
"2021","Malawi","Strategic developments","1","0"
"2021","Malawi","Violence against civilians","19","5"
"2021","Malaysia","Battles","3","7"
"2021","Malaysia","Protests","95","0"
"2021","Malaysia","Riots","1","0"
"2021","Malaysia","Strategic developments","35","0"
"2021","Malaysia","Violence against civilians","12","6"
"2021","Maldives","Explosions/Remote violence","1","0"
"2021","Maldives","Protests","58","0"
"2021","Maldives","Riots","2","0"
"2021","Mali","Battles","326","1158"
"2021","Mali","Explosions/Remote violence","188","285"
"2021","Mali","Protests","126","0"
"2021","Mali","Riots","27","6"
"2021","Mali","Strategic developments","188","4"
"2021","Mali","Violence against civilians","498","459"
"2021","Malta","Protests","75","0"
"2021","Malta","Riots","2","0"
"2021","Martinique","Protests","69","0"
"2021","Martinique","Riots","47","0"
"2021","Martinique","Strategic developments","1","0"
"2021","Mauritania","Explosions/Remote violence","2","0"
"2021","Mauritania","Protests","268","0"
"2021","Mauritania","Riots","9","1"
"2021","Mauritania","Strategic developments","2","0"
"2021","Mauritania","Violence against civilians","1","0"
"2021","Mauritius","Protests","93","0"
"2021","Mauritius","Riots","20","2"
"2021","Mauritius","Strategic developments","2","0"
"2021","Mauritius","Violence against civilians","6","0"
"2021","Mayotte","Battles","1","0"
"2021","Mayotte","Explosions/Remote violence","1","0"
"2021","Mayotte","Protests","20","0"
"2021","Mayotte","Riots","19","1"
"2021","Mediterranean Sea","Explosions/Remote violence","6","0"
"2021","Mediterranean Sea","Strategic developments","24","0"
"2021","Mexico","Battles","1181","1483"
"2021","Mexico","Explosions/Remote violence","14","2"
"2021","Mexico","Protests","6150","2"
"2021","Mexico","Riots","815","47"
"2021","Mexico","Strategic developments","633","0"
"2021","Mexico","Violence against civilians","5644","6725"
"2021","Micronesia","Strategic developments","1","0"
"2021","Moldova","Battles","1","0"
"2021","Moldova","Protests","193","0"
"2021","Moldova","Riots","9","0"
"2021","Moldova","Strategic developments","13","0"
"2021","Moldova","Violence against civilians","7","0"
"2021","Monaco","Protests","6","0"
"2021","Mongolia","Protests","126","0"
"2021","Mongolia","Riots","1","0"
"2021","Mongolia","Strategic developments","15","0"
"2021","Mongolia","Violence against civilians","1","0"
"2021","Montenegro","Protests","199","0"
"2021","Montenegro","Riots","6","0"
"2021","Montenegro","Strategic developments","1","0"
"2021","Montenegro","Violence against civilians","6","0"
"2021","Morocco","Battles","5","12"
"2021","Morocco","Explosions/Remote violence","15","33"
"2021","Morocco","Protests","1555","0"
"2021","Morocco","Riots","53","1"
"2021","Morocco","Strategic developments","3","0"
"2021","Morocco","Violence against civilians","10","1"
"2021","Mozambique","Battles","191","1188"
"2021","Mozambique","Explosions/Remote violence","20","109"
"2021","Mozambique","Protests","19","0"
"2021","Mozambique","Riots","17","24"
"2021","Mozambique","Strategic developments","71","0"
"2021","Mozambique","Violence against civilians","179","506"
"2021","Myanmar","Battles","2440","6655"
"2021","Myanmar","Explosions/Remote violence","2887","2636"
"2021","Myanmar","Protests","7739","493"
"2021","Myanmar","Riots","60","139"
"2021","Myanmar","Strategic developments","3704","26"
"2021","Myanmar","Violence against civilians","2080","1843"
"2021","Namibia","Protests","115","0"
"2021","Namibia","Riots","13","1"
"2021","Namibia","Violence against civilians","7","1"
"2021","Nepal","Explosions/Remote violence","5","0"
"2021","Nepal","Protests","2835","0"
"2021","Nepal","Riots","397","8"
"2021","Nepal","Strategic developments","26","0"
"2021","Nepal","Violence against civilians","39","2"
"2021","Netherlands","Explosions/Remote violence","1","0"
"2021","Netherlands","Protests","755","0"
"2021","Netherlands","Riots","75","0"
"2021","Netherlands","Strategic developments","15","0"
"2021","Netherlands","Violence against civilians","2","1"
"2021","New Caledonia","Protests","17","0"
"2021","New Caledonia","Riots","2","0"
"2021","New Caledonia","Strategic developments","5","0"
"2021","New Zealand","Protests","232","0"
"2021","New Zealand","Riots","4","0"
"2021","New Zealand","Strategic developments","4","0"
"2021","New Zealand","Violence against civilians","1","1"
"2021","Nicaragua","Battles","4","6"
"2021","Nicaragua","Protests","25","0"
"2021","Nicaragua","Riots","2","0"
"2021","Nicaragua","Strategic developments","49","0"
"2021","Nicaragua","Violence against civilians","39","29"
"2021","Niger","Battles","80","686"
"2021","Niger","Explosions/Remote violence","39","53"
"2021","Niger","Protests","13","0"
"2021","Niger","Riots","12","6"
"2021","Niger","Strategic developments","81","0"
"2021","Niger","Violence against civilians","206","753"
"2021","Nigeria","Battles","1327","5575"
"2021","Nigeria","Explosions/Remote violence","195","1211"
"2021","Nigeria","Protests","804","12"
"2021","Nigeria","Riots","327","223"
"2021","Nigeria","Strategic developments","197","4"
"2021","Nigeria","Violence against civilians","1739","3931"
"2021","North Korea","Protests","4","0"
"2021","North Korea","Riots","1","0"
"2021","North Korea","Strategic developments","76","18"
"2021","North Korea","Violence against civilians","21","13"
"2021","North Macedonia","Explosions/Remote violence","1","0"
"2021","North Macedonia","Protests","184","0"
"2021","North Macedonia","Riots","4","0"
"2021","North Macedonia","Strategic developments","2","0"
"2021","Northern Mariana Islands","Protests","6","0"
"2021","Norway","Protests","307","0"
"2021","Norway","Riots","4","0"
"2021","Norway","Strategic developments","2","0"
"2021","Oman","Explosions/Remote violence","1","2"
"2021","Oman","Protests","13","0"
"2021","Oman","Riots","6","0"
"2021","Oman","Strategic developments","1","0"
"2021","Pacific Ocean","Strategic developments","21","0"
"2021","Pakistan","Battles","374","804"
"2021","Pakistan","Explosions/Remote violence","209","264"
"2021","Pakistan","Protests","6824","3"
"2021","Pakistan","Riots","323","83"
"2021","Pakistan","Strategic developments","43","0"
"2021","Pakistan","Violence against civilians","199","251"
"2021","Palestine","Battles","174","47"
"2021","Palestine","Explosions/Remote violence","450","269"
"2021","Palestine","Protests","1225","6"
"2021","Palestine","Riots","3513","44"
"2021","Palestine","Strategic developments","1407","3"
"2021","Palestine","Violence against civilians","456","26"
"2021","Panama","Protests","479","0"
"2021","Panama","Riots","18","0"
"2021","Panama","Strategic developments","3","0"
"2021","Panama","Violence against civilians","8","5"
"2021","Papua New Guinea","Battles","8","14"
"2021","Papua New Guinea","Explosions/Remote violence","1","7"
"2021","Papua New Guinea","Protests","34","0"
"2021","Papua New Guinea","Riots","94","215"
"2021","Papua New Guinea","Strategic developments","23","1"
"2021","Papua New Guinea","Violence against civilians","10","5"
"2021","Paraguay","Battles","8","11"
"2021","Paraguay","Protests","1225","0"
"2021","Paraguay","Riots","56","11"
"2021","Paraguay","Strategic developments","24","0"
"2021","Paraguay","Violence against civilians","29","21"
"2021","Peru","Battles","2","3"
"2021","Peru","Protests","1140","0"
"2021","Peru","Riots","241","4"
"2021","Peru","Strategic developments","3","0"
"2021","Peru","Violence against civilians","6","18"
"2021","Philippines","Battles","368","450"
"2021","Philippines","Explosions/Remote violence","49","28"
"2021","Philippines","Protests","279","0"
"2021","Philippines","Riots","3","6"
"2021","Philippines","Strategic developments","89","1"
"2021","Philippines","Violence against civilians","580","697"
"2021","Poland","Protests","1806","0"
"2021","Poland","Riots","90","0"
"2021","Poland","Strategic developments","25","8"
"2021","Poland","Violence against civilians","2","1"
"2021","Portugal","Protests","616","0"
"2021","Portugal","Riots","4","0"
"2021","Portugal","Strategic developments","2","0"
"2021","Puerto Rico","Battles","42","41"
"2021","Puerto Rico","Protests","130","0"
"2021","Puerto Rico","Riots","3","0"
"2021","Puerto Rico","Strategic developments","21","0"
"2021","Puerto Rico","Violence against civilians","168","139"
"2021","Qatar","Protests","15","0"
"2021","Qatar","Strategic developments","4","0"
"2021","Republic of Congo","Battles","1","0"
"2021","Republic of Congo","Protests","17","0"
"2021","Republic of Congo","Riots","6","0"
"2021","Republic of Congo","Strategic developments","1","0"
"2021","Republic of Congo","Violence against civilians","7","10"
"2021","Reunion","Protests","105","0"
"2021","Reunion","Riots","10","0"
"2021","Romania","Protests","450","0"
"2021","Romania","Riots","14","0"
"2021","Romania","Strategic developments","6","0"
"2021","Romania","Violence against civilians","3","0"
"2021","Russia","Battles","8","14"
"2021","Russia","Explosions/Remote violence","2","1"
"2021","Russia","Protests","1572","0"
"2021","Russia","Riots","21","2"
"2021","Russia","Strategic developments","85","0"
"2021","Russia","Violence against civilians","135","9"
"2021","Rwanda","Battles","7","8"
"2021","Rwanda","Explosions/Remote violence","1","0"
"2021","Rwanda","Protests","1","0"
"2021","Rwanda","Riots","2","3"
"2021","Rwanda","Strategic developments","3","0"
"2021","Rwanda","Violence against civilians","19","20"
"2021","Saint Lucia","Protests","1","0"
"2021","Saint Lucia","Riots","2","0"
"2021","Saint Vincent and the Grenadines","Protests","1","0"
"2021","Saint Vincent and the Grenadines","Riots","1","0"
"2021","Saint-Barthelemy","Protests","1","0"
"2021","Saint-Martin","Protests","11","0"
"2021","Saint-Martin","Riots","18","0"
"2021","Saint-Martin","Strategic developments","1","0"
"2021","Samoa","Protests","12","0"
"2021","Samoa","Riots","1","0"
"2021","Samoa","Strategic developments","4","0"
"2021","Samoa","Violence against civilians","1","0"
"2021","San Marino","Protests","11","0"
"2021","Sao Tome and Principe","Protests","6","0"
"2021","Sao Tome and Principe","Riots","1","0"
"2021","Sao Tome and Principe","Strategic developments","1","0"
"2021","Sao Tome and Principe","Violence against civilians","1","1"
"2021","Saudi Arabia","Explosions/Remote violence","78","19"
"2021","Saudi Arabia","Protests","1","0"
"2021","Saudi Arabia","Strategic developments","158","0"
"2021","Saudi Arabia","Violence against civilians","3","1"
"2021","Senegal","Battles","10","5"
"2021","Senegal","Explosions/Remote violence","4","7"
"2021","Senegal","Protests","82","0"
"2021","Senegal","Riots","99","11"
"2021","Senegal","Strategic developments","3","0"
"2021","Senegal","Violence against civilians","6","1"
"2021","Serbia","Protests","379","0"
"2021","Serbia","Riots","4","0"
"2021","Serbia","Strategic developments","8","0"
"2021","Serbia","Violence against civilians","5","1"
"2021","Seychelles","Protests","2","0"
"2021","Sierra Leone","Battles","1","0"
"2021","Sierra Leone","Protests","4","0"
"2021","Sierra Leone","Riots","20","2"
"2021","Sierra Leone","Strategic developments","1","0"
"2021","Sierra Leone","Violence against civilians","2","0"
"2021","Singapore","Protests","3","0"
"2021","Singapore","Strategic developments","1","0"
"2021","Sint Maarten","Protests","5","0"
"2021","Sint Maarten","Strategic developments","1","0"
"2021","Slovakia","Protests","103","0"
"2021","Slovakia","Riots","5","0"
"2021","Slovakia","Strategic developments","1","0"
"2021","Slovakia","Violence against civilians","1","0"
"2021","Slovenia","Protests","137","0"
"2021","Slovenia","Riots","3","0"
"2021","Slovenia","Strategic developments","2","0"
"2021","Slovenia","Violence against civilians","1","0"
"2021","Solomon Islands","Protests","7","0"
"2021","Solomon Islands","Riots","9","4"
"2021","Solomon Islands","Strategic developments","16","2"
"2021","Solomon Islands","Violence against civilians","2","1"
"2021","Somalia","Battles","2091","2112"
"2021","Somalia","Explosions/Remote violence","568","893"
"2021","Somalia","Protests","82","0"
"2021","Somalia","Riots","9","1"
"2021","Somalia","Strategic developments","70","27"
"2021","Somalia","Violence against civilians","369","384"
"2021","South Africa","Battles","6","21"
"2021","South Africa","Protests","1085","3"
"2021","South Africa","Riots","758","192"
"2021","South Africa","Strategic developments","14","0"
"2021","South Africa","Violence against civilians","117","113"
"2021","South Korea","Protests","6311","0"
"2021","South Korea","Riots","53","0"
"2021","South Korea","Strategic developments","9","0"
"2021","South Sudan","Battles","697","1946"
"2021","South Sudan","Explosions/Remote violence","16","15"
"2021","South Sudan","Protests","40","0"
"2021","South Sudan","Riots","50","13"
"2021","South Sudan","Strategic developments","164","0"
"2021","South Sudan","Violence against civilians","993","1751"
"2021","Southern Ocean","Protests","3","0"
"2021","Spain","Battles","1","0"
"2021","Spain","Protests","4492","0"
"2021","Spain","Riots","243","2"
"2021","Spain","Strategic developments","25","0"
"2021","Spain","Violence against civilians","7","2"
"2021","Sri Lanka","Explosions/Remote violence","3","1"
"2021","Sri Lanka","Protests","894","0"
"2021","Sri Lanka","Riots","28","0"
"2021","Sri Lanka","Strategic developments","17","0"
"2021","Sri Lanka","Violence against civilians","19","3"
"2021","Sudan","Battles","205","1035"
"2021","Sudan","Explosions/Remote violence","11","13"
"2021","Sudan","Protests","832","56"
"2021","Sudan","Riots","85","28"
"2021","Sudan","Strategic developments","50","0"
"2021","Sudan","Violence against civilians","408","525"
"2021","Suriname","Protests","31","0"
"2021","Suriname","Riots","6","0"
"2021","Suriname","Strategic developments","2","0"
"2021","Suriname","Violence against civilians","3","1"
"2021","Sweden","Protests","1240","0"
"2021","Sweden","Riots","3","0"
"2021","Sweden","Strategic developments","5","0"
"2021","Switzerland","Protests","218","0"
"2021","Switzerland","Riots","12","0"
"2021","Switzerland","Strategic developments","4","0"
"2021","Switzerland","Violence against civilians","1","0"
"2021","Syria","Battles","1992","2528"
"2021","Syria","Explosions/Remote violence","5618","2642"
"2021","Syria","Protests","339","7"
"2021","Syria","Riots","46","4"
"2021","Syria","Strategic developments","953","6"
"2021","Syria","Violence against civilians","1853","906"
"2021","Taiwan","Protests","1159","0"
"2021","Taiwan","Riots","22","0"
"2021","Taiwan","Strategic developments","1","0"
"2021","Taiwan","Violence against civilians","1","0"
"2021","Tajikistan","Battles","5","19"
"2021","Tajikistan","Protests","3","0"
"2021","Tajikistan","Riots","6","1"
"2021","Tajikistan","Strategic developments","5","0"
"2021","Tajikistan","Violence against civilians","4","0"
"2021","Tanzania","Battles","5","16"
"2021","Tanzania","Protests","18","0"
"2021","Tanzania","Riots","16","9"
"2021","Tanzania","Strategic developments","15","0"
"2021","Tanzania","Violence against civilians","29","19"
"2021","Thailand","Battles","46","34"
"2021","Thailand","Explosions/Remote violence","70","6"
"2021","Thailand","Protests","865","0"
"2021","Thailand","Riots","81","2"
"2021","Thailand","Strategic developments","181","0"
"2021","Thailand","Violence against civilians","45","23"
"2021","Togo","Battles","1","0"
"2021","Togo","Protests","17","0"
"2021","Togo","Riots","13","4"
"2021","Togo","Strategic developments","1","0"
"2021","Togo","Violence against civilians","2","0"
"2021","Tonga","Protests","1","0"
"2021","Trinidad and Tobago","Battles","37","27"
"2021","Trinidad and Tobago","Explosions/Remote violence","1","0"
"2021","Trinidad and Tobago","Protests","111","0"
"2021","Trinidad and Tobago","Riots","17","0"
"2021","Trinidad and Tobago","Strategic developments","18","0"
"2021","Trinidad and Tobago","Violence against civilians","200","158"
"2021","Tunisia","Battles","5","9"
"2021","Tunisia","Explosions/Remote violence","11","9"
"2021","Tunisia","Protests","1048","0"
"2021","Tunisia","Riots","272","0"
"2021","Tunisia","Strategic developments","7","0"
"2021","Tunisia","Violence against civilians","7","1"
"2021","Turkey","Battles","161","166"
"2021","Turkey","Explosions/Remote violence","137","28"
"2021","Turkey","Protests","3007","0"
"2021","Turkey","Riots","38","8"
"2021","Turkey","Strategic developments","1338","0"
"2021","Turkey","Violence against civilians","60","11"
"2021","Turkmenistan","Strategic developments","3","0"
"2021","Turks and Caicos Islands","Protests","1","0"
"2021","Turks and Caicos Islands","Strategic developments","5","0"
"2021","Uganda","Battles","82","180"
"2021","Uganda","Explosions/Remote violence","15","17"
"2021","Uganda","Protests","425","4"
"2021","Uganda","Riots","294","166"
"2021","Uganda","Strategic developments","92","7"
"2021","Uganda","Violence against civilians","252","133"
"2021","Ukraine","Battles","2405","52"
"2021","Ukraine","Explosions/Remote violence","4822","93"
"2021","Ukraine","Protests","1170","0"
"2021","Ukraine","Riots","43","0"
"2021","Ukraine","Strategic developments","107","0"
"2021","Ukraine","Violence against civilians","38","4"
"2021","United Arab Emirates","Explosions/Remote violence","1","0"
"2021","United Arab Emirates","Strategic developments","1","0"
"2021","United Arab Emirates","Violence against civilians","2","0"
"2021","United Kingdom","Protests","1585","0"
"2021","United Kingdom","Riots","106","2"
"2021","United Kingdom","Strategic developments","24","0"
"2021","United Kingdom","Violence against civilians","15","3"
"2021","United States","Battles","4","7"
"2021","United States","Explosions/Remote violence","4","0"
"2021","United States","Protests","13135","1"
"2021","United States","Riots","213","5"
"2021","United States","Strategic developments","650","49"
"2021","United States","Violence against civilians","78","73"
"2021","Uruguay","Protests","55","0"
"2021","Uruguay","Riots","2","0"
"2021","Uzbekistan","Explosions/Remote violence","1","0"
"2021","Uzbekistan","Protests","239","0"
"2021","Uzbekistan","Riots","17","0"
"2021","Uzbekistan","Strategic developments","3","0"
"2021","Uzbekistan","Violence against civilians","24","4"
"2021","Vanuatu","Protests","3","0"
"2021","Venezuela","Battles","792","1104"
"2021","Venezuela","Explosions/Remote violence","10","2"
"2021","Venezuela","Protests","1946","0"
"2021","Venezuela","Riots","58","18"
"2021","Venezuela","Strategic developments","45","6"
"2021","Venezuela","Violence against civilians","565","591"
"2021","Vietnam","Riots","2","0"
"2021","Vietnam","Violence against civilians","1","0"
"2021","Virgin Islands, U.S.","Protests","3","0"
"2021","Wallis and Futuna","Protests","6","0"
"2021","Wallis and Futuna","Strategic developments","2","0"
"2021","Yemen","Battles","2793","12410"
"2021","Yemen","Explosions/Remote violence","4051","5614"
"2021","Yemen","Protests","747","11"
"2021","Yemen","Riots","93","24"
"2021","Yemen","Strategic developments","647","40"
"2021","Yemen","Violence against civilians","490","279"
"2021","Zambia","Battles","2","1"
"2021","Zambia","Protests","29","0"
"2021","Zambia","Riots","60","8"
"2021","Zambia","Strategic developments","5","0"
"2021","Zambia","Violence against civilians","17","7"
"2021","Zimbabwe","Battles","1","0"
"2021","Zimbabwe","Explosions/Remote violence","2","0"
"2021","Zimbabwe","Protests","51","0"
"2021","Zimbabwe","Riots","54","13"
"2021","Zimbabwe","Strategic developments","7","2"
"2021","Zimbabwe","Violence against civilians","38","10"
"2022","Afghanistan","Battles","1048","2496"
"2022","Afghanistan","Explosions/Remote violence","418","835"
"2022","Afghanistan","Protests","286","3"
"2022","Afghanistan","Riots","28","24"
"2022","Afghanistan","Strategic developments","355","28"
"2022","Afghanistan","Violence against civilians","1068","830"
"2022","Akrotiri and Dhekelia","Protests","2","0"
"2022","Albania","Battles","1","0"
"2022","Albania","Explosions/Remote violence","1","0"
"2022","Albania","Protests","149","0"
"2022","Albania","Riots","3","0"
"2022","Albania","Strategic developments","3","0"
"2022","Albania","Violence against civilians","2","0"
"2022","Algeria","Battles","13","19"
"2022","Algeria","Explosions/Remote violence","1","0"
"2022","Algeria","Protests","334","0"
"2022","Algeria","Riots","13","0"
"2022","Algeria","Strategic developments","7","0"
"2022","Algeria","Violence against civilians","3","8"
"2022","American Samoa","Protests","3","0"
"2022","American Samoa","Strategic developments","1","0"
"2022","Andorra","Protests","4","0"
"2022","Angola","Battles","6","48"
"2022","Angola","Protests","94","3"
"2022","Angola","Riots","58","34"
"2022","Angola","Strategic developments","9","1"
"2022","Angola","Violence against civilians","17","22"
"2022","Anguilla","Protests","1","0"
"2022","Antarctica","Protests","2","0"
"2022","Antigua and Barbuda","Protests","21","0"
"2022","Arctic Ocean","Strategic developments","15","0"
"2022","Argentina","Battles","1","0"
"2022","Argentina","Protests","2485","0"
"2022","Argentina","Riots","173","7"
"2022","Argentina","Strategic developments","17","0"
"2022","Argentina","Violence against civilians","22","10"
"2022","Armenia","Battles","97","178"
"2022","Armenia","Explosions/Remote violence","43","22"
"2022","Armenia","Protests","415","0"
"2022","Armenia","Riots","5","0"
"2022","Armenia","Strategic developments","22","7"
"2022","Armenia","Violence against civilians","5","10"
"2022","Aruba","Protests","8","0"
"2022","Atlantic Ocean","Strategic developments","26","0"
"2022","Australia","Battles","1","6"
"2022","Australia","Protests","798","0"
"2022","Australia","Riots","13","1"
"2022","Australia","Strategic developments","4","0"
"2022","Austria","Protests","297","0"
"2022","Austria","Riots","14","0"
"2022","Austria","Strategic developments","4","0"
"2022","Austria","Violence against civilians","2","0"
"2022","Azerbaijan","Battles","313","26"
"2022","Azerbaijan","Explosions/Remote violence","57","42"
"2022","Azerbaijan","Protests","128","0"
"2022","Azerbaijan","Riots","1","0"
"2022","Azerbaijan","Strategic developments","16","0"
"2022","Azerbaijan","Violence against civilians","16","0"
"2022","Bahamas","Protests","3","0"
"2022","Bahamas","Strategic developments","16","0"
"2022","Bahamas","Violence against civilians","1","0"
"2022","Bahrain","Protests","676","0"
"2022","Bahrain","Riots","19","0"
"2022","Bahrain","Strategic developments","24","0"
"2022","Bahrain","Violence against civilians","8","0"
"2022","Bailiwick of Guernsey","Protests","2","0"
"2022","Bangladesh","Battles","25","27"
"2022","Bangladesh","Explosions/Remote violence","9","1"
"2022","Bangladesh","Protests","1294","0"
"2022","Bangladesh","Riots","773","152"
"2022","Bangladesh","Strategic developments","31","1"
"2022","Bangladesh","Violence against civilians","206","130"
"2022","Barbados","Protests","1","0"
"2022","Barbados","Strategic developments","1","0"
"2022","Belarus","Battles","1","0"
"2022","Belarus","Explosions/Remote violence","4","2"
"2022","Belarus","Protests","82","0"
"2022","Belarus","Strategic developments","69","0"
"2022","Belarus","Violence against civilians","49","2"
"2022","Belgium","Battles","2","2"
"2022","Belgium","Protests","526","0"
"2022","Belgium","Riots","19","0"
"2022","Belgium","Strategic developments","5","0"
"2022","Belgium","Violence against civilians","1","1"
"2022","Belize","Battles","19","10"
"2022","Belize","Protests","25","0"
"2022","Belize","Riots","2","0"
"2022","Belize","Strategic developments","9","0"
"2022","Belize","Violence against civilians","59","40"
"2022","Benin","Battles","43","73"
"2022","Benin","Explosions/Remote violence","5","6"
"2022","Benin","Protests","7","2"
"2022","Benin","Riots","53","24"
"2022","Benin","Strategic developments","78","0"
"2022","Benin","Violence against civilians","83","68"
"2022","Bermuda","Protests","8","0"
"2022","Bhutan","Riots","2","0"
"2022","Bolivia","Battles","3","1"
"2022","Bolivia","Protests","1083","0"
"2022","Bolivia","Riots","154","9"
"2022","Bolivia","Strategic developments","3","0"
"2022","Bolivia","Violence against civilians","3","2"
"2022","Bosnia and Herzegovina","Protests","151","0"
"2022","Bosnia and Herzegovina","Riots","3","0"
"2022","Bosnia and Herzegovina","Strategic developments","11","0"
"2022","Bosnia and Herzegovina","Violence against civilians","4","1"
"2022","Botswana","Protests","8","0"
"2022","Botswana","Riots","8","4"
"2022","Brazil","Battles","4313","3401"
"2022","Brazil","Explosions/Remote violence","45","0"
"2022","Brazil","Protests","3752","0"
"2022","Brazil","Riots","885","75"
"2022","Brazil","Strategic developments","881","0"
"2022","Brazil","Violence against civilians","4909","4401"
"2022","British Virgin Islands","Protests","2","0"
"2022","Bulgaria","Protests","609","0"
"2022","Bulgaria","Riots","3","0"
"2022","Bulgaria","Strategic developments","2","2"
"2022","Burkina Faso","Battles","524","2081"
"2022","Burkina Faso","Explosions/Remote violence","489","995"
"2022","Burkina Faso","Protests","143","0"
"2022","Burkina Faso","Riots","33","16"
"2022","Burkina Faso","Strategic developments","952","12"
"2022","Burkina Faso","Violence against civilians","652","1193"
"2022","Burundi","Battles","44","101"
"2022","Burundi","Explosions/Remote violence","6","4"
"2022","Burundi","Protests","56","0"
"2022","Burundi","Riots","36","14"
"2022","Burundi","Strategic developments","40","0"
"2022","Burundi","Violence against civilians","289","147"
"2022","Cambodia","Explosions/Remote violence","1","0"
"2022","Cambodia","Protests","128","0"
"2022","Cambodia","Strategic developments","3","0"
"2022","Cambodia","Violence against civilians","5","1"
"2022","Cameroon","Battles","674","907"
"2022","Cameroon","Explosions/Remote violence","53","38"
"2022","Cameroon","Protests","81","5"
"2022","Cameroon","Riots","90","47"
"2022","Cameroon","Strategic developments","514","3"
"2022","Cameroon","Violence against civilians","839","682"
"2022","Canada","Protests","1837","0"
"2022","Canada","Riots","15","0"
"2022","Canada","Strategic developments","23","0"
"2022","Canada","Violence against civilians","2","0"
"2022","Cape Verde","Battles","1","0"
"2022","Cape Verde","Protests","47","0"
"2022","Cape Verde","Riots","2","0"
"2022","Caribbean Netherlands","Protests","11","0"
"2022","Cayman Islands","Protests","3","0"
"2022","Central African Republic","Battles","115","412"
"2022","Central African Republic","Explosions/Remote violence","8","17"
"2022","Central African Republic","Protests","39","0"
"2022","Central African Republic","Riots","11","2"
"2022","Central African Republic","Strategic developments","92","0"
"2022","Central African Republic","Violence against civilians","154","540"
"2022","Chad","Battles","62","553"
"2022","Chad","Explosions/Remote violence","3","0"
"2022","Chad","Protests","95","9"
"2022","Chad","Riots","38","125"
"2022","Chad","Strategic developments","27","0"
"2022","Chad","Violence against civilians","49","74"
"2022","Chile","Battles","44","5"
"2022","Chile","Explosions/Remote violence","7","0"
"2022","Chile","Protests","1374","0"
"2022","Chile","Riots","388","4"
"2022","Chile","Strategic developments","279","0"
"2022","Chile","Violence against civilians","108","25"
"2022","China","Battles","1","0"
"2022","China","Protests","855","0"
"2022","China","Riots","35","0"
"2022","China","Strategic developments","62","0"
"2022","China","Violence against civilians","204","6"
"2022","Christmas Island","Protests","1","0"
"2022","Colombia","Battles","698","546"
"2022","Colombia","Explosions/Remote violence","218","49"
"2022","Colombia","Protests","1376","0"
"2022","Colombia","Riots","355","34"
"2022","Colombia","Strategic developments","514","1"
"2022","Colombia","Violence against civilians","1621","1713"
"2022","Comoros","Protests","10","0"
"2022","Comoros","Riots","14","2"
"2022","Comoros","Strategic developments","2","0"
"2022","Comoros","Violence against civilians","2","0"
"2022","Cook Islands","Strategic developments","1","0"
"2022","Costa Rica","Protests","164","0"
"2022","Costa Rica","Riots","11","0"
"2022","Costa Rica","Strategic developments","4","0"
"2022","Costa Rica","Violence against civilians","6","1"
"2022","Croatia","Protests","111","0"
"2022","Croatia","Strategic developments","2","0"
"2022","Cuba","Battles","1","1"
"2022","Cuba","Protests","203","0"
"2022","Cuba","Riots","24","1"
"2022","Cuba","Strategic developments","104","0"
"2022","Cuba","Violence against civilians","63","0"
"2022","Curacao","Protests","6","0"
"2022","Curacao","Riots","1","0"
"2022","Cyprus","Battles","1","0"
"2022","Cyprus","Explosions/Remote violence","2","0"
"2022","Cyprus","Protests","388","0"
"2022","Cyprus","Riots","31","0"
"2022","Cyprus","Strategic developments","31","0"
"2022","Cyprus","Violence against civilians","7","1"
"2022","Czech Republic","Battles","1","0"
"2022","Czech Republic","Protests","301","0"
"2022","Czech Republic","Riots","3","0"
"2022","Czech Republic","Strategic developments","118","0"
"2022","Democratic Republic of Congo","Battles","1888","3560"
"2022","Democratic Republic of Congo","Explosions/Remote violence","97","122"
"2022","Democratic Republic of Congo","Protests","337","11"
"2022","Democratic Republic of Congo","Riots","373","270"
"2022","Democratic Republic of Congo","Strategic developments","646","10"
"2022","Democratic Republic of Congo","Violence against civilians","2216","4168"
"2022","Denmark","Protests","375","0"
"2022","Denmark","Riots","3","0"
"2022","Denmark","Strategic developments","6","0"
"2022","Djibouti","Battles","1","7"
"2022","Djibouti","Protests","5","0"
"2022","Djibouti","Violence against civilians","2","0"
"2022","Dominica","Protests","16","0"
"2022","Dominica","Strategic developments","1","0"
"2022","Dominican Republic","Battles","1","0"
"2022","Dominican Republic","Protests","78","0"
"2022","Dominican Republic","Riots","38","6"
"2022","Dominican Republic","Strategic developments","21","0"
"2022","Dominican Republic","Violence against civilians","22","14"
"2022","East Timor","Protests","5","0"
"2022","East Timor","Riots","1","0"
"2022","East Timor","Strategic developments","1","0"
"2022","East Timor","Violence against civilians","2","2"
"2022","Ecuador","Battles","298","437"
"2022","Ecuador","Explosions/Remote violence","71","6"
"2022","Ecuador","Protests","1494","0"
"2022","Ecuador","Riots","198","15"
"2022","Ecuador","Strategic developments","199","3"
"2022","Ecuador","Violence against civilians","1010","1138"
"2022","Egypt","Battles","81","179"
"2022","Egypt","Explosions/Remote violence","65","67"
"2022","Egypt","Protests","46","0"
"2022","Egypt","Riots","8","0"
"2022","Egypt","Strategic developments","7","1"
"2022","Egypt","Violence against civilians","42","28"
"2022","El Salvador","Battles","152","134"
"2022","El Salvador","Protests","161","0"
"2022","El Salvador","Riots","4","2"
"2022","El Salvador","Strategic developments","229","0"
"2022","El Salvador","Violence against civilians","146","152"
"2022","Equatorial Guinea","Riots","1","4"
"2022","Equatorial Guinea","Strategic developments","2","0"
"2022","Eritrea","Battles","2","0"
"2022","Eritrea","Explosions/Remote violence","1","0"
"2022","Eritrea","Strategic developments","8","0"
"2022","Eritrea","Violence against civilians","1","0"
"2022","Estonia","Protests","74","0"
"2022","Estonia","Strategic developments","2","0"
"2022","eSwatini","Battles","22","12"
"2022","eSwatini","Protests","63","0"
"2022","eSwatini","Riots","69","14"
"2022","eSwatini","Strategic developments","40","0"
"2022","eSwatini","Violence against civilians","49","9"
"2022","Ethiopia","Battles","703","3284"
"2022","Ethiopia","Explosions/Remote violence","98","556"
"2022","Ethiopia","Protests","132","9"
"2022","Ethiopia","Riots","40","44"
"2022","Ethiopia","Strategic developments","177","0"
"2022","Ethiopia","Violence against civilians","458","2564"
"2022","Faroe Islands","Strategic developments","1","0"
"2022","Fiji","Protests","2","0"
"2022","Fiji","Riots","1","0"
"2022","Fiji","Strategic developments","3","0"
"2022","Fiji","Violence against civilians","1","0"
"2022","Finland","Explosions/Remote violence","2","0"
"2022","Finland","Protests","347","0"
"2022","Finland","Riots","2","0"
"2022","Finland","Strategic developments","8","0"
"2022","France","Protests","6440","0"
"2022","France","Riots","253","0"
"2022","France","Strategic developments","150","0"
"2022","France","Violence against civilians","22","14"
"2022","French Guiana","Protests","30","0"
"2022","French Guiana","Riots","3","0"
"2022","French Guiana","Strategic developments","2","0"
"2022","French Polynesia","Protests","17","0"
"2022","French Polynesia","Strategic developments","2","0"
"2022","Gabon","Battles","1","0"
"2022","Gabon","Protests","46","0"
"2022","Gabon","Riots","2","0"
"2022","Gabon","Strategic developments","2","0"
"2022","Gabon","Violence against civilians","3","0"
"2022","Gambia","Battles","2","3"
"2022","Gambia","Explosions/Remote violence","1","0"
"2022","Gambia","Protests","1","0"
"2022","Gambia","Riots","3","0"
"2022","Gambia","Strategic developments","2","0"
"2022","Gambia","Violence against civilians","1","1"
"2022","Georgia","Protests","475","0"
"2022","Georgia","Riots","21","0"
"2022","Georgia","Strategic developments","12","0"
"2022","Georgia","Violence against civilians","2","0"
"2022","Germany","Explosions/Remote violence","1","0"
"2022","Germany","Protests","4820","0"
"2022","Germany","Riots","116","0"
"2022","Germany","Strategic developments","29","0"
"2022","Germany","Violence against civilians","6","1"
"2022","Ghana","Battles","21","32"
"2022","Ghana","Protests","60","2"
"2022","Ghana","Riots","114","33"
"2022","Ghana","Strategic developments","15","0"
"2022","Ghana","Violence against civilians","57","55"
"2022","Gibraltar","Protests","1","0"
"2022","Greece","Battles","1","1"
"2022","Greece","Explosions/Remote violence","27","0"
"2022","Greece","Protests","436","0"
"2022","Greece","Riots","149","0"
"2022","Greece","Strategic developments","115","60"
"2022","Greece","Violence against civilians","26","9"
"2022","Greenland","Protests","7","0"
"2022","Grenada","Strategic developments","1","0"
"2022","Guadeloupe","Protests","58","0"
"2022","Guadeloupe","Riots","45","0"
"2022","Guadeloupe","Strategic developments","1","0"
"2022","Guam","Protests","9","0"
"2022","Guatemala","Battles","343","314"
"2022","Guatemala","Protests","492","0"
"2022","Guatemala","Riots","59","11"
"2022","Guatemala","Strategic developments","88","0"
"2022","Guatemala","Violence against civilians","457","448"
"2022","Guinea","Battles","10","5"
"2022","Guinea","Explosions/Remote violence","2","0"
"2022","Guinea","Protests","113","1"
"2022","Guinea","Riots","79","27"
"2022","Guinea","Strategic developments","15","0"
"2022","Guinea","Violence against civilians","15","7"
"2022","Guinea-Bissau","Battles","2","12"
"2022","Guinea-Bissau","Protests","19","0"
"2022","Guinea-Bissau","Riots","1","0"
"2022","Guinea-Bissau","Strategic developments","2","0"
"2022","Guinea-Bissau","Violence against civilians","10","0"
"2022","Guyana","Battles","1","0"
"2022","Guyana","Protests","62","0"
"2022","Guyana","Riots","7","0"
"2022","Guyana","Strategic developments","3","0"
"2022","Guyana","Violence against civilians","5","0"
"2022","Haiti","Battles","383","929"
"2022","Haiti","Protests","229","4"
"2022","Haiti","Riots","270","67"
"2022","Haiti","Strategic developments","122","0"
"2022","Haiti","Violence against civilians","501","647"
"2022","Honduras","Battles","77","116"
"2022","Honduras","Protests","1013","0"
"2022","Honduras","Riots","126","5"
"2022","Honduras","Strategic developments","134","0"
"2022","Honduras","Violence against civilians","513","576"
"2022","Hungary","Protests","416","0"
"2022","Hungary","Riots","2","0"
"2022","Hungary","Strategic developments","11","0"
"2022","Hungary","Violence against civilians","1","0"
"2022","Iceland","Protests","28","0"
"2022","Iceland","Strategic developments","1","0"
"2022","India","Battles","312","342"
"2022","India","Explosions/Remote violence","158","43"
"2022","India","Protests","14890","1"
"2022","India","Riots","2052","215"
"2022","India","Strategic developments","565","5"
"2022","India","Violence against civilians","555","300"
"2022","Indian Ocean","Battles","6","0"
"2022","Indian Ocean","Explosions/Remote violence","9","0"
"2022","Indian Ocean","Strategic developments","51","0"
"2022","Indian Ocean","Violence against civilians","5","0"
"2022","Indonesia","Battles","49","29"
"2022","Indonesia","Explosions/Remote violence","1","2"
"2022","Indonesia","Protests","3087","2"
"2022","Indonesia","Riots","180","154"
"2022","Indonesia","Strategic developments","57","0"
"2022","Indonesia","Violence against civilians","111","79"
"2022","Iran","Battles","46","67"
"2022","Iran","Explosions/Remote violence","3","0"
"2022","Iran","Protests","3803","55"
"2022","Iran","Riots","500","428"
"2022","Iran","Strategic developments","77","19"
"2022","Iran","Violence against civilians","184","169"
"2022","Iraq","Battles","1993","1070"
"2022","Iraq","Explosions/Remote violence","3437","670"
"2022","Iraq","Protests","1018","0"
"2022","Iraq","Riots","133","5"
"2022","Iraq","Strategic developments","760","9"
"2022","Iraq","Violence against civilians","514","382"
"2022","Ireland","Protests","281","0"
"2022","Ireland","Riots","2","0"
"2022","Ireland","Strategic developments","2","0"
"2022","Isle of Man","Protests","1","0"
"2022","Israel","Battles","5","3"
"2022","Israel","Explosions/Remote violence","30","3"
"2022","Israel","Protests","762","0"
"2022","Israel","Riots","145","0"
"2022","Israel","Strategic developments","107","0"
"2022","Israel","Violence against civilians","33","25"
"2022","Italy","Protests","4661","0"
"2022","Italy","Riots","98","1"
"2022","Italy","Strategic developments","130","0"
"2022","Italy","Violence against civilians","9","0"
"2022","Ivory Coast","Battles","22","24"
"2022","Ivory Coast","Explosions/Remote violence","1","2"
"2022","Ivory Coast","Protests","36","0"
"2022","Ivory Coast","Riots","34","8"
"2022","Ivory Coast","Strategic developments","18","0"
"2022","Ivory Coast","Violence against civilians","23","14"
"2022","Jamaica","Battles","98","96"
"2022","Jamaica","Protests","112","0"
"2022","Jamaica","Riots","50","8"
"2022","Jamaica","Strategic developments","26","0"
"2022","Jamaica","Violence against civilians","278","292"
"2022","Japan","Protests","1611","0"
"2022","Japan","Riots","1","0"
"2022","Japan","Violence against civilians","1","1"
"2022","Jordan","Battles","13","9"
"2022","Jordan","Protests","390","0"
"2022","Jordan","Riots","57","5"
"2022","Jordan","Strategic developments","4","0"
"2022","Jordan","Violence against civilians","2","0"
"2022","Kazakhstan","Battles","1","0"
"2022","Kazakhstan","Protests","914","24"
"2022","Kazakhstan","Riots","14","185"
"2022","Kazakhstan","Strategic developments","17","5"
"2022","Kazakhstan","Violence against civilians","136","17"
"2022","Kenya","Battles","145","167"
"2022","Kenya","Explosions/Remote violence","29","70"
"2022","Kenya","Protests","572","8"
"2022","Kenya","Riots","666","213"
"2022","Kenya","Strategic developments","199","4"
"2022","Kenya","Violence against civilians","272","243"
"2022","Kiribati","Strategic developments","1","0"
"2022","Kosovo","Battles","2","0"
"2022","Kosovo","Protests","134","0"
"2022","Kosovo","Riots","6","0"
"2022","Kosovo","Strategic developments","5","0"
"2022","Kosovo","Violence against civilians","19","0"
"2022","Kuwait","Protests","15","0"
"2022","Kuwait","Strategic developments","7","0"
"2022","Kyrgyzstan","Battles","20","51"
"2022","Kyrgyzstan","Explosions/Remote violence","4","14"
"2022","Kyrgyzstan","Protests","324","0"
"2022","Kyrgyzstan","Riots","10","0"
"2022","Kyrgyzstan","Strategic developments","16","0"
"2022","Kyrgyzstan","Violence against civilians","30","3"
"2022","Laos","Protests","2","0"
"2022","Latvia","Protests","47","0"
"2022","Latvia","Strategic developments","3","0"
"2022","Lebanon","Battles","106","35"
"2022","Lebanon","Explosions/Remote violence","13","0"
"2022","Lebanon","Protests","819","0"
"2022","Lebanon","Riots","254","6"
"2022","Lebanon","Strategic developments","92","10"
"2022","Lebanon","Violence against civilians","26","3"
"2022","Lesotho","Protests","22","2"
"2022","Lesotho","Riots","7","5"
"2022","Lesotho","Strategic developments","2","0"
"2022","Lesotho","Violence against civilians","8","7"
"2022","Liberia","Battles","1","1"
"2022","Liberia","Protests","23","0"
"2022","Liberia","Riots","23","6"
"2022","Liberia","Strategic developments","3","0"
"2022","Liberia","Violence against civilians","8","4"
"2022","Libya","Battles","52","113"
"2022","Libya","Explosions/Remote violence","20","13"
"2022","Libya","Protests","104","1"
"2022","Libya","Riots","15","2"
"2022","Libya","Strategic developments","29","8"
"2022","Libya","Violence against civilians","44","30"
"2022","Liechtenstein","Protests","5","0"
"2022","Lithuania","Protests","77","0"
"2022","Lithuania","Strategic developments","3","0"
"2022","Luxembourg","Protests","33","0"
"2022","Madagascar","Battles","90","200"
"2022","Madagascar","Protests","77","0"
"2022","Madagascar","Riots","105","59"
"2022","Madagascar","Strategic developments","27","0"
"2022","Madagascar","Violence against civilians","74","109"
"2022","Malawi","Explosions/Remote violence","1","0"
"2022","Malawi","Protests","103","0"
"2022","Malawi","Riots","100","37"
"2022","Malawi","Strategic developments","3","0"
"2022","Malawi","Violence against civilians","9","5"
"2022","Malaysia","Protests","138","0"
"2022","Malaysia","Riots","3","0"
"2022","Malaysia","Strategic developments","15","0"
"2022","Malaysia","Violence against civilians","4","4"
"2022","Maldives","Protests","48","0"
"2022","Maldives","Riots","3","0"
"2022","Mali","Battles","480","2203"
"2022","Mali","Explosions/Remote violence","242","516"
"2022","Mali","Protests","101","0"
"2022","Mali","Riots","31","20"
"2022","Mali","Strategic developments","438","5"
"2022","Mali","Violence against civilians","642","2165"
"2022","Malta","Protests","81","0"
"2022","Malta","Riots","1","0"
"2022","Malta","Strategic developments","1","0"
"2022","Martinique","Protests","30","0"
"2022","Martinique","Riots","3","0"
"2022","Martinique","Strategic developments","1","0"
"2022","Mauritania","Battles","3","2"
"2022","Mauritania","Explosions/Remote violence","1","3"
"2022","Mauritania","Protests","217","0"
"2022","Mauritania","Riots","4","1"
"2022","Mauritania","Strategic developments","7","0"
"2022","Mauritania","Violence against civilians","2","0"
"2022","Mauritius","Protests","113","0"
"2022","Mauritius","Riots","23","2"
"2022","Mauritius","Violence against civilians","16","2"
"2022","Mayotte","Battles","1","1"
"2022","Mayotte","Protests","12","0"
"2022","Mayotte","Riots","27","1"
"2022","Mayotte","Strategic developments","4","0"
"2022","Mayotte","Violence against civilians","2","1"
"2022","Mediterranean Sea","Battles","2","0"
"2022","Mediterranean Sea","Explosions/Remote violence","15","0"
"2022","Mediterranean Sea","Strategic developments","50","0"
"2022","Mexico","Battles","1133","1246"
"2022","Mexico","Explosions/Remote violence","27","4"
"2022","Mexico","Protests","6087","0"
"2022","Mexico","Riots","692","55"
"2022","Mexico","Strategic developments","879","0"
"2022","Mexico","Violence against civilians","5714","6733"
"2022","Moldova","Explosions/Remote violence","7","0"
"2022","Moldova","Protests","414","0"
"2022","Moldova","Riots","6","0"
"2022","Moldova","Strategic developments","23","0"
"2022","Moldova","Violence against civilians","6","0"
"2022","Monaco","Protests","2","0"
"2022","Mongolia","Protests","129","0"
"2022","Mongolia","Riots","1","0"
"2022","Montenegro","Explosions/Remote violence","3","0"
"2022","Montenegro","Protests","298","0"
"2022","Montenegro","Riots","1","0"
"2022","Montenegro","Strategic developments","3","0"
"2022","Montserrat","Protests","1","0"
"2022","Morocco","Explosions/Remote violence","17","24"
"2022","Morocco","Protests","1373","1"
"2022","Morocco","Riots","40","25"
"2022","Morocco","Strategic developments","13","0"
"2022","Morocco","Violence against civilians","29","6"
"2022","Mozambique","Battles","140","451"
"2022","Mozambique","Explosions/Remote violence","11","6"
"2022","Mozambique","Protests","35","0"
"2022","Mozambique","Riots","36","22"
"2022","Mozambique","Strategic developments","92","0"
"2022","Mozambique","Violence against civilians","322","447"
"2022","Myanmar","Battles","4731","15821"
"2022","Myanmar","Explosions/Remote violence","4611","5731"
"2022","Myanmar","Protests","3457","5"
"2022","Myanmar","Riots","5","1"
"2022","Myanmar","Strategic developments","5179","54"
"2022","Myanmar","Violence against civilians","2593","2796"
"2022","Namibia","Protests","77","0"
"2022","Namibia","Riots","13","3"
"2022","Namibia","Violence against civilians","2","0"
"2022","Nauru","Strategic developments","2","0"
"2022","Nepal","Battles","1","0"
"2022","Nepal","Explosions/Remote violence","16","2"
"2022","Nepal","Protests","2267","0"
"2022","Nepal","Riots","660","9"
"2022","Nepal","Strategic developments","73","0"
"2022","Nepal","Violence against civilians","23","4"
"2022","Netherlands","Protests","895","0"
"2022","Netherlands","Riots","28","0"
"2022","Netherlands","Strategic developments","5","0"
"2022","Netherlands","Violence against civilians","1","0"
"2022","New Caledonia","Protests","44","0"
"2022","New Caledonia","Riots","2","0"
"2022","New Caledonia","Strategic developments","5","0"
"2022","New Zealand","Protests","297","0"
"2022","New Zealand","Riots","8","0"
"2022","New Zealand","Strategic developments","5","0"
"2022","Nicaragua","Battles","1","4"
"2022","Nicaragua","Protests","11","0"
"2022","Nicaragua","Riots","1","0"
"2022","Nicaragua","Strategic developments","80","0"
"2022","Nicaragua","Violence against civilians","11","3"
"2022","Niger","Battles","142","478"
"2022","Niger","Explosions/Remote violence","31","159"
"2022","Niger","Protests","15","0"
"2022","Niger","Riots","10","10"
"2022","Niger","Strategic developments","402","2"
"2022","Niger","Violence against civilians","402","371"
"2022","Nigeria","Battles","1199","5351"
"2022","Nigeria","Explosions/Remote violence","213","1703"
"2022","Nigeria","Protests","850","7"
"2022","Nigeria","Riots","403","217"
"2022","Nigeria","Strategic developments","305","1"
"2022","Nigeria","Violence against civilians","2028","3763"
"2022","North Korea","Explosions/Remote violence","1","0"
"2022","North Korea","Riots","2","0"
"2022","North Korea","Strategic developments","69","2"
"2022","North Korea","Violence against civilians","16","34"
"2022","North Macedonia","Protests","161","0"
"2022","North Macedonia","Riots","2","0"
"2022","North Macedonia","Strategic developments","4","0"
"2022","North Macedonia","Violence against civilians","1","0"
"2022","Norway","Protests","485","0"
"2022","Norway","Riots","1","0"
"2022","Norway","Strategic developments","11","0"
"2022","Norway","Violence against civilians","2","2"
"2022","Oman","Strategic developments","2","0"
"2022","Pacific Ocean","Strategic developments","175","0"
"2022","Pakistan","Battles","497","1075"
"2022","Pakistan","Explosions/Remote violence","334","354"
"2022","Pakistan","Protests","6850","8"
"2022","Pakistan","Riots","409","144"
"2022","Pakistan","Strategic developments","77","5"
"2022","Pakistan","Violence against civilians","623","291"
"2022","Palestine","Battles","679","109"
"2022","Palestine","Explosions/Remote violence","169","49"
"2022","Palestine","Protests","1080","0"
"2022","Palestine","Riots","4846","45"
"2022","Palestine","Strategic developments","1965","0"
"2022","Palestine","Violence against civilians","408","27"
"2022","Panama","Protests","589","0"
"2022","Panama","Riots","42","1"
"2022","Panama","Strategic developments","4","0"
"2022","Panama","Violence against civilians","2","1"
"2022","Papua New Guinea","Battles","4","4"
"2022","Papua New Guinea","Explosions/Remote violence","2","3"
"2022","Papua New Guinea","Protests","33","4"
"2022","Papua New Guinea","Riots","161","239"
"2022","Papua New Guinea","Strategic developments","28","0"
"2022","Papua New Guinea","Violence against civilians","11","10"
"2022","Paraguay","Battles","6","11"
"2022","Paraguay","Explosions/Remote violence","1","0"
"2022","Paraguay","Protests","1091","0"
"2022","Paraguay","Riots","64","7"
"2022","Paraguay","Strategic developments","10","0"
"2022","Paraguay","Violence against civilians","24","18"
"2022","Peru","Battles","1","14"
"2022","Peru","Protests","1817","1"
"2022","Peru","Riots","348","32"
"2022","Peru","Strategic developments","5","0"
"2022","Peru","Violence against civilians","6","1"
"2022","Philippines","Battles","350","443"
"2022","Philippines","Explosions/Remote violence","40","4"
"2022","Philippines","Protests","276","0"
"2022","Philippines","Riots","11","13"
"2022","Philippines","Strategic developments","117","3"
"2022","Philippines","Violence against civilians","461","476"
"2022","Poland","Explosions/Remote violence","1","0"
"2022","Poland","Protests","1168","0"
"2022","Poland","Riots","83","0"
"2022","Poland","Strategic developments","152","2"
"2022","Portugal","Protests","337","0"
"2022","Portugal","Riots","2","0"
"2022","Portugal","Strategic developments","2","0"
"2022","Puerto Rico","Battles","50","45"
"2022","Puerto Rico","Protests","132","0"
"2022","Puerto Rico","Riots","12","1"
"2022","Puerto Rico","Strategic developments","74","0"
"2022","Puerto Rico","Violence against civilians","201","178"
"2022","Qatar","Protests","7","0"
"2022","Qatar","Riots","1","0"
"2022","Qatar","Strategic developments","2","0"
"2022","Republic of Congo","Protests","5","0"
"2022","Republic of Congo","Riots","6","8"
"2022","Republic of Congo","Strategic developments","5","0"
"2022","Republic of Congo","Violence against civilians","6","11"
"2022","Reunion","Protests","102","0"
"2022","Reunion","Riots","7","0"
"2022","Reunion","Strategic developments","2","0"
"2022","Reunion","Violence against civilians","3","0"
"2022","Romania","Explosions/Remote violence","1","0"
"2022","Romania","Protests","209","0"
"2022","Romania","Riots","3","0"
"2022","Romania","Strategic developments","8","0"
"2022","Romania","Violence against civilians","4","0"
"2022","Russia","Battles","13","13"
"2022","Russia","Explosions/Remote violence","263","45"
"2022","Russia","Protests","1304","0"
"2022","Russia","Riots","7","0"
"2022","Russia","Strategic developments","202","18"
"2022","Russia","Violence against civilians","173","39"
"2022","Rwanda","Battles","5","5"
"2022","Rwanda","Explosions/Remote violence","5","0"
"2022","Rwanda","Protests","3","0"
"2022","Rwanda","Riots","2","1"
"2022","Rwanda","Strategic developments","3","0"
"2022","Rwanda","Violence against civilians","11","10"
"2022","Saint Kitts and Nevis","Strategic developments","2","0"
"2022","Saint Lucia","Protests","15","0"
"2022","Saint Lucia","Riots","2","0"
"2022","Saint Lucia","Strategic developments","1","0"
"2022","Saint Pierre and Miquelon","Protests","4","0"
"2022","Saint Pierre and Miquelon","Riots","2","0"
"2022","Saint Pierre and Miquelon","Strategic developments","2","0"
"2022","Saint Vincent and the Grenadines","Protests","2","0"
"2022","Saint-Barthelemy","Protests","2","0"
"2022","Saint-Barthelemy","Strategic developments","2","0"
"2022","Saint-Martin","Protests","1","0"
"2022","Saint-Martin","Riots","5","0"
"2022","Saint-Martin","Strategic developments","2","0"
"2022","Samoa","Strategic developments","3","0"
"2022","San Marino","Protests","12","0"
"2022","Sao Tome and Principe","Battles","1","5"
"2022","Sao Tome and Principe","Protests","6","0"
"2022","Sao Tome and Principe","Riots","3","0"
"2022","Sao Tome and Principe","Strategic developments","1","0"
"2022","Sao Tome and Principe","Violence against civilians","1","0"
"2022","Saudi Arabia","Explosions/Remote violence","33","1"
"2022","Saudi Arabia","Protests","1","0"
"2022","Saudi Arabia","Strategic developments","22","83"
"2022","Saudi Arabia","Violence against civilians","7","5"
"2022","Senegal","Battles","11","12"
"2022","Senegal","Explosions/Remote violence","1","0"
"2022","Senegal","Protests","116","1"
"2022","Senegal","Riots","64","8"
"2022","Senegal","Strategic developments","12","0"
"2022","Senegal","Violence against civilians","8","1"
"2022","Serbia","Protests","381","0"
"2022","Serbia","Riots","5","0"
"2022","Serbia","Strategic developments","6","0"
"2022","Serbia","Violence against civilians","2","0"
"2022","Seychelles","Protests","3","0"
"2022","Sierra Leone","Protests","5","0"
"2022","Sierra Leone","Riots","20","19"
"2022","Sierra Leone","Strategic developments","12","0"
"2022","Sierra Leone","Violence against civilians","6","5"
"2022","Singapore","Protests","4","0"
"2022","Singapore","Strategic developments","4","0"
"2022","Sint Maarten","Protests","3","0"
"2022","Sint Maarten","Violence against civilians","2","0"
"2022","Slovakia","Protests","84","0"
"2022","Slovakia","Riots","3","0"
"2022","Slovakia","Strategic developments","126","0"
"2022","Slovakia","Violence against civilians","2","2"
"2022","Slovenia","Protests","64","0"
"2022","Slovenia","Strategic developments","11","0"
"2022","Slovenia","Violence against civilians","2","0"
"2022","Solomon Islands","Protests","5","0"
"2022","Solomon Islands","Riots","3","1"
"2022","Solomon Islands","Strategic developments","3","0"
"2022","Solomon Islands","Violence against civilians","2","1"
"2022","Somalia","Battles","2111","4717"
"2022","Somalia","Explosions/Remote violence","634","1524"
"2022","Somalia","Protests","80","21"
"2022","Somalia","Riots","16","59"
"2022","Somalia","Strategic developments","330","12"
"2022","Somalia","Violence against civilians","422","462"
"2022","South Africa","Battles","9","3"
"2022","South Africa","Protests","1303","2"
"2022","South Africa","Riots","623","191"
"2022","South Africa","Strategic developments","22","0"
"2022","South Africa","Violence against civilians","151","111"
"2022","South Korea","Protests","6071","0"
"2022","South Korea","Riots","46","0"
"2022","South Korea","Strategic developments","4","0"
"2022","South Sudan","Battles","733","2025"
"2022","South Sudan","Explosions/Remote violence","27","16"
"2022","South Sudan","Protests","51","1"
"2022","South Sudan","Riots","48","13"
"2022","South Sudan","Strategic developments","375","0"
"2022","South Sudan","Violence against civilians","969","1844"
"2022","Southern Ocean","Protests","3","0"
"2022","Spain","Explosions/Remote violence","1","0"
"2022","Spain","Protests","3873","0"
"2022","Spain","Riots","74","0"
"2022","Spain","Strategic developments","21","0"
"2022","Spain","Violence against civilians","3","0"
"2022","Sri Lanka","Protests","1046","3"
"2022","Sri Lanka","Riots","85","9"
"2022","Sri Lanka","Strategic developments","13","0"
"2022","Sri Lanka","Violence against civilians","2","0"
"2022","Sudan","Battles","228","1479"
"2022","Sudan","Explosions/Remote violence","17","34"
"2022","Sudan","Protests","1799","74"
"2022","Sudan","Riots","58","17"
"2022","Sudan","Strategic developments","180","0"
"2022","Sudan","Violence against civilians","500","557"
"2022","Suriname","Protests","51","0"
"2022","Suriname","Riots","16","0"
"2022","Suriname","Strategic developments","1","0"
"2022","Suriname","Violence against civilians","3","0"
"2022","Sweden","Protests","1483","0"
"2022","Sweden","Riots","15","0"
"2022","Sweden","Strategic developments","13","0"
"2022","Sweden","Violence against civilians","4","0"
"2022","Switzerland","Battles","1","2"
"2022","Switzerland","Protests","187","0"
"2022","Switzerland","Riots","3","0"
"2022","Switzerland","Strategic developments","2","0"
"2022","Switzerland","Violence against civilians","1","0"
"2022","Syria","Battles","2049","2659"
"2022","Syria","Explosions/Remote violence","7126","2643"
"2022","Syria","Protests","453","3"
"2022","Syria","Riots","140","5"
"2022","Syria","Strategic developments","991","3"
"2022","Syria","Violence against civilians","1862","865"
"2022","Taiwan","Protests","852","0"
"2022","Taiwan","Riots","9","0"
"2022","Taiwan","Strategic developments","4","0"
"2022","Taiwan","Violence against civilians","2","0"
"2022","Tajikistan","Battles","12","16"
"2022","Tajikistan","Explosions/Remote violence","6","31"
"2022","Tajikistan","Protests","6","23"
"2022","Tajikistan","Strategic developments","5","0"
"2022","Tajikistan","Violence against civilians","6","2"
"2022","Tanzania","Battles","1","6"
"2022","Tanzania","Protests","13","0"
"2022","Tanzania","Riots","16","6"
"2022","Tanzania","Strategic developments","16","0"
"2022","Tanzania","Violence against civilians","32","28"
"2022","Thailand","Battles","32","23"
"2022","Thailand","Explosions/Remote violence","62","13"
"2022","Thailand","Protests","337","0"
"2022","Thailand","Riots","4","0"
"2022","Thailand","Strategic developments","151","0"
"2022","Thailand","Violence against civilians","15","7"
"2022","Togo","Battles","10","38"
"2022","Togo","Explosions/Remote violence","5","12"
"2022","Togo","Protests","5","0"
"2022","Togo","Riots","6","2"
"2022","Togo","Strategic developments","8","3"
"2022","Togo","Violence against civilians","15","29"
"2022","Tonga","Strategic developments","2","0"
"2022","Trinidad and Tobago","Battles","53","45"
"2022","Trinidad and Tobago","Protests","187","0"
"2022","Trinidad and Tobago","Riots","83","0"
"2022","Trinidad and Tobago","Strategic developments","18","0"
"2022","Trinidad and Tobago","Violence against civilians","291","245"
"2022","Tunisia","Battles","3","0"
"2022","Tunisia","Protests","800","0"
"2022","Tunisia","Riots","74","0"
"2022","Tunisia","Strategic developments","2","0"
"2022","Tunisia","Violence against civilians","1","1"
"2022","Turkey","Battles","150","145"
"2022","Turkey","Explosions/Remote violence","127","28"
"2022","Turkey","Protests","4106","0"
"2022","Turkey","Riots","56","8"
"2022","Turkey","Strategic developments","1151","19"
"2022","Turkey","Violence against civilians","51","19"
"2022","Turkmenistan","Protests","2","0"
"2022","Turkmenistan","Strategic developments","1","0"
"2022","Turks and Caicos Islands","Strategic developments","4","0"
"2022","Uganda","Battles","89","138"
"2022","Uganda","Explosions/Remote violence","6","3"
"2022","Uganda","Protests","150","1"
"2022","Uganda","Riots","218","126"
"2022","Uganda","Strategic developments","61","0"
"2022","Uganda","Violence against civilians","154","105"
"2022","Ukraine","Battles","7571","19979"
"2022","Ukraine","Explosions/Remote violence","31993","19770"
"2022","Ukraine","Protests","294","4"
"2022","Ukraine","Riots","7","0"
"2022","Ukraine","Strategic developments","3692","5"
"2022","Ukraine","Violence against civilians","1045","1419"
"2022","United Arab Emirates","Explosions/Remote violence","7","3"
"2022","United Arab Emirates","Protests","6","0"
"2022","United Arab Emirates","Riots","1","0"
"2022","United Arab Emirates","Strategic developments","11","0"
"2022","United Kingdom","Explosions/Remote violence","1","0"
"2022","United Kingdom","Protests","1738","0"
"2022","United Kingdom","Riots","45","0"
"2022","United Kingdom","Strategic developments","18","0"
"2022","United Kingdom","Violence against civilians","6","0"
"2022","United States","Battles","7","6"
"2022","United States","Explosions/Remote violence","6","0"
"2022","United States","Protests","12267","1"
"2022","United States","Riots","149","2"
"2022","United States","Strategic developments","886","7"
"2022","United States","Violence against civilians","92","89"
"2022","Uruguay","Protests","108","0"
"2022","Uruguay","Riots","7","1"
"2022","Uruguay","Violence against civilians","2","0"
"2022","Uzbekistan","Explosions/Remote violence","1","0"
"2022","Uzbekistan","Protests","116","3"
"2022","Uzbekistan","Riots","13","21"
"2022","Uzbekistan","Strategic developments","1","0"
"2022","Uzbekistan","Violence against civilians","31","5"
"2022","Vanuatu","Protests","1","0"
"2022","Vanuatu","Riots","1","1"
"2022","Vanuatu","Strategic developments","1","0"
"2022","Vatican City","Protests","1","0"
"2022","Venezuela","Battles","490","733"
"2022","Venezuela","Explosions/Remote violence","24","20"
"2022","Venezuela","Protests","2249","0"
"2022","Venezuela","Riots","57","16"
"2022","Venezuela","Strategic developments","105","1"
"2022","Venezuela","Violence against civilians","322","300"
"2022","Vietnam","Protests","11","0"
"2022","Wallis and Futuna","Protests","1","0"
"2022","Wallis and Futuna","Strategic developments","3","0"
"2022","Yemen","Battles","1583","3169"
"2022","Yemen","Explosions/Remote violence","4606","3187"
"2022","Yemen","Protests","491","0"
"2022","Yemen","Riots","47","0"
"2022","Yemen","Strategic developments","965","24"
"2022","Yemen","Violence against civilians","541","299"
"2022","Zambia","Protests","42","1"
"2022","Zambia","Riots","36","10"
"2022","Zambia","Strategic developments","4","0"
"2022","Zambia","Violence against civilians","9","3"
"2022","Zimbabwe","Battles","2","0"
"2022","Zimbabwe","Explosions/Remote violence","1","0"
"2022","Zimbabwe","Protests","51","0"
"2022","Zimbabwe","Riots","102","29"
"2022","Zimbabwe","Strategic developments","18","0"
"2022","Zimbabwe","Violence against civilians","40","6"
"2023","Afghanistan","Battles","282","523"
"2023","Afghanistan","Explosions/Remote violence","114","228"
"2023","Afghanistan","Protests","211","0"
"2023","Afghanistan","Riots","54","52"
"2023","Afghanistan","Strategic developments","360","85"
"2023","Afghanistan","Violence against civilians","583","322"
"2023","Akrotiri and Dhekelia","Protests","1","0"
"2023","Akrotiri and Dhekelia","Strategic developments","1","0"
"2023","Albania","Protests","95","0"
"2023","Albania","Riots","3","0"
"2023","Albania","Strategic developments","1","0"
"2023","Albania","Violence against civilians","5","1"
"2023","Algeria","Battles","3","2"
"2023","Algeria","Explosions/Remote violence","1","4"
"2023","Algeria","Protests","393","0"
"2023","Algeria","Riots","17","0"
"2023","Algeria","Strategic developments","14","1"
"2023","Algeria","Violence against civilians","8","7"
"2023","Andorra","Protests","8","0"
"2023","Angola","Battles","3","7"
"2023","Angola","Explosions/Remote violence","2","5"
"2023","Angola","Protests","102","0"
"2023","Angola","Riots","48","40"
"2023","Angola","Strategic developments","45","24"
"2023","Angola","Violence against civilians","23","16"
"2023","Anguilla","Riots","1","0"
"2023","Antarctica","Protests","1","0"
"2023","Antigua and Barbuda","Protests","15","0"
"2023","Antigua and Barbuda","Strategic developments","1","0"
"2023","Antigua and Barbuda","Violence against civilians","1","1"
"2023","Argentina","Battles","1","1"
"2023","Argentina","Protests","2223","0"
"2023","Argentina","Riots","172","3"
"2023","Argentina","Strategic developments","10","0"
"2023","Argentina","Violence against civilians","8","2"
"2023","Armenia","Battles","107","20"
"2023","Armenia","Explosions/Remote violence","3","3"
"2023","Armenia","Protests","294","0"
"2023","Armenia","Riots","4","0"
"2023","Armenia","Strategic developments","6","0"
"2023","Armenia","Violence against civilians","13","1"
"2023","Aruba","Protests","4","0"
"2023","Aruba","Strategic developments","1","0"
"2023","Australia","Protests","872","0"
"2023","Australia","Riots","10","0"
"2023","Australia","Strategic developments","3","0"
"2023","Austria","Protests","429","0"
"2023","Austria","Riots","7","0"
"2023","Austria","Strategic developments","5","0"
"2023","Austria","Violence against civilians","1","0"
"2023","Azerbaijan","Battles","436","429"
"2023","Azerbaijan","Explosions/Remote violence","75","137"
"2023","Azerbaijan","Protests","179","0"
"2023","Azerbaijan","Riots","1","0"
"2023","Azerbaijan","Strategic developments","54","0"
"2023","Azerbaijan","Violence against civilians","54","4"
"2023","Bahamas","Protests","4","0"
"2023","Bahamas","Riots","1","0"
"2023","Bahamas","Strategic developments","8","0"
"2023","Bahamas","Violence against civilians","8","0"
"2023","Bahrain","Protests","715","0"
"2023","Bahrain","Riots","96","0"
"2023","Bahrain","Strategic developments","9","0"
"2023","Bahrain","Violence against civilians","3","0"
"2023","Bangladesh","Battles","46","45"
"2023","Bangladesh","Explosions/Remote violence","7","4"
"2023","Bangladesh","Protests","1264","1"
"2023","Bangladesh","Riots","1058","118"
"2023","Bangladesh","Strategic developments","103","9"
"2023","Bangladesh","Violence against civilians","272","166"
"2023","Barbados","Protests","3","0"
"2023","Belarus","Battles","1","1"
"2023","Belarus","Explosions/Remote violence","2","0"
"2023","Belarus","Protests","5","0"
"2023","Belarus","Strategic developments","40","0"
"2023","Belarus","Violence against civilians","23","1"
"2023","Belgium","Battles","1","1"
"2023","Belgium","Protests","689","0"
"2023","Belgium","Riots","22","0"
"2023","Belgium","Strategic developments","8","0"
"2023","Belgium","Violence against civilians","3","3"
"2023","Belize","Battles","14","10"
"2023","Belize","Protests","26","0"
"2023","Belize","Riots","3","0"
"2023","Belize","Strategic developments","7","0"
"2023","Belize","Violence against civilians","44","26"
"2023","Benin","Battles","58","89"
"2023","Benin","Explosions/Remote violence","23","15"
"2023","Benin","Protests","8","0"
"2023","Benin","Riots","54","22"
"2023","Benin","Strategic developments","77","0"
"2023","Benin","Violence against civilians","159","103"
"2023","Bermuda","Protests","11","0"
"2023","Bhutan","Strategic developments","1","0"
"2023","Bolivia","Battles","3","2"
"2023","Bolivia","Protests","1132","0"
"2023","Bolivia","Riots","118","8"
"2023","Bolivia","Strategic developments","4","0"
"2023","Bolivia","Violence against civilians","10","4"
"2023","Bosnia and Herzegovina","Protests","132","0"
"2023","Bosnia and Herzegovina","Riots","4","0"
"2023","Bosnia and Herzegovina","Strategic developments","1","0"
"2023","Bosnia and Herzegovina","Violence against civilians","5","0"
"2023","Botswana","Protests","10","0"
"2023","Botswana","Riots","12","7"
"2023","Botswana","Strategic developments","1","0"
"2023","Botswana","Violence against civilians","2","0"
"2023","Brazil","Battles","4290","3927"
"2023","Brazil","Explosions/Remote violence","45","1"
"2023","Brazil","Protests","1625","1"
"2023","Brazil","Riots","545","52"
"2023","Brazil","Strategic developments","1085","0"
"2023","Brazil","Violence against civilians","4786","4407"
"2023","British Virgin Islands","Protests","1","0"
"2023","Brunei","Protests","1","0"
"2023","Bulgaria","Protests","575","0"
"2023","Bulgaria","Riots","1","0"
"2023","Bulgaria","Strategic developments","1","0"
"2023","Burkina Faso","Battles","645","4742"
"2023","Burkina Faso","Explosions/Remote violence","456","1796"
"2023","Burkina Faso","Protests","151","0"
"2023","Burkina Faso","Riots","14","7"
"2023","Burkina Faso","Strategic developments","477","6"
"2023","Burkina Faso","Violence against civilians","600","1948"
"2023","Burundi","Battles","21","66"
"2023","Burundi","Explosions/Remote violence","2","1"
"2023","Burundi","Protests","9","1"
"2023","Burundi","Riots","42","27"
"2023","Burundi","Strategic developments","49","21"
"2023","Burundi","Violence against civilians","204","79"
"2023","Cambodia","Protests","87","0"
"2023","Cambodia","Strategic developments","2","0"
"2023","Cambodia","Violence against civilians","1","0"
"2023","Cameroon","Battles","1029","1103"
"2023","Cameroon","Explosions/Remote violence","73","78"
"2023","Cameroon","Protests","63","0"
"2023","Cameroon","Riots","121","71"
"2023","Cameroon","Strategic developments","957","5"
"2023","Cameroon","Violence against civilians","1523","909"
"2023","Canada","Protests","1921","0"
"2023","Canada","Riots","17","0"
"2023","Canada","Strategic developments","36","0"
"2023","Canada","Violence against civilians","3","4"
"2023","Cape Verde","Protests","50","0"
"2023","Cape Verde","Riots","1","0"
"2023","Cape Verde","Strategic developments","2","0"
"2023","Cape Verde","Violence against civilians","1","0"
"2023","Caribbean Netherlands","Protests","2","0"
"2023","Caribbean Netherlands","Strategic developments","3","0"
"2023","Cayman Islands","Strategic developments","1","0"
"2023","Central African Republic","Battles","135","442"
"2023","Central African Republic","Explosions/Remote violence","23","21"
"2023","Central African Republic","Protests","19","0"
"2023","Central African Republic","Riots","12","2"
"2023","Central African Republic","Strategic developments","126","0"
"2023","Central African Republic","Violence against civilians","144","150"
"2023","Chad","Battles","37","148"
"2023","Chad","Protests","45","0"
"2023","Chad","Riots","16","10"
"2023","Chad","Strategic developments","30","0"
"2023","Chad","Violence against civilians","56","134"
"2023","Chile","Battles","27","9"
"2023","Chile","Explosions/Remote violence","5","0"
"2023","Chile","Protests","1193","0"
"2023","Chile","Riots","270","7"
"2023","Chile","Strategic developments","221","0"
"2023","Chile","Violence against civilians","84","21"
"2023","China","Explosions/Remote violence","4","1"
"2023","China","Protests","1434","0"
"2023","China","Riots","13","0"
"2023","China","Strategic developments","14","0"
"2023","China","Violence against civilians","159","8"
"2023","Colombia","Battles","689","445"
"2023","Colombia","Explosions/Remote violence","182","32"
"2023","Colombia","Protests","2175","0"
"2023","Colombia","Riots","530","49"
"2023","Colombia","Strategic developments","510","0"
"2023","Colombia","Violence against civilians","1622","1481"
"2023","Comoros","Protests","27","0"
"2023","Comoros","Riots","5","0"
"2023","Comoros","Strategic developments","2","0"
"2023","Comoros","Violence against civilians","9","2"
"2023","Costa Rica","Protests","219","0"
"2023","Costa Rica","Riots","7","0"
"2023","Costa Rica","Strategic developments","5","0"
"2023","Costa Rica","Violence against civilians","4","1"
"2023","Croatia","Protests","132","0"
"2023","Croatia","Violence against civilians","1","0"
"2023","Cuba","Protests","39","0"
"2023","Cuba","Riots","23","3"
"2023","Cuba","Strategic developments","58","0"
"2023","Cuba","Violence against civilians","46","3"
"2023","Curacao","Protests","4","0"
"2023","Cyprus","Battles","1","0"
"2023","Cyprus","Explosions/Remote violence","8","0"
"2023","Cyprus","Protests","247","0"
"2023","Cyprus","Riots","24","0"
"2023","Cyprus","Strategic developments","68","5"
"2023","Cyprus","Violence against civilians","10","0"
"2023","Czech Republic","Protests","226","0"
"2023","Czech Republic","Riots","10","0"
"2023","Czech Republic","Strategic developments","5","0"
"2023","Czech Republic","Violence against civilians","6","0"
"2023","Democratic Republic of Congo","Battles","1149","1821"
"2023","Democratic Republic of Congo","Explosions/Remote violence","67","101"
"2023","Democratic Republic of Congo","Protests","229","61"
"2023","Democratic Republic of Congo","Riots","287","154"
"2023","Democratic Republic of Congo","Strategic developments","725","1"
"2023","Democratic Republic of Congo","Violence against civilians","1257","3412"
"2023","Denmark","Protests","511","0"
"2023","Denmark","Riots","1","0"
"2023","Denmark","Strategic developments","4","0"
"2023","Djibouti","Protests","3","0"
"2023","Djibouti","Riots","9","17"
"2023","Djibouti","Strategic developments","4","0"
"2023","Dominica","Explosions/Remote violence","1","0"
"2023","Dominica","Protests","4","0"
"2023","Dominica","Strategic developments","1","0"
"2023","Dominican Republic","Battles","1","1"
"2023","Dominican Republic","Protests","74","0"
"2023","Dominican Republic","Riots","24","3"
"2023","Dominican Republic","Strategic developments","27","0"
"2023","Dominican Republic","Violence against civilians","19","10"
"2023","East Timor","Protests","12","0"
"2023","East Timor","Riots","3","0"
"2023","East Timor","Strategic developments","1","0"
"2023","Ecuador","Battles","449","637"
"2023","Ecuador","Explosions/Remote violence","159","2"
"2023","Ecuador","Protests","339","0"
"2023","Ecuador","Riots","224","25"
"2023","Ecuador","Strategic developments","279","1"
"2023","Ecuador","Violence against civilians","1774","2146"
"2023","Egypt","Battles","2","9"
"2023","Egypt","Explosions/Remote violence","3","1"
"2023","Egypt","Protests","174","0"
"2023","Egypt","Riots","1","0"
"2023","Egypt","Strategic developments","11","3"
"2023","Egypt","Violence against civilians","16","18"
"2023","El Salvador","Battles","34","34"
"2023","El Salvador","Protests","90","0"
"2023","El Salvador","Riots","2","0"
"2023","El Salvador","Strategic developments","38","0"
"2023","El Salvador","Violence against civilians","31","23"
"2023","Equatorial Guinea","Protests","2","0"
"2023","Eritrea","Explosions/Remote violence","1","1"
"2023","Eritrea","Strategic developments","6","0"
"2023","Estonia","Protests","26","0"
"2023","Estonia","Strategic developments","2","0"
"2023","eSwatini","Battles","1","1"
"2023","eSwatini","Protests","31","0"
"2023","eSwatini","Riots","26","19"
"2023","eSwatini","Strategic developments","5","0"
"2023","eSwatini","Violence against civilians","19","10"
"2023","Ethiopia","Battles","832","2219"
"2023","Ethiopia","Explosions/Remote violence","62","378"
"2023","Ethiopia","Protests","165","31"
"2023","Ethiopia","Riots","41","45"
"2023","Ethiopia","Strategic developments","195","3"
"2023","Ethiopia","Violence against civilians","494","1137"
"2023","Faroe Islands","Protests","1","0"
"2023","Fiji","Protests","9","0"
"2023","Finland","Protests","296","0"
"2023","Finland","Riots","1","0"
"2023","Finland","Strategic developments","5","0"
"2023","France","Protests","7917","0"
"2023","France","Riots","829","0"
"2023","France","Strategic developments","121","0"
"2023","France","Violence against civilians","17","5"
"2023","French Guiana","Battles","1","0"
"2023","French Guiana","Protests","48","0"
"2023","French Guiana","Riots","9","1"
"2023","French Guiana","Strategic developments","1","0"
"2023","French Guiana","Violence against civilians","1","1"
"2023","French Polynesia","Explosions/Remote violence","1","0"
"2023","French Polynesia","Protests","36","0"
"2023","French Polynesia","Riots","1","0"
"2023","French Polynesia","Strategic developments","1","0"
"2023","Gabon","Battles","1","1"
"2023","Gabon","Protests","62","0"
"2023","Gabon","Riots","6","0"
"2023","Gabon","Strategic developments","14","0"
"2023","Gabon","Violence against civilians","5","1"
"2023","Gambia","Battles","3","0"
"2023","Gambia","Protests","1","0"
"2023","Gambia","Riots","3","2"
"2023","Gambia","Strategic developments","3","0"
"2023","Georgia","Explosions/Remote violence","1","0"
"2023","Georgia","Protests","293","0"
"2023","Georgia","Riots","12","0"
"2023","Georgia","Strategic developments","1","0"
"2023","Georgia","Violence against civilians","7","2"
"2023","Germany","Protests","3937","0"
"2023","Germany","Riots","102","0"
"2023","Germany","Strategic developments","93","0"
"2023","Germany","Violence against civilians","3","8"
"2023","Ghana","Battles","15","22"
"2023","Ghana","Protests","101","0"
"2023","Ghana","Riots","188","81"
"2023","Ghana","Strategic developments","7","0"
"2023","Ghana","Violence against civilians","64","86"
"2023","Gibraltar","Protests","1","0"
"2023","Greece","Explosions/Remote violence","14","0"
"2023","Greece","Protests","472","0"
"2023","Greece","Riots","136","0"
"2023","Greece","Strategic developments","213","140"
"2023","Greece","Violence against civilians","34","6"
"2023","Greenland","Protests","5","0"
"2023","Grenada","Protests","1","0"
"2023","Guadeloupe","Protests","60","0"
"2023","Guadeloupe","Riots","16","0"
"2023","Guam","Protests","8","0"
"2023","Guatemala","Battles","141","135"
"2023","Guatemala","Protests","993","0"
"2023","Guatemala","Riots","81","18"
"2023","Guatemala","Strategic developments","58","3"
"2023","Guatemala","Violence against civilians","759","734"
"2023","Guinea","Battles","7","13"
"2023","Guinea","Protests","146","2"
"2023","Guinea","Riots","128","45"
"2023","Guinea","Strategic developments","14","0"
"2023","Guinea","Violence against civilians","27","14"
"2023","Guinea-Bissau","Battles","1","2"
"2023","Guinea-Bissau","Protests","15","0"
"2023","Guinea-Bissau","Riots","5","1"
"2023","Guinea-Bissau","Strategic developments","6","0"
"2023","Guinea-Bissau","Violence against civilians","5","2"
"2023","Guyana","Battles","3","0"
"2023","Guyana","Protests","48","0"
"2023","Guyana","Riots","9","0"
"2023","Guyana","Strategic developments","3","0"
"2023","Guyana","Violence against civilians","4","1"
"2023","Haiti","Battles","452","1114"
"2023","Haiti","Protests","187","7"
"2023","Haiti","Riots","234","460"
"2023","Haiti","Strategic developments","323","1"
"2023","Haiti","Violence against civilians","635","944"
"2023","Honduras","Battles","82","114"
"2023","Honduras","Protests","718","0"
"2023","Honduras","Riots","106","2"
"2023","Honduras","Strategic developments","135","0"
"2023","Honduras","Violence against civilians","447","551"
"2023","Hungary","Protests","191","0"
"2023","Hungary","Riots","10","0"
"2023","Hungary","Strategic developments","2","0"
"2023","Hungary","Violence against civilians","3","0"
"2023","Iceland","Protests","45","0"
"2023","Iceland","Riots","1","0"
"2023","Iceland","Strategic developments","1","0"
"2023","India","Battles","516","415"
"2023","India","Explosions/Remote violence","141","71"
"2023","India","Protests","18054","6"
"2023","India","Riots","2384","308"
"2023","India","Strategic developments","1068","8"
"2023","India","Violence against civilians","921","403"
"2023","Indian Ocean","Battles","6","30"
"2023","Indian Ocean","Explosions/Remote violence","72","0"
"2023","Indian Ocean","Strategic developments","111","0"
"2023","Indian Ocean","Violence against civilians","14","3"
"2023","Indonesia","Battles","92","72"
"2023","Indonesia","Explosions/Remote violence","2","0"
"2023","Indonesia","Protests","3037","0"
"2023","Indonesia","Riots","220","46"
"2023","Indonesia","Strategic developments","88","2"
"2023","Indonesia","Violence against civilians","147","104"
"2023","Iran","Battles","56","95"
"2023","Iran","Explosions/Remote violence","18","96"
"2023","Iran","Protests","3513","0"
"2023","Iran","Riots","145","8"
"2023","Iran","Strategic developments","351","16"
"2023","Iran","Violence against civilians","93","91"
"2023","Iraq","Battles","1247","634"
"2023","Iraq","Explosions/Remote violence","3218","436"
"2023","Iraq","Protests","822","0"
"2023","Iraq","Riots","60","5"
"2023","Iraq","Strategic developments","803","4"
"2023","Iraq","Violence against civilians","403","311"
"2023","Ireland","Protests","353","0"
"2023","Ireland","Riots","8","0"
"2023","Ireland","Strategic developments","9","0"
"2023","Israel","Battles","174","871"
"2023","Israel","Explosions/Remote violence","916","65"
"2023","Israel","Protests","2408","0"
"2023","Israel","Riots","150","1"
"2023","Israel","Strategic developments","552","1"
"2023","Israel","Violence against civilians","104","835"
"2023","Italy","Explosions/Remote violence","2","0"
"2023","Italy","Protests","3137","0"
"2023","Italy","Riots","87","0"
"2023","Italy","Strategic developments","93","0"
"2023","Italy","Violence against civilians","5","0"
"2023","Ivory Coast","Battles","3","5"
"2023","Ivory Coast","Protests","18","0"
"2023","Ivory Coast","Riots","58","11"
"2023","Ivory Coast","Strategic developments","10","0"
"2023","Ivory Coast","Violence against civilians","15","11"
"2023","Jamaica","Battles","101","95"
"2023","Jamaica","Protests","109","0"
"2023","Jamaica","Riots","29","10"
"2023","Jamaica","Strategic developments","32","0"
"2023","Jamaica","Violence against civilians","304","313"
"2023","Japan","Explosions/Remote violence","1","0"
"2023","Japan","Protests","1797","0"
"2023","Japan","Riots","2","0"
"2023","Japan","Strategic developments","2","0"
"2023","Jordan","Battles","7","2"
"2023","Jordan","Explosions/Remote violence","1","0"
"2023","Jordan","Protests","418","0"
"2023","Jordan","Riots","21","4"
"2023","Jordan","Strategic developments","15","0"
"2023","Jordan","Violence against civilians","1","1"
"2023","Kazakhstan","Protests","582","0"
"2023","Kazakhstan","Riots","7","0"
"2023","Kazakhstan","Strategic developments","7","0"
"2023","Kazakhstan","Violence against civilians","62","5"
"2023","Kenya","Battles","203","303"
"2023","Kenya","Explosions/Remote violence","45","107"
"2023","Kenya","Protests","938","11"
"2023","Kenya","Riots","730","256"
"2023","Kenya","Strategic developments","298","4"
"2023","Kenya","Violence against civilians","352","328"
"2023","Kosovo","Battles","2","5"
"2023","Kosovo","Explosions/Remote violence","5","0"
"2023","Kosovo","Protests","157","0"
"2023","Kosovo","Riots","14","0"
"2023","Kosovo","Strategic developments","23","0"
"2023","Kosovo","Violence against civilians","14","0"
"2023","Kuwait","Protests","9","0"
"2023","Kuwait","Strategic developments","9","0"
"2023","Kyrgyzstan","Battles","2","1"
"2023","Kyrgyzstan","Protests","164","0"
"2023","Kyrgyzstan","Riots","13","0"
"2023","Kyrgyzstan","Strategic developments","1","0"
"2023","Kyrgyzstan","Violence against civilians","33","1"
"2023","Laos","Violence against civilians","2","0"
"2023","Latvia","Protests","36","0"
"2023","Lebanon","Battles","139","72"
"2023","Lebanon","Explosions/Remote violence","1972","188"
"2023","Lebanon","Protests","870","1"
"2023","Lebanon","Riots","185","8"
"2023","Lebanon","Strategic developments","98","5"
"2023","Lebanon","Violence against civilians","30","17"
"2023","Lesotho","Protests","4","0"
"2023","Lesotho","Riots","5","5"
"2023","Lesotho","Violence against civilians","8","7"
"2023","Liberia","Protests","34","0"
"2023","Liberia","Riots","26","8"
"2023","Liberia","Strategic developments","2","0"
"2023","Liberia","Violence against civilians","3","1"
"2023","Libya","Battles","35","81"
"2023","Libya","Explosions/Remote violence","9","0"
"2023","Libya","Protests","89","0"
"2023","Libya","Riots","13","1"
"2023","Libya","Strategic developments","30","1"
"2023","Libya","Violence against civilians","31","17"
"2023","Lithuania","Protests","71","0"
"2023","Lithuania","Violence against civilians","1","0"
"2023","Luxembourg","Protests","39","0"
"2023","Luxembourg","Strategic developments","1","0"
"2023","Madagascar","Battles","235","379"
"2023","Madagascar","Explosions/Remote violence","2","0"
"2023","Madagascar","Protests","126","0"
"2023","Madagascar","Riots","154","72"
"2023","Madagascar","Strategic developments","143","0"
"2023","Madagascar","Violence against civilians","150","64"
"2023","Malawi","Battles","1","1"
"2023","Malawi","Explosions/Remote violence","1","0"
"2023","Malawi","Protests","81","0"
"2023","Malawi","Riots","99","49"
"2023","Malawi","Strategic developments","11","0"
"2023","Malawi","Violence against civilians","7","1"
"2023","Malaysia","Protests","128","0"
"2023","Malaysia","Riots","1","0"
"2023","Malaysia","Strategic developments","32","0"
"2023","Malaysia","Violence against civilians","1","0"
"2023","Maldives","Protests","59","0"
"2023","Maldives","Riots","9","0"
"2023","Maldives","Strategic developments","3","0"
"2023","Mali","Battles","468","2076"
"2023","Mali","Explosions/Remote violence","348","703"
"2023","Mali","Protests","72","0"
"2023","Mali","Riots","41","14"
"2023","Mali","Strategic developments","580","18"
"2023","Mali","Violence against civilians","750","1558"
"2023","Malta","Protests","74","0"
"2023","Malta","Riots","1","0"
"2023","Malta","Violence against civilians","1","0"
"2023","Marshall Islands","Protests","3","0"
"2023","Marshall Islands","Strategic developments","1","0"
"2023","Martinique","Protests","70","0"
"2023","Martinique","Riots","6","0"
"2023","Martinique","Violence against civilians","1","0"
"2023","Mauritania","Battles","2","6"
"2023","Mauritania","Protests","216","0"
"2023","Mauritania","Riots","19","1"
"2023","Mauritania","Strategic developments","9","0"
"2023","Mauritania","Violence against civilians","4","2"
"2023","Mauritius","Protests","101","0"
"2023","Mauritius","Riots","8","2"
"2023","Mauritius","Violence against civilians","8","0"
"2023","Mayotte","Protests","41","0"
"2023","Mayotte","Riots","32","0"
"2023","Mayotte","Strategic developments","2","0"
"2023","Mediterranean Sea","Battles","12","32"
"2023","Mediterranean Sea","Explosions/Remote violence","34","22"
"2023","Mediterranean Sea","Strategic developments","34","0"
"2023","Mexico","Battles","1319","1360"
"2023","Mexico","Explosions/Remote violence","46","9"
"2023","Mexico","Protests","5763","1"
"2023","Mexico","Riots","590","104"
"2023","Mexico","Strategic developments","852","0"
"2023","Mexico","Violence against civilians","4920","5689"
"2023","Micronesia","Strategic developments","1","0"
"2023","Moldova","Explosions/Remote violence","1","0"
"2023","Moldova","Protests","193","0"
"2023","Moldova","Riots","3","0"
"2023","Moldova","Strategic developments","21","0"
"2023","Moldova","Violence against civilians","7","1"
"2023","Monaco","Protests","3","0"
"2023","Mongolia","Protests","86","0"
"2023","Montenegro","Explosions/Remote violence","1","1"
"2023","Montenegro","Protests","136","0"
"2023","Montenegro","Strategic developments","1","0"
"2023","Morocco","Battles","2","1"
"2023","Morocco","Explosions/Remote violence","20","37"
"2023","Morocco","Protests","2179","0"
"2023","Morocco","Riots","31","2"
"2023","Morocco","Strategic developments","21","0"
"2023","Morocco","Violence against civilians","16","2"
"2023","Mozambique","Battles","62","180"
"2023","Mozambique","Explosions/Remote violence","15","18"
"2023","Mozambique","Protests","73","3"
"2023","Mozambique","Riots","70","31"
"2023","Mozambique","Strategic developments","142","1"
"2023","Mozambique","Violence against civilians","101","117"
"2023","Myanmar","Battles","5420","14729"
"2023","Myanmar","Explosions/Remote violence","5463","4686"
"2023","Myanmar","Protests","2221","0"
"2023","Myanmar","Riots","2","3"
"2023","Myanmar","Strategic developments","3890","73"
"2023","Myanmar","Violence against civilians","2109","2213"
"2023","Namibia","Explosions/Remote violence","1","1"
"2023","Namibia","Protests","93","0"
"2023","Namibia","Riots","4","0"
"2023","Namibia","Strategic developments","1","0"
"2023","Namibia","Violence against civilians","3","3"
"2023","Nauru","Strategic developments","1","0"
"2023","Nepal","Explosions/Remote violence","3","0"
"2023","Nepal","Protests","2053","0"
"2023","Nepal","Riots","365","7"
"2023","Nepal","Strategic developments","28","0"
"2023","Nepal","Violence against civilians","34","2"
"2023","Netherlands","Protests","744","0"
"2023","Netherlands","Riots","19","0"
"2023","Netherlands","Strategic developments","9","0"
"2023","Netherlands","Violence against civilians","1","0"
"2023","New Caledonia","Protests","66","0"
"2023","New Caledonia","Riots","1","0"
"2023","New Zealand","Protests","212","0"
"2023","New Zealand","Riots","2","0"
"2023","New Zealand","Strategic developments","1","0"
"2023","Nicaragua","Battles","6","3"
"2023","Nicaragua","Protests","4","0"
"2023","Nicaragua","Strategic developments","71","0"
"2023","Nicaragua","Violence against civilians","10","11"
"2023","Niger","Battles","130","539"
"2023","Niger","Explosions/Remote violence","50","267"
"2023","Niger","Protests","50","0"
"2023","Niger","Riots","16","5"
"2023","Niger","Strategic developments","296","3"
"2023","Niger","Violence against civilians","260","399"
"2023","Nigeria","Battles","1182","4240"
"2023","Nigeria","Explosions/Remote violence","223","1604"
"2023","Nigeria","Protests","757","20"
"2023","Nigeria","Riots","311","149"
"2023","Nigeria","Strategic developments","363","83"
"2023","Nigeria","Violence against civilians","1865","2746"
"2023","Niue","Strategic developments","1","0"
"2023","North Korea","Battles","2","5"
"2023","North Korea","Strategic developments","31","0"
"2023","North Korea","Violence against civilians","5","7"
"2023","North Macedonia","Protests","209","0"
"2023","North Macedonia","Strategic developments","1","0"
"2023","North Macedonia","Violence against civilians","6","0"
"2023","Northern Mariana Islands","Protests","2","0"
"2023","Norway","Protests","340","0"
"2023","Norway","Riots","2","0"
"2023","Norway","Strategic developments","2","0"
"2023","Oman","Protests","7","0"
"2023","Pacific Ocean","Strategic developments","124","0"
"2023","Pakistan","Battles","671","1210"
"2023","Pakistan","Explosions/Remote violence","314","507"
"2023","Pakistan","Protests","6731","1"
"2023","Pakistan","Riots","399","193"
"2023","Pakistan","Strategic developments","197","5"
"2023","Pakistan","Violence against civilians","811","470"
"2023","Palestine","Battles","2024","2012"
"2023","Palestine","Explosions/Remote violence","3659","21326"
"2023","Palestine","Protests","1034","0"
"2023","Palestine","Riots","5198","137"
"2023","Palestine","Strategic developments","1486","6"
"2023","Palestine","Violence against civilians","918","153"
"2023","Panama","Protests","680","2"
"2023","Panama","Riots","67","0"
"2023","Panama","Strategic developments","13","0"
"2023","Panama","Violence against civilians","4","5"
"2023","Papua New Guinea","Battles","9","9"
"2023","Papua New Guinea","Protests","73","0"
"2023","Papua New Guinea","Riots","200","312"
"2023","Papua New Guinea","Strategic developments","79","9"
"2023","Papua New Guinea","Violence against civilians","17","23"
"2023","Paraguay","Battles","5","3"
"2023","Paraguay","Protests","745","0"
"2023","Paraguay","Riots","66","3"
"2023","Paraguay","Strategic developments","7","0"
"2023","Paraguay","Violence against civilians","14","4"
"2023","Peru","Battles","4","10"
"2023","Peru","Explosions/Remote violence","3","0"
"2023","Peru","Protests","2922","0"
"2023","Peru","Riots","310","46"
"2023","Peru","Strategic developments","17","0"
"2023","Peru","Violence against civilians","16","27"
"2023","Philippines","Battles","311","394"
"2023","Philippines","Explosions/Remote violence","48","27"
"2023","Philippines","Protests","402","0"
"2023","Philippines","Riots","13","2"
"2023","Philippines","Strategic developments","68","0"
"2023","Philippines","Violence against civilians","424","432"
"2023","Poland","Protests","1004","0"
"2023","Poland","Riots","43","0"
"2023","Poland","Strategic developments","34","2"
"2023","Poland","Violence against civilians","7","1"
"2023","Portugal","Protests","575","0"
"2023","Portugal","Riots","3","0"
"2023","Puerto Rico","Battles","51","37"
"2023","Puerto Rico","Protests","83","0"
"2023","Puerto Rico","Riots","4","0"
"2023","Puerto Rico","Strategic developments","61","0"
"2023","Puerto Rico","Violence against civilians","163","151"
"2023","Qatar","Protests","17","0"
"2023","Qatar","Strategic developments","3","0"
"2023","Republic of Congo","Protests","1","0"
"2023","Republic of Congo","Riots","5","5"
"2023","Republic of Congo","Strategic developments","4","0"
"2023","Republic of Congo","Violence against civilians","2","1"
"2023","Reunion","Protests","135","0"
"2023","Reunion","Riots","40","0"
"2023","Reunion","Strategic developments","2","0"
"2023","Reunion","Violence against civilians","1","0"
"2023","Romania","Explosions/Remote violence","2","0"
"2023","Romania","Protests","441","0"
"2023","Romania","Riots","2","0"
"2023","Romania","Strategic developments","18","0"
"2023","Romania","Violence against civilians","7","1"
"2023","Russia","Battles","35","78"
"2023","Russia","Explosions/Remote violence","2890","121"
"2023","Russia","Protests","405","0"
"2023","Russia","Riots","8","0"
"2023","Russia","Strategic developments","651","30"
"2023","Russia","Violence against civilians","195","29"
"2023","Rwanda","Battles","2","1"
"2023","Rwanda","Explosions/Remote violence","1","0"
"2023","Rwanda","Protests","1","1"
"2023","Rwanda","Riots","2","1"
"2023","Rwanda","Strategic developments","6","0"
"2023","Rwanda","Violence against civilians","9","5"
"2023","Saint Kitts and Nevis","Strategic developments","1","0"
"2023","Saint Lucia","Protests","7","0"
"2023","Saint Lucia","Riots","3","0"
"2023","Saint Lucia","Strategic developments","1","0"
"2023","Saint Lucia","Violence against civilians","1","0"
"2023","Saint Pierre and Miquelon","Protests","6","0"
"2023","Saint Vincent and the Grenadines","Protests","1","0"
"2023","Saint Vincent and the Grenadines","Strategic developments","1","0"
"2023","Saint-Martin","Battles","1","0"
"2023","Saint-Martin","Protests","2","0"
"2023","Saint-Martin","Riots","2","0"
"2023","Samoa","Protests","1","0"
"2023","Samoa","Riots","1","0"
"2023","San Marino","Protests","2","0"
"2023","Sao Tome and Principe","Protests","8","0"
"2023","Sao Tome and Principe","Riots","2","0"
"2023","Saudi Arabia","Battles","1","2"
"2023","Saudi Arabia","Explosions/Remote violence","3","191"
"2023","Saudi Arabia","Strategic developments","15","0"
"2023","Saudi Arabia","Violence against civilians","3","0"
"2023","Senegal","Battles","4","2"
"2023","Senegal","Explosions/Remote violence","2","4"
"2023","Senegal","Protests","110","0"
"2023","Senegal","Riots","117","38"
"2023","Senegal","Strategic developments","45","0"
"2023","Senegal","Violence against civilians","7","5"
"2023","Serbia","Protests","485","0"
"2023","Serbia","Riots","1","0"
"2023","Serbia","Strategic developments","7","18"
"2023","Serbia","Violence against civilians","7","0"
"2023","Seychelles","Protests","4","0"
"2023","Sierra Leone","Battles","3","21"
"2023","Sierra Leone","Protests","14","2"
"2023","Sierra Leone","Riots","26","6"
"2023","Sierra Leone","Strategic developments","16","0"
"2023","Sierra Leone","Violence against civilians","15","3"
"2023","Singapore","Protests","2","0"
"2023","Singapore","Strategic developments","1","0"
"2023","Sint Maarten","Protests","1","0"
"2023","Slovakia","Protests","102","0"
"2023","Slovakia","Riots","1","0"
"2023","Slovakia","Strategic developments","4","0"
"2023","Slovenia","Protests","89","0"
"2023","Slovenia","Riots","5","0"
"2023","Slovenia","Strategic developments","6","0"
"2023","Solomon Islands","Protests","2","0"
"2023","Solomon Islands","Riots","1","0"
"2023","Solomon Islands","Strategic developments","1","0"
"2023","Somalia","Battles","1954","6912"
"2023","Somalia","Explosions/Remote violence","790","1741"
"2023","Somalia","Protests","124","3"
"2023","Somalia","Riots","15","4"
"2023","Somalia","Strategic developments","477","22"
"2023","Somalia","Violence against civilians","411","461"
"2023","South Africa","Battles","4","1"
"2023","South Africa","Protests","1187","1"
"2023","South Africa","Riots","694","168"
"2023","South Africa","Strategic developments","29","0"
"2023","South Africa","Violence against civilians","170","139"
"2023","South Korea","Protests","6318","0"
"2023","South Korea","Riots","29","0"
"2023","South Korea","Strategic developments","4","0"
"2023","South Korea","Violence against civilians","1","0"
"2023","South Sudan","Battles","523","1474"
"2023","South Sudan","Explosions/Remote violence","8","19"
"2023","South Sudan","Protests","63","0"
"2023","South Sudan","Riots","41","14"
"2023","South Sudan","Strategic developments","296","12"
"2023","South Sudan","Violence against civilians","886","1411"
"2023","Spain","Protests","3180","0"
"2023","Spain","Riots","27","0"
"2023","Spain","Strategic developments","1","0"
"2023","Spain","Violence against civilians","2","0"
"2023","Sri Lanka","Battles","2","1"
"2023","Sri Lanka","Explosions/Remote violence","1","0"
"2023","Sri Lanka","Protests","786","1"
"2023","Sri Lanka","Riots","33","2"
"2023","Sri Lanka","Strategic developments","34","0"
"2023","Sri Lanka","Violence against civilians","18","4"
"2023","Sudan","Battles","2604","12547"
"2023","Sudan","Explosions/Remote violence","1220","2181"
"2023","Sudan","Protests","551","10"
"2023","Sudan","Riots","44","11"
"2023","Sudan","Strategic developments","1248","0"
"2023","Sudan","Violence against civilians","1097","2300"
"2023","Suriname","Explosions/Remote violence","1","0"
"2023","Suriname","Protests","26","0"
"2023","Suriname","Riots","4","2"
"2023","Suriname","Strategic developments","2","0"
"2023","Suriname","Violence against civilians","6","0"
"2023","Sweden","Protests","1451","0"
"2023","Sweden","Riots","3","0"
"2023","Sweden","Strategic developments","3","0"
"2023","Switzerland","Protests","185","0"
"2023","Switzerland","Riots","6","0"
"2023","Switzerland","Strategic developments","3","0"
"2023","Syria","Battles","2566","2750"
"2023","Syria","Explosions/Remote violence","5694","2644"
"2023","Syria","Protests","1205","0"
"2023","Syria","Riots","156","0"
"2023","Syria","Strategic developments","1224","20"
"2023","Syria","Violence against civilians","1966","913"
"2023","Taiwan","Protests","1254","0"
"2023","Taiwan","Riots","7","0"
"2023","Tajikistan","Battles","2","5"
"2023","Tajikistan","Protests","2","0"
"2023","Tajikistan","Strategic developments","4","0"
"2023","Tajikistan","Violence against civilians","2","0"
"2023","Tanzania","Battles","1","0"
"2023","Tanzania","Protests","16","1"
"2023","Tanzania","Riots","27","14"
"2023","Tanzania","Strategic developments","7","0"
"2023","Tanzania","Violence against civilians","32","9"
"2023","Thailand","Battles","51","36"
"2023","Thailand","Explosions/Remote violence","71","14"
"2023","Thailand","Protests","323","0"
"2023","Thailand","Riots","1","0"
"2023","Thailand","Strategic developments","146","0"
"2023","Thailand","Violence against civilians","15","8"
"2023","Togo","Battles","10","46"
"2023","Togo","Explosions/Remote violence","3","4"
"2023","Togo","Protests","3","0"
"2023","Togo","Riots","2","0"
"2023","Togo","Strategic developments","8","2"
"2023","Togo","Violence against civilians","11","45"
"2023","Tokelau","Strategic developments","1","0"
"2023","Trinidad and Tobago","Battles","64","49"
"2023","Trinidad and Tobago","Protests","114","0"
"2023","Trinidad and Tobago","Riots","40","1"
"2023","Trinidad and Tobago","Strategic developments","34","0"
"2023","Trinidad and Tobago","Violence against civilians","337","283"
"2023","Tunisia","Battles","2","8"
"2023","Tunisia","Explosions/Remote violence","10","0"
"2023","Tunisia","Protests","681","0"
"2023","Tunisia","Riots","60","0"
"2023","Tunisia","Strategic developments","10","0"
"2023","Tunisia","Violence against civilians","3","1"
"2023","Turkey","Battles","93","110"
"2023","Turkey","Explosions/Remote violence","53","7"
"2023","Turkey","Protests","4632","0"
"2023","Turkey","Riots","172","7"
"2023","Turkey","Strategic developments","1048","6"
"2023","Turkey","Violence against civilians","75","19"
"2023","Turkmenistan","Protests","1","0"
"2023","Turkmenistan","Riots","1","0"
"2023","Turkmenistan","Strategic developments","1","0"
"2023","Turkmenistan","Violence against civilians","1","1"
"2023","Turks and Caicos Islands","Strategic developments","13","0"
"2023","Uganda","Battles","47","61"
"2023","Uganda","Explosions/Remote violence","4","0"
"2023","Uganda","Protests","112","1"
"2023","Uganda","Riots","191","146"
"2023","Uganda","Strategic developments","68","0"
"2023","Uganda","Violence against civilians","143","152"
"2023","Ukraine","Battles","10995","28851"
"2023","Ukraine","Explosions/Remote violence","43521","10813"
"2023","Ukraine","Protests","134","0"
"2023","Ukraine","Strategic developments","3181","6"
"2023","Ukraine","Violence against civilians","101","49"
"2023","United Arab Emirates","Protests","1","0"
"2023","United Arab Emirates","Strategic developments","3","0"
"2023","United Kingdom","Protests","1084","0"
"2023","United Kingdom","Riots","24","0"
"2023","United Kingdom","Strategic developments","11","0"
"2023","United Kingdom","Violence against civilians","5","1"
"2023","United States","Battles","1","2"
"2023","United States","Explosions/Remote violence","4","0"
"2023","United States","Protests","11546","1"
"2023","United States","Riots","145","3"
"2023","United States","Strategic developments","935","1"
"2023","United States","Violence against civilians","73","63"
"2023","Uruguay","Protests","97","0"
"2023","Uruguay","Riots","5","0"
"2023","Uruguay","Violence against civilians","1","1"
"2023","Uzbekistan","Protests","82","0"
"2023","Uzbekistan","Riots","10","0"
"2023","Uzbekistan","Violence against civilians","29","3"
"2023","Vanuatu","Protests","1","0"
"2023","Vanuatu","Riots","1","0"
"2023","Vanuatu","Strategic developments","3","0"
"2023","Vatican City","Protests","2","0"
"2023","Venezuela","Battles","343","484"
"2023","Venezuela","Explosions/Remote violence","17","4"
"2023","Venezuela","Protests","2840","0"
"2023","Venezuela","Riots","93","9"
"2023","Venezuela","Strategic developments","44","0"
"2023","Venezuela","Violence against civilians","237","239"
"2023","Vietnam","Battles","2","10"
"2023","Vietnam","Protests","14","0"
"2023","Vietnam","Strategic developments","1","0"
"2023","Vietnam","Violence against civilians","1","1"
"2023","Wallis and Futuna","Protests","12","0"
"2023","Yemen","Battles","2119","1586"
"2023","Yemen","Explosions/Remote violence","1523","703"
"2023","Yemen","Protests","2370","0"
"2023","Yemen","Riots","65","17"
"2023","Yemen","Strategic developments","800","33"
"2023","Yemen","Violence against civilians","715","303"
"2023","Zambia","Protests","14","0"
"2023","Zambia","Riots","36","11"
"2023","Zambia","Strategic developments","8","0"
"2023","Zambia","Violence against civilians","8","4"
"2023","Zimbabwe","Explosions/Remote violence","1","0"
"2023","Zimbabwe","Protests","36","0"
"2023","Zimbabwe","Riots","116","25"
"2023","Zimbabwe","Strategic developments","24","0"
"2023","Zimbabwe","Violence against civilians","55","13"
"2024","Afghanistan","Battles","422","734"
"2024","Afghanistan","Explosions/Remote violence","111","293"
"2024","Afghanistan","Protests","86","5"
"2024","Afghanistan","Riots","40","30"
"2024","Afghanistan","Strategic developments","304","82"
"2024","Afghanistan","Violence against civilians","518","298"
"2024","Akrotiri and Dhekelia","Protests","2","0"
"2024","Akrotiri and Dhekelia","Strategic developments","2","0"
"2024","Albania","Explosions/Remote violence","1","0"
"2024","Albania","Protests","63","0"
"2024","Albania","Riots","14","0"
"2024","Albania","Violence against civilians","5","1"
"2024","Algeria","Battles","9","14"
"2024","Algeria","Explosions/Remote violence","2","10"
"2024","Algeria","Protests","127","0"
"2024","Algeria","Riots","15","0"
"2024","Algeria","Strategic developments","8","0"
"2024","Algeria","Violence against civilians","6","11"
"2024","Andorra","Protests","2","0"
"2024","Angola","Battles","4","53"
"2024","Angola","Protests","38","0"
"2024","Angola","Riots","21","12"
"2024","Angola","Strategic developments","33","14"
"2024","Angola","Violence against civilians","16","31"
"2024","Anguilla","Protests","1","0"
"2024","Antarctica","Protests","1","0"
"2024","Antigua and Barbuda","Protests","9","0"
"2024","Antigua and Barbuda","Riots","1","1"
"2024","Antigua and Barbuda","Strategic developments","1","0"
"2024","Antigua and Barbuda","Violence against civilians","3","2"
"2024","Argentina","Explosions/Remote violence","1","0"
"2024","Argentina","Protests","1514","0"
"2024","Argentina","Riots","92","0"
"2024","Argentina","Strategic developments","2","0"
"2024","Argentina","Violence against civilians","2","4"
"2024","Armenia","Battles","19","4"
"2024","Armenia","Explosions/Remote violence","5","0"
"2024","Armenia","Protests","337","0"
"2024","Armenia","Riots","2","0"
"2024","Armenia","Strategic developments","6","0"
"2024","Armenia","Violence against civilians","2","0"
"2024","Aruba","Protests","5","0"
"2024","Atlantic Ocean","Battles","5","10"
"2024","Atlantic Ocean","Strategic developments","24","0"
"2024","Australia","Protests","1027","0"
"2024","Australia","Riots","17","0"
"2024","Australia","Strategic developments","2","0"
"2024","Australia","Violence against civilians","2","0"
"2024","Austria","Protests","286","0"
"2024","Austria","Riots","6","0"
"2024","Austria","Strategic developments","12","0"
"2024","Azerbaijan","Battles","52","0"
"2024","Azerbaijan","Explosions/Remote violence","24","2"
"2024","Azerbaijan","Protests","17","0"
"2024","Azerbaijan","Strategic developments","70","0"
"2024","Bahamas","Protests","5","0"
"2024","Bahamas","Riots","1","0"
"2024","Bahamas","Strategic developments","10","0"
"2024","Bahamas","Violence against civilians","1","0"
"2024","Bahrain","Protests","651","0"
"2024","Bahrain","Riots","163","0"
"2024","Bahrain","Strategic developments","9","0"
"2024","Bahrain","Violence against civilians","3","0"
"2024","Bailiwick of Guernsey","Protests","1","0"
"2024","Bangladesh","Battles","47","48"
"2024","Bangladesh","Explosions/Remote violence","10","2"
"2024","Bangladesh","Protests","1810","166"
"2024","Bangladesh","Riots","1218","1529"
"2024","Bangladesh","Strategic developments","121","1"
"2024","Bangladesh","Violence against civilians","272","158"
"2024","Barbados","Protests","1","0"
"2024","Belarus","Explosions/Remote violence","3","0"
"2024","Belarus","Protests","1","0"
"2024","Belarus","Strategic developments","108","0"
"2024","Belarus","Violence against civilians","18","2"
"2024","Belgium","Protests","830","0"
"2024","Belgium","Riots","23","0"
"2024","Belgium","Strategic developments","21","0"
"2024","Belgium","Violence against civilians","1","0"
"2024","Belize","Battles","12","8"
"2024","Belize","Protests","9","0"
"2024","Belize","Strategic developments","6","0"
"2024","Belize","Violence against civilians","37","16"
"2024","Benin","Battles","46","112"
"2024","Benin","Explosions/Remote violence","9","3"
"2024","Benin","Protests","21","0"
"2024","Benin","Riots","50","36"
"2024","Benin","Strategic developments","107","0"
"2024","Benin","Violence against civilians","174","107"
"2024","Bermuda","Protests","1","0"
"2024","Bhutan","Violence against civilians","1","0"
"2024","Bolivia","Battles","3","5"
"2024","Bolivia","Protests","1456","0"
"2024","Bolivia","Riots","167","12"
"2024","Bolivia","Strategic developments","12","0"
"2024","Bolivia","Violence against civilians","7","2"
"2024","Bosnia and Herzegovina","Battles","2","2"
"2024","Bosnia and Herzegovina","Explosions/Remote violence","2","0"
"2024","Bosnia and Herzegovina","Protests","132","0"
"2024","Bosnia and Herzegovina","Riots","1","0"
"2024","Bosnia and Herzegovina","Strategic developments","14","12"
"2024","Bosnia and Herzegovina","Violence against civilians","12","0"
"2024","Botswana","Protests","4","0"
"2024","Botswana","Riots","3","1"
"2024","Botswana","Strategic developments","1","0"
"2024","Botswana","Violence against civilians","1","1"
"2024","Brazil","Battles","3884","3404"
"2024","Brazil","Explosions/Remote violence","17","1"
"2024","Brazil","Protests","1026","1"
"2024","Brazil","Riots","450","55"
"2024","Brazil","Strategic developments","1048","0"
"2024","Brazil","Violence against civilians","4484","4001"
"2024","British Virgin Islands","Protests","1","0"
"2024","Bulgaria","Protests","537","0"
"2024","Bulgaria","Riots","1","0"
"2024","Bulgaria","Strategic developments","3","0"
"2024","Bulgaria","Violence against civilians","2","0"
"2024","Burkina Faso","Battles","606","4415"
"2024","Burkina Faso","Explosions/Remote violence","322","828"
"2024","Burkina Faso","Protests","146","0"
"2024","Burkina Faso","Riots","6","2"
"2024","Burkina Faso","Strategic developments","274","6"
"2024","Burkina Faso","Violence against civilians","384","2261"
"2024","Burundi","Battles","21","36"
"2024","Burundi","Explosions/Remote violence","14","14"
"2024","Burundi","Protests","10","1"
"2024","Burundi","Riots","30","18"
"2024","Burundi","Strategic developments","72","0"
"2024","Burundi","Violence against civilians","231","99"
"2024","Cambodia","Protests","73","0"
"2024","Cambodia","Riots","1","0"
"2024","Cambodia","Strategic developments","1","0"
"2024","Cameroon","Battles","1022","1579"
"2024","Cameroon","Explosions/Remote violence","101","106"
"2024","Cameroon","Protests","57","4"
"2024","Cameroon","Riots","121","51"
"2024","Cameroon","Strategic developments","1413","3"
"2024","Cameroon","Violence against civilians","1904","750"
"2024","Canada","Protests","1994","0"
"2024","Canada","Riots","26","0"
"2024","Canada","Strategic developments","58","0"
"2024","Canada","Violence against civilians","2","0"
"2024","Cape Verde","Battles","1","0"
"2024","Cape Verde","Protests","47","0"
"2024","Cape Verde","Strategic developments","3","0"
"2024","Caribbean Netherlands","Protests","3","0"
"2024","Cayman Islands","Protests","4","0"
"2024","Central African Republic","Battles","131","273"
"2024","Central African Republic","Explosions/Remote violence","12","21"
"2024","Central African Republic","Protests","33","2"
"2024","Central African Republic","Riots","25","25"
"2024","Central African Republic","Strategic developments","203","1"
"2024","Central African Republic","Violence against civilians","227","440"
"2024","Chad","Battles","33","405"
"2024","Chad","Explosions/Remote violence","2","8"
"2024","Chad","Protests","26","0"
"2024","Chad","Riots","21","26"
"2024","Chad","Strategic developments","20","0"
"2024","Chad","Violence against civilians","65","121"
"2024","Chile","Battles","14","16"
"2024","Chile","Explosions/Remote violence","1","1"
"2024","Chile","Protests","1202","0"
"2024","Chile","Riots","276","8"
"2024","Chile","Strategic developments","101","0"
"2024","Chile","Violence against civilians","56","28"
"2024","China","Explosions/Remote violence","1","0"
"2024","China","Protests","1053","2"
"2024","China","Riots","20","2"
"2024","China","Strategic developments","27","1"
"2024","China","Violence against civilians","202","7"
"2024","Colombia","Battles","673","515"
"2024","Colombia","Explosions/Remote violence","211","71"
"2024","Colombia","Protests","1788","1"
"2024","Colombia","Riots","298","24"
"2024","Colombia","Strategic developments","658","2"
"2024","Colombia","Violence against civilians","1294","1140"
"2024","Comoros","Explosions/Remote violence","1","0"
"2024","Comoros","Protests","23","0"
"2024","Comoros","Riots","16","1"
"2024","Comoros","Strategic developments","19","0"
"2024","Comoros","Violence against civilians","4","1"
"2024","Cook Islands","Protests","2","0"
"2024","Costa Rica","Battles","6","6"
"2024","Costa Rica","Protests","202","0"
"2024","Costa Rica","Riots","14","0"
"2024","Costa Rica","Strategic developments","5","0"
"2024","Costa Rica","Violence against civilians","13","9"
"2024","Croatia","Battles","1","0"
"2024","Croatia","Protests","198","0"
"2024","Croatia","Riots","5","0"
"2024","Croatia","Strategic developments","15","15"
"2024","Croatia","Violence against civilians","9","0"
"2024","Cuba","Protests","77","0"
"2024","Cuba","Riots","17","0"
"2024","Cuba","Strategic developments","64","0"
"2024","Cuba","Violence against civilians","30","3"
"2024","Curacao","Protests","5","0"
"2024","Cyprus","Battles","1","0"
"2024","Cyprus","Explosions/Remote violence","3","0"
"2024","Cyprus","Protests","190","0"
"2024","Cyprus","Riots","40","0"
"2024","Cyprus","Strategic developments","83","2"
"2024","Cyprus","Violence against civilians","6","0"
"2024","Czech Republic","Protests","224","0"
"2024","Czech Republic","Riots","2","0"
"2024","Czech Republic","Strategic developments","9","0"
"2024","Czech Republic","Violence against civilians","1","0"
"2024","Democratic Republic of Congo","Battles","1078","1583"
"2024","Democratic Republic of Congo","Explosions/Remote violence","195","297"
"2024","Democratic Republic of Congo","Protests","339","8"
"2024","Democratic Republic of Congo","Riots","227","759"
"2024","Democratic Republic of Congo","Strategic developments","627","0"
"2024","Democratic Republic of Congo","Violence against civilians","864","3189"
"2024","Denmark","Explosions/Remote violence","2","0"
"2024","Denmark","Protests","364","0"
"2024","Denmark","Riots","2","0"
"2024","Denmark","Strategic developments","8","0"
"2024","Denmark","Violence against civilians","1","0"
"2024","Djibouti","Explosions/Remote violence","1","0"
"2024","Djibouti","Strategic developments","6","46"
"2024","Djibouti","Violence against civilians","1","1"
"2024","Dominica","Protests","3","0"
"2024","Dominican Republic","Battles","3","3"
"2024","Dominican Republic","Protests","43","1"
"2024","Dominican Republic","Riots","14","1"
"2024","Dominican Republic","Strategic developments","37","0"
"2024","Dominican Republic","Violence against civilians","21","9"
"2024","East Timor","Protests","10","0"
"2024","East Timor","Violence against civilians","2","0"
"2024","Ecuador","Battles","489","611"
"2024","Ecuador","Explosions/Remote violence","69","4"
"2024","Ecuador","Protests","336","0"
"2024","Ecuador","Riots","171","16"
"2024","Ecuador","Strategic developments","445","3"
"2024","Ecuador","Violence against civilians","1853","2241"
"2024","Egypt","Battles","1","1"
"2024","Egypt","Explosions/Remote violence","1","1"
"2024","Egypt","Protests","88","0"
"2024","Egypt","Riots","5","0"
"2024","Egypt","Strategic developments","9","4"
"2024","Egypt","Violence against civilians","25","16"
"2024","El Salvador","Battles","10","8"
"2024","El Salvador","Protests","95","0"
"2024","El Salvador","Riots","3","2"
"2024","El Salvador","Strategic developments","24","0"
"2024","El Salvador","Violence against civilians","12","11"
"2024","Equatorial Guinea","Protests","2","0"
"2024","Equatorial Guinea","Strategic developments","5","0"
"2024","Eritrea","Battles","1","0"
"2024","Eritrea","Explosions/Remote violence","1","0"
"2024","Eritrea","Strategic developments","11","0"
"2024","Eritrea","Violence against civilians","1","0"
"2024","Estonia","Protests","26","0"
"2024","Estonia","Strategic developments","4","0"
"2024","eSwatini","Protests","22","0"
"2024","eSwatini","Riots","10","7"
"2024","eSwatini","Strategic developments","3","0"
"2024","eSwatini","Violence against civilians","6","3"
"2024","Ethiopia","Battles","1714","5163"
"2024","Ethiopia","Explosions/Remote violence","128","453"
"2024","Ethiopia","Protests","119","8"
"2024","Ethiopia","Riots","8","6"
"2024","Ethiopia","Strategic developments","350","13"
"2024","Ethiopia","Violence against civilians","699","1870"
"2024","Faroe Islands","Protests","3","0"
"2024","Fiji","Protests","12","0"
"2024","Fiji","Violence against civilians","2","0"
"2024","Finland","Protests","401","0"
"2024","Finland","Riots","1","0"
"2024","Finland","Strategic developments","18","0"
"2024","Finland","Violence against civilians","2","0"
"2024","France","Battles","3","2"
"2024","France","Protests","6793","2"
"2024","France","Riots","146","0"
"2024","France","Strategic developments","106","1"
"2024","France","Violence against civilians","21","7"
"2024","French Guiana","Protests","23","0"
"2024","French Guiana","Riots","1","0"
"2024","French Guiana","Strategic developments","1","0"
"2024","French Guiana","Violence against civilians","1","1"
"2024","French Polynesia","Protests","23","0"
"2024","French Polynesia","Strategic developments","1","0"
"2024","French Polynesia","Violence against civilians","1","0"
"2024","Gabon","Protests","30","0"
"2024","Gabon","Riots","6","0"
"2024","Gabon","Strategic developments","3","0"
"2024","Gabon","Violence against civilians","5","1"
"2024","Gambia","Protests","4","0"
"2024","Gambia","Riots","1","0"
"2024","Gambia","Violence against civilians","4","1"
"2024","Georgia","Protests","399","0"
"2024","Georgia","Riots","21","0"
"2024","Georgia","Strategic developments","8","0"
"2024","Georgia","Violence against civilians","21","1"
"2024","Germany","Battles","1","1"
"2024","Germany","Explosions/Remote violence","1","0"
"2024","Germany","Protests","4556","0"
"2024","Germany","Riots","150","0"
"2024","Germany","Strategic developments","230","0"
"2024","Germany","Violence against civilians","14","16"
"2024","Ghana","Battles","45","55"
"2024","Ghana","Protests","148","0"
"2024","Ghana","Riots","205","62"
"2024","Ghana","Strategic developments","64","0"
"2024","Ghana","Violence against civilians","90","54"
"2024","Greece","Battles","3","0"
"2024","Greece","Explosions/Remote violence","14","0"
"2024","Greece","Protests","567","0"
"2024","Greece","Riots","100","0"
"2024","Greece","Strategic developments","181","57"
"2024","Greece","Violence against civilians","26","2"
"2024","Greenland","Protests","20","0"
"2024","Greenland","Strategic developments","1","0"
"2024","Guadeloupe","Protests","35","0"
"2024","Guadeloupe","Riots","18","0"
"2024","Guadeloupe","Strategic developments","4","0"
"2024","Guam","Protests","11","0"
"2024","Guam","Strategic developments","2","0"
"2024","Guatemala","Battles","55","51"
"2024","Guatemala","Explosions/Remote violence","1","1"
"2024","Guatemala","Protests","113","0"
"2024","Guatemala","Riots","19","6"
"2024","Guatemala","Strategic developments","24","0"
"2024","Guatemala","Violence against civilians","296","356"
"2024","Guinea","Battles","3","2"
"2024","Guinea","Explosions/Remote violence","2","0"
"2024","Guinea","Protests","101","4"
"2024","Guinea","Riots","132","46"
"2024","Guinea","Strategic developments","19","1"
"2024","Guinea","Violence against civilians","24","10"
"2024","Guinea-Bissau","Protests","15","0"
"2024","Guinea-Bissau","Riots","3","8"
"2024","Guinea-Bissau","Strategic developments","8","2"
"2024","Guinea-Bissau","Violence against civilians","3","1"
"2024","Guyana","Protests","77","0"
"2024","Guyana","Riots","3","1"
"2024","Guyana","Violence against civilians","3","1"
"2024","Haiti","Battles","708","1892"
"2024","Haiti","Explosions/Remote violence","1","0"
"2024","Haiti","Protests","226","5"
"2024","Haiti","Riots","239","151"
"2024","Haiti","Strategic developments","738","0"
"2024","Haiti","Violence against civilians","662","1570"
"2024","Honduras","Battles","59","68"
"2024","Honduras","Protests","572","0"
"2024","Honduras","Riots","54","3"
"2024","Honduras","Strategic developments","114","0"
"2024","Honduras","Violence against civilians","365","415"
"2024","Hungary","Protests","149","0"
"2024","Hungary","Strategic developments","13","0"
"2024","Hungary","Violence against civilians","2","0"
"2024","Iceland","Protests","90","0"
"2024","Iceland","Riots","1","0"
"2024","Iceland","Strategic developments","2","0"
"2024","India","Battles","515","491"
"2024","India","Explosions/Remote violence","150","42"
"2024","India","Protests","21150","2"
"2024","India","Riots","2643","238"
"2024","India","Strategic developments","1898","10"
"2024","India","Violence against civilians","924","413"
"2024","Indian Ocean","Battles","18","0"
"2024","Indian Ocean","Explosions/Remote violence","537","18"
"2024","Indian Ocean","Strategic developments","493","0"
"2024","Indian Ocean","Violence against civilians","30","3"
"2024","Indonesia","Battles","80","50"
"2024","Indonesia","Explosions/Remote violence","13","0"
"2024","Indonesia","Protests","3337","0"
"2024","Indonesia","Riots","355","35"
"2024","Indonesia","Strategic developments","96","0"
"2024","Indonesia","Violence against civilians","170","77"
"2024","Iran","Battles","62","139"
"2024","Iran","Explosions/Remote violence","42","60"
"2024","Iran","Protests","3549","0"
"2024","Iran","Riots","17","9"
"2024","Iran","Strategic developments","72","13"
"2024","Iran","Violence against civilians","42","52"
"2024","Iraq","Battles","1063","435"
"2024","Iraq","Explosions/Remote violence","5506","387"
"2024","Iraq","Protests","891","0"
"2024","Iraq","Riots","88","2"
"2024","Iraq","Strategic developments","1665","6"
"2024","Iraq","Violence against civilians","311","193"
"2024","Ireland","Protests","426","0"
"2024","Ireland","Riots","9","0"
"2024","Ireland","Strategic developments","11","0"
"2024","Isle of Man","Protests","1","0"
"2024","Israel","Battles","145","14"
"2024","Israel","Explosions/Remote violence","3044","51"
"2024","Israel","Protests","1476","0"
"2024","Israel","Riots","161","4"
"2024","Israel","Strategic developments","773","1"
"2024","Israel","Violence against civilians","57","29"
"2024","Italy","Explosions/Remote violence","2","0"
"2024","Italy","Protests","3000","0"
"2024","Italy","Riots","129","0"
"2024","Italy","Strategic developments","78","0"
"2024","Italy","Violence against civilians","3","0"
"2024","Ivory Coast","Battles","6","2"
"2024","Ivory Coast","Explosions/Remote violence","1","0"
"2024","Ivory Coast","Protests","49","0"
"2024","Ivory Coast","Riots","61","10"
"2024","Ivory Coast","Strategic developments","46","0"
"2024","Ivory Coast","Violence against civilians","24","8"
"2024","Jamaica","Battles","111","121"
"2024","Jamaica","Protests","97","0"
"2024","Jamaica","Riots","23","2"
"2024","Jamaica","Strategic developments","86","0"
"2024","Jamaica","Violence against civilians","224","224"
"2024","Japan","Protests","1952","0"
"2024","Japan","Riots","3","0"
"2024","Japan","Strategic developments","2","0"
"2024","Jordan","Battles","1","0"
"2024","Jordan","Explosions/Remote violence","1","3"
"2024","Jordan","Protests","296","0"
"2024","Jordan","Riots","10","0"
"2024","Jordan","Strategic developments","15","0"
"2024","Kazakhstan","Protests","665","0"
"2024","Kazakhstan","Riots","8","0"
"2024","Kazakhstan","Strategic developments","6","0"
"2024","Kazakhstan","Violence against civilians","59","6"
"2024","Kenya","Battles","177","235"
"2024","Kenya","Explosions/Remote violence","24","62"
"2024","Kenya","Protests","1690","5"
"2024","Kenya","Riots","904","335"
"2024","Kenya","Strategic developments","292","10"
"2024","Kenya","Violence against civilians","275","150"
"2024","Kiribati","Strategic developments","2","0"
"2024","Kosovo","Explosions/Remote violence","12","0"
"2024","Kosovo","Protests","83","0"
"2024","Kosovo","Riots","2","0"
"2024","Kosovo","Strategic developments","50","0"
"2024","Kosovo","Violence against civilians","16","0"
"2024","Kuwait","Protests","1","0"
"2024","Kuwait","Strategic developments","9","0"
"2024","Kyrgyzstan","Battles","1","0"
"2024","Kyrgyzstan","Protests","145","0"
"2024","Kyrgyzstan","Riots","10","0"
"2024","Kyrgyzstan","Strategic developments","4","0"
"2024","Kyrgyzstan","Violence against civilians","25","1"
"2024","Laos","Protests","1","0"
"2024","Latvia","Protests","49","0"
"2024","Latvia","Strategic developments","4","0"
"2024","Latvia","Violence against civilians","1","1"
"2024","Lebanon","Battles","204","81"
"2024","Lebanon","Explosions/Remote violence","13073","3946"
"2024","Lebanon","Protests","232","1"
"2024","Lebanon","Riots","66","0"
"2024","Lebanon","Strategic developments","943","4"
"2024","Lebanon","Violence against civilians","23","3"
"2024","Lesotho","Protests","5","0"
"2024","Lesotho","Riots","3","1"
"2024","Lesotho","Violence against civilians","6","2"
"2024","Liberia","Protests","26","0"
"2024","Liberia","Riots","15","5"
"2024","Liberia","Strategic developments","1","0"
"2024","Liberia","Violence against civilians","2","1"
"2024","Libya","Battles","102","77"
"2024","Libya","Explosions/Remote violence","22","11"
"2024","Libya","Protests","159","0"
"2024","Libya","Riots","27","0"
"2024","Libya","Strategic developments","160","6"
"2024","Libya","Violence against civilians","101","71"
"2024","Liechtenstein","Protests","1","0"
"2024","Lithuania","Protests","86","0"
"2024","Lithuania","Strategic developments","13","0"
"2024","Lithuania","Violence against civilians","2","1"
"2024","Luxembourg","Protests","33","0"
"2024","Madagascar","Battles","218","333"
"2024","Madagascar","Explosions/Remote violence","1","2"
"2024","Madagascar","Protests","56","0"
"2024","Madagascar","Riots","140","52"
"2024","Madagascar","Strategic developments","146","0"
"2024","Madagascar","Violence against civilians","163","78"
"2024","Malawi","Battles","1","0"
"2024","Malawi","Protests","56","0"
"2024","Malawi","Riots","86","50"
"2024","Malawi","Strategic developments","7","9"
"2024","Malawi","Violence against civilians","3","1"
"2024","Malaysia","Battles","1","3"
"2024","Malaysia","Protests","121","0"
"2024","Malaysia","Riots","2","0"
"2024","Malaysia","Strategic developments","125","0"
"2024","Malaysia","Violence against civilians","2","0"
"2024","Maldives","Protests","54","0"
"2024","Maldives","Riots","8","0"
"2024","Maldives","Strategic developments","12","0"
"2024","Maldives","Violence against civilians","2","1"
"2024","Mali","Battles","415","1797"
"2024","Mali","Explosions/Remote violence","408","681"
"2024","Mali","Protests","53","0"
"2024","Mali","Riots","10","5"
"2024","Mali","Strategic developments","445","0"
"2024","Mali","Violence against civilians","635","1489"
"2024","Malta","Protests","60","0"
"2024","Marshall Islands","Protests","1","0"
"2024","Martinique","Protests","54","0"
"2024","Martinique","Riots","77","1"
"2024","Martinique","Strategic developments","5","0"
"2024","Mauritania","Explosions/Remote violence","2","1"
"2024","Mauritania","Protests","264","0"
"2024","Mauritania","Riots","8","3"
"2024","Mauritania","Strategic developments","8","0"
"2024","Mauritania","Violence against civilians","5","3"
"2024","Mauritius","Protests","79","0"
"2024","Mauritius","Riots","24","1"
"2024","Mauritius","Strategic developments","9","0"
"2024","Mauritius","Violence against civilians","4","0"
"2024","Mayotte","Protests","76","0"
"2024","Mayotte","Riots","71","1"
"2024","Mayotte","Strategic developments","2","0"
"2024","Mayotte","Violence against civilians","1","0"
"2024","Mediterranean Sea","Battles","4","4"
"2024","Mediterranean Sea","Explosions/Remote violence","77","16"
"2024","Mediterranean Sea","Strategic developments","131","6"
"2024","Mexico","Battles","1390","1523"
"2024","Mexico","Explosions/Remote violence","85","22"
"2024","Mexico","Protests","5760","5"
"2024","Mexico","Riots","526","74"
"2024","Mexico","Strategic developments","1071","0"
"2024","Mexico","Violence against civilians","5769","6696"
"2024","Moldova","Explosions/Remote violence","2","0"
"2024","Moldova","Protests","175","0"
"2024","Moldova","Riots","5","0"
"2024","Moldova","Strategic developments","35","0"
"2024","Moldova","Violence against civilians","1","0"
"2024","Monaco","Protests","4","0"
"2024","Mongolia","Protests","69","0"
"2024","Mongolia","Strategic developments","2","0"
"2024","Montenegro","Protests","150","0"
"2024","Montenegro","Riots","2","0"
"2024","Montenegro","Strategic developments","2","0"
"2024","Montenegro","Violence against civilians","2","0"
"2024","Morocco","Explosions/Remote violence","23","39"
"2024","Morocco","Protests","3632","0"
"2024","Morocco","Riots","27","1"
"2024","Morocco","Strategic developments","25","0"
"2024","Morocco","Violence against civilians","2","1"
"2024","Mozambique","Battles","100","231"
"2024","Mozambique","Explosions/Remote violence","21","21"
"2024","Mozambique","Protests","261","46"
"2024","Mozambique","Riots","259","186"
"2024","Mozambique","Strategic developments","273","0"
"2024","Mozambique","Violence against civilians","169","153"
"2024","Myanmar","Battles","5207","14121"
"2024","Myanmar","Explosions/Remote violence","5939","4624"
"2024","Myanmar","Protests","1194","5"
"2024","Myanmar","Strategic developments","2832","10"
"2024","Myanmar","Violence against civilians","1810","1630"
"2024","Namibia","Explosions/Remote violence","1","1"
"2024","Namibia","Protests","46","0"
"2024","Namibia","Riots","1","0"
"2024","Namibia","Strategic developments","2","0"
"2024","Namibia","Violence against civilians","6","5"
"2024","Nepal","Explosions/Remote violence","3","2"
"2024","Nepal","Protests","1245","0"
"2024","Nepal","Riots","232","2"
"2024","Nepal","Strategic developments","40","0"
"2024","Nepal","Violence against civilians","28","1"
"2024","Netherlands","Protests","796","0"
"2024","Netherlands","Riots","34","0"
"2024","Netherlands","Strategic developments","29","0"
"2024","Netherlands","Violence against civilians","6","1"
"2024","New Caledonia","Battles","1","2"
"2024","New Caledonia","Protests","78","0"
"2024","New Caledonia","Riots","121","17"
"2024","New Caledonia","Strategic developments","29","0"
"2024","New Zealand","Protests","266","0"
"2024","Nicaragua","Battles","5","7"
"2024","Nicaragua","Protests","3","0"
"2024","Nicaragua","Riots","1","1"
"2024","Nicaragua","Strategic developments","80","0"
"2024","Nicaragua","Violence against civilians","9","8"
"2024","Niger","Battles","184","1013"
"2024","Niger","Explosions/Remote violence","76","404"
"2024","Niger","Protests","23","0"
"2024","Niger","Riots","10","3"
"2024","Niger","Strategic developments","307","2"
"2024","Niger","Violence against civilians","180","391"
"2024","Nigeria","Battles","1703","4553"
"2024","Nigeria","Explosions/Remote violence","236","1664"
"2024","Nigeria","Protests","860","19"
"2024","Nigeria","Riots","389","192"
"2024","Nigeria","Strategic developments","431","12"
"2024","Nigeria","Violence against civilians","2196","3422"
"2024","North Korea","Strategic developments","44","0"
"2024","North Korea","Violence against civilians","1","30"
"2024","North Macedonia","Protests","140","0"
"2024","North Macedonia","Strategic developments","20","0"
"2024","North Macedonia","Violence against civilians","7","0"
"2024","Northern Mariana Islands","Protests","1","0"
"2024","Norway","Protests","458","0"
"2024","Norway","Riots","3","0"
"2024","Norway","Strategic developments","20","0"
"2024","Norway","Violence against civilians","1","0"
"2024","Oman","Battles","1","4"
"2024","Oman","Strategic developments","1","0"
"2024","Oman","Violence against civilians","4","6"
"2024","Pacific Ocean","Strategic developments","98","0"
"2024","Pakistan","Battles","956","1961"
"2024","Pakistan","Explosions/Remote violence","536","408"
"2024","Pakistan","Protests","7068","5"
"2024","Pakistan","Riots","355","97"
"2024","Pakistan","Strategic developments","366","7"
"2024","Pakistan","Violence against civilians","901","586"
"2024","Palau","Strategic developments","1","0"
"2024","Palestine","Battles","2365","7226"
"2024","Palestine","Explosions/Remote violence","10923","22061"
"2024","Palestine","Protests","417","1"
"2024","Palestine","Riots","3968","59"
"2024","Palestine","Strategic developments","2212","6"
"2024","Palestine","Violence against civilians","1129","579"
"2024","Panama","Battles","7","4"
"2024","Panama","Protests","263","0"
"2024","Panama","Riots","11","0"
"2024","Panama","Strategic developments","8","0"
"2024","Panama","Violence against civilians","5","1"
"2024","Papua New Guinea","Battles","3","3"
"2024","Papua New Guinea","Protests","50","0"
"2024","Papua New Guinea","Riots","185","291"
"2024","Papua New Guinea","Strategic developments","79","8"
"2024","Papua New Guinea","Violence against civilians","13","31"
"2024","Paraguay","Battles","2","5"
"2024","Paraguay","Protests","810","0"
"2024","Paraguay","Riots","17","1"
"2024","Paraguay","Violence against civilians","2","0"
"2024","Peru","Battles","3","2"
"2024","Peru","Explosions/Remote violence","8","2"
"2024","Peru","Protests","1249","0"
"2024","Peru","Riots","306","10"
"2024","Peru","Strategic developments","20","0"
"2024","Peru","Violence against civilians","52","31"
"2024","Philippines","Battles","243","306"
"2024","Philippines","Explosions/Remote violence","29","0"
"2024","Philippines","Protests","337","0"
"2024","Philippines","Riots","11","2"
"2024","Philippines","Strategic developments","54","0"
"2024","Philippines","Violence against civilians","343","341"
"2024","Poland","Battles","1","0"
"2024","Poland","Explosions/Remote violence","1","0"
"2024","Poland","Protests","1511","0"
"2024","Poland","Riots","38","1"
"2024","Poland","Strategic developments","40","0"
"2024","Poland","Violence against civilians","7","0"
"2024","Portugal","Protests","504","0"
"2024","Portugal","Riots","30","0"
"2024","Portugal","Strategic developments","6","0"
"2024","Portugal","Violence against civilians","3","1"
"2024","Puerto Rico","Battles","57","57"
"2024","Puerto Rico","Protests","57","0"
"2024","Puerto Rico","Riots","1","0"
"2024","Puerto Rico","Strategic developments","58","0"
"2024","Puerto Rico","Violence against civilians","189","148"
"2024","Republic of Congo","Explosions/Remote violence","1","0"
"2024","Republic of Congo","Protests","2","0"
"2024","Republic of Congo","Riots","2","1"
"2024","Republic of Congo","Strategic developments","2","0"
"2024","Reunion","Protests","131","0"
"2024","Reunion","Riots","3","0"
"2024","Reunion","Strategic developments","1","0"
"2024","Romania","Protests","404","0"
"2024","Romania","Riots","3","0"
"2024","Romania","Strategic developments","27","1"
"2024","Romania","Violence against civilians","6","0"
"2024","Russia","Battles","1399","2892"
"2024","Russia","Explosions/Remote violence","11533","1654"
"2024","Russia","Protests","344","0"
"2024","Russia","Riots","15","14"
"2024","Russia","Strategic developments","2170","44"
"2024","Russia","Violence against civilians","274","278"
"2024","Rwanda","Battles","1","1"
"2024","Rwanda","Protests","2","0"
"2024","Rwanda","Riots","1","0"
"2024","Rwanda","Strategic developments","5","0"
"2024","Rwanda","Violence against civilians","12","10"
"2024","Saint Lucia","Battles","1","1"
"2024","Saint Lucia","Protests","6","0"
"2024","Saint Lucia","Riots","1","0"
"2024","Saint Pierre and Miquelon","Protests","1","0"
"2024","Saint Pierre and Miquelon","Strategic developments","1","0"
"2024","Saint Vincent and the Grenadines","Violence against civilians","1","0"
"2024","Saint-Barthelemy","Strategic developments","1","0"
"2024","Saint-Martin","Protests","2","0"
"2024","Samoa","Protests","1","0"
"2024","San Marino","Protests","3","0"
"2024","Sao Tome and Principe","Protests","6","0"
"2024","Sao Tome and Principe","Riots","1","0"
"2024","Sao Tome and Principe","Strategic developments","1","0"
"2024","Sao Tome and Principe","Violence against civilians","1","0"
"2024","Saudi Arabia","Strategic developments","3","7"
"2024","Saudi Arabia","Violence against civilians","2","5"
"2024","Senegal","Protests","96","0"
"2024","Senegal","Riots","71","13"
"2024","Senegal","Strategic developments","34","0"
"2024","Senegal","Violence against civilians","4","5"
"2024","Serbia","Battles","2","2"
"2024","Serbia","Protests","552","0"
"2024","Serbia","Riots","9","0"
"2024","Serbia","Strategic developments","17","0"
"2024","Serbia","Violence against civilians","17","1"
"2024","Seychelles","Protests","5","0"
"2024","Seychelles","Riots","1","2"
"2024","Sierra Leone","Protests","4","0"
"2024","Sierra Leone","Riots","5","2"
"2024","Sierra Leone","Strategic developments","3","0"
"2024","Sierra Leone","Violence against civilians","2","2"
"2024","Singapore","Protests","2","0"
"2024","Singapore","Strategic developments","4","0"
"2024","Sint Maarten","Riots","1","0"
"2024","Sint Maarten","Strategic developments","2","0"
"2024","Sint Maarten","Violence against civilians","1","1"
"2024","Slovakia","Protests","198","0"
"2024","Slovakia","Strategic developments","12","0"
"2024","Slovakia","Violence against civilians","3","1"
"2024","Slovenia","Protests","104","0"
"2024","Slovenia","Riots","7","0"
"2024","Slovenia","Strategic developments","14","0"
"2024","Slovenia","Violence against civilians","1","1"
"2024","Solomon Islands","Strategic developments","1","0"
"2024","Somalia","Battles","1780","3920"
"2024","Somalia","Explosions/Remote violence","665","1273"
"2024","Somalia","Protests","141","10"
"2024","Somalia","Riots","24","3"
"2024","Somalia","Strategic developments","463","16"
"2024","Somalia","Violence against civilians","350","326"
"2024","South Africa","Protests","1447","1"
"2024","South Africa","Riots","533","141"
"2024","South Africa","Strategic developments","51","0"
"2024","South Africa","Violence against civilians","147","138"
"2024","South Korea","Explosions/Remote violence","1","0"
"2024","South Korea","Protests","5768","0"
"2024","South Korea","Riots","18","0"
"2024","South Korea","Strategic developments","55","0"
"2024","South Korea","Violence against civilians","2","0"
"2024","South Sudan","Battles","510","1281"
"2024","South Sudan","Explosions/Remote violence","11","5"
"2024","South Sudan","Protests","42","0"
"2024","South Sudan","Riots","31","11"
"2024","South Sudan","Strategic developments","187","0"
"2024","South Sudan","Violence against civilians","683","990"
"2024","Spain","Protests","3849","0"
"2024","Spain","Riots","56","0"
"2024","Spain","Strategic developments","5","0"
"2024","Spain","Violence against civilians","3","1"
"2024","Sri Lanka","Explosions/Remote violence","3","0"
"2024","Sri Lanka","Protests","674","0"
"2024","Sri Lanka","Riots","37","1"
"2024","Sri Lanka","Strategic developments","79","1"
"2024","Sri Lanka","Violence against civilians","25","3"
"2024","Sudan","Battles","1944","10570"
"2024","Sudan","Explosions/Remote violence","2112","3758"
"2024","Sudan","Protests","72","1"
"2024","Sudan","Riots","9","6"
"2024","Sudan","Strategic developments","1641","12"
"2024","Sudan","Violence against civilians","1867","3957"
"2024","Suriname","Protests","28","0"
"2024","Suriname","Riots","4","0"
"2024","Suriname","Strategic developments","3","0"
"2024","Suriname","Violence against civilians","3","0"
"2024","Sweden","Protests","1163","0"
"2024","Sweden","Riots","2","0"
"2024","Sweden","Strategic developments","29","0"
"2024","Sweden","Violence against civilians","3","0"
"2024","Switzerland","Protests","177","0"
"2024","Switzerland","Riots","4","0"
"2024","Switzerland","Strategic developments","1","0"
"2024","Switzerland","Violence against civilians","1","0"
"2024","Syria","Battles","2939","3438"
"2024","Syria","Explosions/Remote violence","7232","2625"
"2024","Syria","Protests","1518","29"
"2024","Syria","Riots","95","14"
"2024","Syria","Strategic developments","1974","11"
"2024","Syria","Violence against civilians","2051","994"
"2024","Taiwan","Protests","920","0"
"2024","Taiwan","Riots","2","0"
"2024","Taiwan","Strategic developments","1","0"
"2024","Tajikistan","Protests","1","0"
"2024","Tajikistan","Strategic developments","7","0"
"2024","Tajikistan","Violence against civilians","1","0"
"2024","Tanzania","Battles","1","0"
"2024","Tanzania","Protests","36","0"
"2024","Tanzania","Riots","27","22"
"2024","Tanzania","Strategic developments","12","0"
"2024","Tanzania","Violence against civilians","55","18"
"2024","Thailand","Battles","37","27"
"2024","Thailand","Explosions/Remote violence","54","6"
"2024","Thailand","Protests","183","0"
"2024","Thailand","Riots","1","0"
"2024","Thailand","Strategic developments","198","0"
"2024","Thailand","Violence against civilians","20","16"
"2024","Togo","Battles","17","113"
"2024","Togo","Explosions/Remote violence","17","24"
"2024","Togo","Protests","17","0"
"2024","Togo","Riots","4","1"
"2024","Togo","Strategic developments","34","0"
"2024","Togo","Violence against civilians","24","73"
"2024","Tonga","Protests","1","0"
"2024","Tonga","Strategic developments","1","0"
"2024","Trinidad and Tobago","Battles","44","51"
"2024","Trinidad and Tobago","Protests","138","0"
"2024","Trinidad and Tobago","Riots","13","1"
"2024","Trinidad and Tobago","Strategic developments","24","0"
"2024","Trinidad and Tobago","Violence against civilians","344","273"
"2024","Tunisia","Battles","3","1"
"2024","Tunisia","Explosions/Remote violence","6","1"
"2024","Tunisia","Protests","515","0"
"2024","Tunisia","Riots","40","1"
"2024","Tunisia","Strategic developments","10","0"
"2024","Turkey","Battles","55","39"
"2024","Turkey","Explosions/Remote violence","61","6"
"2024","Turkey","Protests","5839","1"
"2024","Turkey","Riots","121","3"
"2024","Turkey","Strategic developments","1106","0"
"2024","Turkey","Violence against civilians","53","6"
"2024","Turkmenistan","Strategic developments","1","0"
"2024","Turkmenistan","Violence against civilians","1","0"
"2024","Tuvalu","Strategic developments","1","0"
"2024","Uganda","Battles","18","25"
"2024","Uganda","Explosions/Remote violence","3","3"
"2024","Uganda","Protests","129","3"
"2024","Uganda","Riots","189","127"
"2024","Uganda","Strategic developments","32","0"
"2024","Uganda","Violence against civilians","81","84"
"2024","Ukraine","Battles","17438","62029"
"2024","Ukraine","Explosions/Remote violence","35508","11440"
"2024","Ukraine","Protests","340","0"
"2024","Ukraine","Riots","5","0"
"2024","Ukraine","Strategic developments","2413","1"
"2024","Ukraine","Violence against civilians","101","170"
"2024","United Arab Emirates","Protests","1","0"
"2024","United Arab Emirates","Violence against civilians","1","1"
"2024","United Kingdom","Explosions/Remote violence","1","0"
"2024","United Kingdom","Protests","923","0"
"2024","United Kingdom","Riots","72","0"
"2024","United Kingdom","Strategic developments","43","0"
"2024","United Kingdom","Violence against civilians","7","0"
"2024","United States","Battles","2","2"
"2024","United States","Explosions/Remote violence","1","0"
"2024","United States","Protests","10388","0"
"2024","United States","Riots","156","0"
"2024","United States","Strategic developments","720","3"
"2024","United States","Violence against civilians","39","42"
"2024","Uruguay","Protests","45","0"
"2024","Uruguay","Riots","2","0"
"2024","Uruguay","Strategic developments","1","0"
"2024","Uzbekistan","Protests","91","0"
"2024","Uzbekistan","Riots","3","1"
"2024","Uzbekistan","Strategic developments","3","0"
"2024","Uzbekistan","Violence against civilians","15","2"
"2024","Vanuatu","Protests","1","0"
"2024","Vanuatu","Strategic developments","2","0"
"2024","Vatican City","Protests","2","0"
"2024","Venezuela","Battles","283","356"
"2024","Venezuela","Explosions/Remote violence","11","2"
"2024","Venezuela","Protests","1555","10"
"2024","Venezuela","Riots","104","25"
"2024","Venezuela","Strategic developments","70","0"
"2024","Venezuela","Violence against civilians","175","154"
"2024","Vietnam","Protests","4","0"
"2024","Vietnam","Violence against civilians","1","1"
"2024","Wallis and Futuna","Protests","2","0"
"2024","Wallis and Futuna","Strategic developments","1","0"
"2024","Yemen","Battles","2138","2410"
"2024","Yemen","Explosions/Remote violence","798","351"
"2024","Yemen","Protests","8292","6"
"2024","Yemen","Riots","49","1"
"2024","Yemen","Strategic developments","596","25"
"2024","Yemen","Violence against civilians","751","262"
"2024","Zambia","Protests","7","0"
"2024","Zambia","Riots","10","8"
"2024","Zambia","Strategic developments","8","0"
"2024","Zimbabwe","Battles","1","3"
"2024","Zimbabwe","Protests","25","0"
"2024","Zimbabwe","Riots","43","17"
"2024","Zimbabwe","Strategic developments","12","0"
"2024","Zimbabwe","Violence against civilians","13","1"
"2025","Afghanistan","Battles","239","401"
"2025","Afghanistan","Explosions/Remote violence","140","268"
"2025","Afghanistan","Protests","139","1"
"2025","Afghanistan","Riots","54","57"
"2025","Afghanistan","Strategic developments","361","68"
"2025","Afghanistan","Violence against civilians","380","209"
"2025","Akrotiri and Dhekelia","Protests","2","0"
"2025","Albania","Protests","67","0"
"2025","Albania","Riots","2","0"
"2025","Albania","Strategic developments","6","0"
"2025","Albania","Violence against civilians","3","0"
"2025","Algeria","Battles","11","22"
"2025","Algeria","Protests","103","0"
"2025","Algeria","Riots","6","0"
"2025","Algeria","Strategic developments","29","0"
"2025","Algeria","Violence against civilians","11","10"
"2025","American Samoa","Protests","1","0"
"2025","Andorra","Protests","3","0"
"2025","Angola","Battles","6","104"
"2025","Angola","Explosions/Remote violence","1","1"
"2025","Angola","Protests","29","0"
"2025","Angola","Riots","43","74"
"2025","Angola","Strategic developments","29","5"
"2025","Angola","Violence against civilians","18","22"
"2025","Antigua and Barbuda","Protests","21","0"
"2025","Antigua and Barbuda","Strategic developments","1","0"
"2025","Antigua and Barbuda","Violence against civilians","1","1"
"2025","Arctic Ocean","Strategic developments","9","0"
"2025","Argentina","Protests","1421","0"
"2025","Argentina","Riots","104","9"
"2025","Argentina","Strategic developments","4","0"
"2025","Argentina","Violence against civilians","2","1"
"2025","Armenia","Battles","129","0"
"2025","Armenia","Explosions/Remote violence","4","1"
"2025","Armenia","Protests","256","0"
"2025","Armenia","Strategic developments","11","0"
"2025","Armenia","Violence against civilians","2","1"
"2025","Aruba","Protests","5","0"
"2025","Aruba","Violence against civilians","1","1"
"2025","Atlantic Ocean","Explosions/Remote violence","55","240"
"2025","Atlantic Ocean","Protests","11","0"
"2025","Atlantic Ocean","Strategic developments","54","0"
"2025","Australia","Battles","1","16"
"2025","Australia","Protests","738","0"
"2025","Australia","Riots","9","0"
"2025","Australia","Strategic developments","6","0"
"2025","Austria","Protests","196","0"
"2025","Austria","Riots","1","0"
"2025","Austria","Strategic developments","5","0"
"2025","Austria","Violence against civilians","2","2"
"2025","Azerbaijan","Battles","3","0"
"2025","Azerbaijan","Explosions/Remote violence","24","6"
"2025","Azerbaijan","Protests","6","0"
"2025","Azerbaijan","Strategic developments","42","0"
"2025","Azerbaijan","Violence against civilians","1","0"
"2025","Bahamas","Protests","10","0"
"2025","Bahamas","Strategic developments","3","0"
"2025","Bahamas","Violence against civilians","1","0"
"2025","Bahrain","Protests","494","0"
"2025","Bahrain","Riots","221","0"
"2025","Bahrain","Strategic developments","6","0"
"2025","Bahrain","Violence against civilians","8","0"
"2025","Bailiwick of Guernsey","Protests","1","0"
"2025","Bailiwick of Jersey","Protests","5","0"
"2025","Bangladesh","Battles","17","25"
"2025","Bangladesh","Explosions/Remote violence","7","1"
"2025","Bangladesh","Protests","2515","0"
"2025","Bangladesh","Riots","1174","215"
"2025","Bangladesh","Strategic developments","108","0"
"2025","Bangladesh","Violence against civilians","217","123"
"2025","Barbados","Protests","4","0"
"2025","Belarus","Battles","1","0"
"2025","Belarus","Explosions/Remote violence","6","0"
"2025","Belarus","Protests","1","0"
"2025","Belarus","Strategic developments","70","1"
"2025","Belarus","Violence against civilians","8","2"
"2025","Belgium","Protests","1098","0"
"2025","Belgium","Riots","27","0"
"2025","Belgium","Strategic developments","33","0"
"2025","Belgium","Violence against civilians","1","0"
"2025","Belize","Battles","24","15"
"2025","Belize","Protests","28","0"
"2025","Belize","Riots","1","0"
"2025","Belize","Strategic developments","6","0"
"2025","Belize","Violence against civilians","41","22"
"2025","Benin","Battles","52","299"
"2025","Benin","Explosions/Remote violence","5","4"
"2025","Benin","Protests","22","0"
"2025","Benin","Riots","26","19"
"2025","Benin","Strategic developments","75","0"
"2025","Benin","Violence against civilians","94","98"
"2025","Bermuda","Protests","2","0"
"2025","Bhutan","Violence against civilians","1","1"
"2025","Bolivia","Battles","2","0"
"2025","Bolivia","Explosions/Remote violence","6","5"
"2025","Bolivia","Protests","1113","3"
"2025","Bolivia","Riots","203","23"
"2025","Bolivia","Strategic developments","17","0"
"2025","Bolivia","Violence against civilians","13","7"
"2025","Bosnia and Herzegovina","Explosions/Remote violence","1","0"
"2025","Bosnia and Herzegovina","Protests","224","0"
"2025","Bosnia and Herzegovina","Riots","4","0"
"2025","Bosnia and Herzegovina","Strategic developments","29","0"
"2025","Bosnia and Herzegovina","Violence against civilians","13","0"
"2025","Botswana","Protests","5","0"
"2025","Botswana","Riots","5","1"
"2025","Botswana","Violence against civilians","1","3"
"2025","Brazil","Battles","4159","3683"
"2025","Brazil","Explosions/Remote violence","19","2"
"2025","Brazil","Protests","1507","0"
"2025","Brazil","Riots","527","56"
"2025","Brazil","Strategic developments","1709","3"
"2025","Brazil","Violence against civilians","4684","4194"
"2025","British Indian Ocean Territory","Strategic developments","1","0"
"2025","British Virgin Islands","Protests","1","0"
"2025","Bulgaria","Protests","923","0"
"2025","Bulgaria","Riots","5","0"
"2025","Bulgaria","Strategic developments","10","0"
"2025","Bulgaria","Violence against civilians","2","1"
"2025","Burkina Faso","Battles","865","3849"
"2025","Burkina Faso","Explosions/Remote violence","333","513"
"2025","Burkina Faso","Protests","170","0"
"2025","Burkina Faso","Riots","9","11"
"2025","Burkina Faso","Strategic developments","276","4"
"2025","Burkina Faso","Violence against civilians","159","847"
"2025","Burundi","Battles","11","116"
"2025","Burundi","Explosions/Remote violence","7","5"
"2025","Burundi","Protests","5","0"
"2025","Burundi","Riots","16","8"
"2025","Burundi","Strategic developments","87","1"
"2025","Burundi","Violence against civilians","226","95"
"2025","Cambodia","Battles","2","0"
"2025","Cambodia","Explosions/Remote violence","14","0"
"2025","Cambodia","Protests","36","0"
"2025","Cambodia","Strategic developments","5","0"
"2025","Cambodia","Violence against civilians","1","0"
"2025","Cameroon","Battles","902","1112"
"2025","Cameroon","Explosions/Remote violence","58","64"
"2025","Cameroon","Protests","98","15"
"2025","Cameroon","Riots","224","94"
"2025","Cameroon","Strategic developments","1636","5"
"2025","Cameroon","Violence against civilians","2434","621"
"2025","Canada","Explosions/Remote violence","1","0"
"2025","Canada","Protests","1385","0"
"2025","Canada","Riots","19","0"
"2025","Canada","Strategic developments","78","0"
"2025","Cape Verde","Protests","39","0"
"2025","Caribbean Netherlands","Protests","3","0"
"2025","Cayman Islands","Protests","2","0"
"2025","Central African Republic","Battles","198","558"
"2025","Central African Republic","Explosions/Remote violence","7","9"
"2025","Central African Republic","Protests","50","0"
"2025","Central African Republic","Riots","23","24"
"2025","Central African Republic","Strategic developments","350","0"
"2025","Central African Republic","Violence against civilians","448","683"
"2025","Chad","Battles","16","77"
"2025","Chad","Explosions/Remote violence","4","7"
"2025","Chad","Protests","23","4"
"2025","Chad","Riots","43","107"
"2025","Chad","Strategic developments","61","0"
"2025","Chad","Violence against civilians","104","163"
"2025","Chile","Battles","10","1"
"2025","Chile","Explosions/Remote violence","1","0"
"2025","Chile","Protests","993","0"
"2025","Chile","Riots","256","3"
"2025","Chile","Strategic developments","84","0"
"2025","Chile","Violence against civilians","51","11"
"2025","China","Protests","1280","0"
"2025","China","Riots","86","0"
"2025","China","Strategic developments","52","0"
"2025","China","Violence against civilians","164","2"
"2025","Colombia","Battles","964","788"
"2025","Colombia","Explosions/Remote violence","366","124"
"2025","Colombia","Protests","1678","0"
"2025","Colombia","Riots","284","31"
"2025","Colombia","Strategic developments","892","11"
"2025","Colombia","Violence against civilians","1360","1327"
"2025","Comoros","Protests","22","0"
"2025","Comoros","Riots","12","3"
"2025","Comoros","Strategic developments","7","0"
"2025","Cook Islands","Protests","3","0"
"2025","Costa Rica","Battles","2","0"
"2025","Costa Rica","Protests","119","0"
"2025","Costa Rica","Riots","4","0"
"2025","Costa Rica","Strategic developments","5","0"
"2025","Costa Rica","Violence against civilians","12","5"
"2025","Croatia","Explosions/Remote violence","2","0"
"2025","Croatia","Protests","180","0"
"2025","Croatia","Riots","8","0"
"2025","Croatia","Strategic developments","11","0"
"2025","Croatia","Violence against civilians","5","0"
"2025","Cuba","Battles","1","0"
"2025","Cuba","Protests","73","0"
"2025","Cuba","Riots","16","0"
"2025","Cuba","Strategic developments","43","0"
"2025","Cuba","Violence against civilians","34","5"
"2025","Curacao","Protests","3","0"
"2025","Cyprus","Explosions/Remote violence","4","0"
"2025","Cyprus","Protests","237","0"
"2025","Cyprus","Riots","18","0"
"2025","Cyprus","Strategic developments","63","7"
"2025","Cyprus","Violence against civilians","16","1"
"2025","Czech Republic","Protests","214","0"
"2025","Czech Republic","Riots","2","0"
"2025","Czech Republic","Strategic developments","22","0"
"2025","Czech Republic","Violence against civilians","3","1"
"2025","Democratic Republic of Congo","Battles","1889","3163"
"2025","Democratic Republic of Congo","Explosions/Remote violence","198","275"
"2025","Democratic Republic of Congo","Protests","216","9"
"2025","Democratic Republic of Congo","Riots","270","273"
"2025","Democratic Republic of Congo","Strategic developments","1033","0"
"2025","Democratic Republic of Congo","Violence against civilians","1095","3478"
"2025","Denmark","Protests","262","0"
"2025","Denmark","Riots","1","0"
"2025","Denmark","Strategic developments","25","0"
"2025","Djibouti","Strategic developments","1","0"
"2025","Dominica","Protests","2","0"
"2025","Dominica","Riots","2","0"
"2025","Dominica","Strategic developments","5","0"
"2025","Dominican Republic","Battles","2","6"
"2025","Dominican Republic","Protests","70","0"
"2025","Dominican Republic","Riots","19","5"
"2025","Dominican Republic","Strategic developments","128","0"
"2025","Dominican Republic","Violence against civilians","15","13"
"2025","East Timor","Protests","9","0"
"2025","East Timor","Riots","2","0"
"2025","Ecuador","Battles","592","891"
"2025","Ecuador","Explosions/Remote violence","135","7"
"2025","Ecuador","Protests","345","1"
"2025","Ecuador","Riots","125","15"
"2025","Ecuador","Strategic developments","350","0"
"2025","Ecuador","Violence against civilians","2508","3148"
"2025","Egypt","Battles","7","15"
"2025","Egypt","Explosions/Remote violence","2","5"
"2025","Egypt","Protests","222","0"
"2025","Egypt","Riots","16","0"
"2025","Egypt","Strategic developments","24","1"
"2025","Egypt","Violence against civilians","29","33"
"2025","El Salvador","Battles","6","1"
"2025","El Salvador","Protests","109","0"
"2025","El Salvador","Riots","4","1"
"2025","El Salvador","Strategic developments","33","0"
"2025","El Salvador","Violence against civilians","11","8"
"2025","Equatorial Guinea","Strategic developments","1","0"
"2025","Eritrea","Protests","1","0"
"2025","Eritrea","Strategic developments","12","0"
"2025","Eritrea","Violence against civilians","1","1"
"2025","Estonia","Explosions/Remote violence","1","0"
"2025","Estonia","Protests","24","0"
"2025","Estonia","Strategic developments","14","0"
"2025","eSwatini","Protests","39","0"
"2025","eSwatini","Riots","6","2"
"2025","eSwatini","Strategic developments","3","0"
"2025","eSwatini","Violence against civilians","2","0"
"2025","Ethiopia","Battles","1626","4796"
"2025","Ethiopia","Explosions/Remote violence","81","375"
"2025","Ethiopia","Protests","244","2"
"2025","Ethiopia","Riots","20","21"
"2025","Ethiopia","Strategic developments","376","5"
"2025","Ethiopia","Violence against civilians","536","1117"
"2025","Falkland Islands","Protests","1","0"
"2025","Faroe Islands","Protests","1","0"
"2025","Fiji","Protests","7","0"
"2025","Finland","Protests","237","0"
"2025","Finland","Strategic developments","9","0"
"2025","France","Protests","6497","0"
"2025","France","Riots","179","0"
"2025","France","Strategic developments","126","0"
"2025","France","Violence against civilians","17","10"
"2025","French Guiana","Protests","40","0"
"2025","French Polynesia","Protests","32","0"
"2025","Gabon","Protests","43","0"
"2025","Gabon","Riots","8","0"
"2025","Gabon","Strategic developments","8","0"
"2025","Gabon","Violence against civilians","2","1"
"2025","Gambia","Protests","11","0"
"2025","Gambia","Riots","4","0"
"2025","Gambia","Violence against civilians","3","0"
"2025","Georgia","Protests","604","0"
"2025","Georgia","Riots","10","0"
"2025","Georgia","Strategic developments","16","0"
"2025","Georgia","Violence against civilians","18","0"
"2025","Germany","Protests","2743","2"
"2025","Germany","Riots","138","0"
"2025","Germany","Strategic developments","162","0"
"2025","Germany","Violence against civilians","19","5"
"2025","Ghana","Battles","77","126"
"2025","Ghana","Explosions/Remote violence","1","0"
"2025","Ghana","Protests","139","1"
"2025","Ghana","Riots","195","51"
"2025","Ghana","Strategic developments","126","0"
"2025","Ghana","Violence against civilians","173","199"
"2025","Gibraltar","Protests","1","0"
"2025","Greece","Battles","2","0"
"2025","Greece","Explosions/Remote violence","15","0"
"2025","Greece","Protests","1766","0"
"2025","Greece","Riots","108","1"
"2025","Greece","Strategic developments","122","52"
"2025","Greece","Violence against civilians","27","5"
"2025","Greenland","Protests","10","0"
"2025","Greenland","Strategic developments","1","0"
"2025","Grenada","Protests","4","0"
"2025","Guadeloupe","Protests","49","0"
"2025","Guam","Protests","8","0"
"2025","Guatemala","Battles","170","185"
"2025","Guatemala","Explosions/Remote violence","4","0"
"2025","Guatemala","Protests","317","0"
"2025","Guatemala","Riots","62","16"
"2025","Guatemala","Strategic developments","72","0"
"2025","Guatemala","Violence against civilians","592","595"
"2025","Guinea","Battles","7","7"
"2025","Guinea","Protests","146","2"
"2025","Guinea","Riots","91","21"
"2025","Guinea","Strategic developments","15","0"
"2025","Guinea","Violence against civilians","16","6"
"2025","Guinea-Bissau","Protests","7","0"
"2025","Guinea-Bissau","Riots","2","0"
"2025","Guinea-Bissau","Strategic developments","10","0"
"2025","Guinea-Bissau","Violence against civilians","4","1"
"2025","Guyana","Battles","4","3"
"2025","Guyana","Explosions/Remote violence","2","1"
"2025","Guyana","Protests","44","0"
"2025","Guyana","Riots","12","4"
"2025","Guyana","Strategic developments","4","0"
"2025","Guyana","Violence against civilians","3","2"
"2025","Haiti","Battles","778","2356"
"2025","Haiti","Explosions/Remote violence","99","548"
"2025","Haiti","Protests","206","6"
"2025","Haiti","Riots","164","154"
"2025","Haiti","Strategic developments","492","2"
"2025","Haiti","Violence against civilians","748","1588"
"2025","Honduras","Battles","69","81"
"2025","Honduras","Explosions/Remote violence","1","0"
"2025","Honduras","Protests","463","0"
"2025","Honduras","Riots","57","0"
"2025","Honduras","Strategic developments","100","0"
"2025","Honduras","Violence against civilians","421","477"
"2025","Hungary","Protests","208","0"
"2025","Hungary","Riots","1","0"
"2025","Hungary","Strategic developments","27","0"
"2025","Hungary","Violence against civilians","7","1"
"2025","Iceland","Protests","67","0"
"2025","India","Battles","528","541"
"2025","India","Explosions/Remote violence","126","78"
"2025","India","Protests","19858","1"
"2025","India","Riots","2376","247"
"2025","India","Strategic developments","2084","7"
"2025","India","Violence against civilians","629","294"
"2025","Indian Ocean","Battles","18","12"
"2025","Indian Ocean","Explosions/Remote violence","267","3"
"2025","Indian Ocean","Protests","15","0"
"2025","Indian Ocean","Strategic developments","237","0"
"2025","Indian Ocean","Violence against civilians","15","0"
"2025","Indonesia","Battles","127","107"
"2025","Indonesia","Explosions/Remote violence","34","7"
"2025","Indonesia","Protests","4079","2"
"2025","Indonesia","Riots","505","44"
"2025","Indonesia","Strategic developments","114","0"
"2025","Indonesia","Violence against civilians","193","99"
"2025","Iran","Battles","69","115"
"2025","Iran","Explosions/Remote violence","453","1081"
"2025","Iran","Protests","3656","17"
"2025","Iran","Riots","43","14"
"2025","Iran","Strategic developments","225","14"
"2025","Iran","Violence against civilians","80","77"
"2025","Iraq","Battles","478","246"
"2025","Iraq","Explosions/Remote violence","1797","167"
"2025","Iraq","Protests","1308","3"
"2025","Iraq","Riots","81","1"
"2025","Iraq","Strategic developments","1448","25"
"2025","Iraq","Violence against civilians","265","155"
"2025","Ireland","Protests","202","0"
"2025","Ireland","Riots","2","0"
"2025","Ireland","Strategic developments","3","0"
"2025","Ireland","Violence against civilians","2","0"
"2025","Isle of Man","Protests","2","0"
"2025","Israel","Battles","5","2"
"2025","Israel","Explosions/Remote violence","126","32"
"2025","Israel","Protests","1544","0"
"2025","Israel","Riots","164","0"
"2025","Israel","Strategic developments","273","0"
"2025","Israel","Violence against civilians","15","16"
"2025","Italy","Explosions/Remote violence","2","0"
"2025","Italy","Protests","3085","0"
"2025","Italy","Riots","114","0"
"2025","Italy","Strategic developments","89","0"
"2025","Italy","Violence against civilians","5","0"
"2025","Ivory Coast","Battles","10","13"
"2025","Ivory Coast","Explosions/Remote violence","1","0"
"2025","Ivory Coast","Protests","85","0"
"2025","Ivory Coast","Riots","93","17"
"2025","Ivory Coast","Strategic developments","54","0"
"2025","Ivory Coast","Violence against civilians","12","8"
"2025","Jamaica","Battles","142","173"
"2025","Jamaica","Protests","55","0"
"2025","Jamaica","Riots","16","3"
"2025","Jamaica","Strategic developments","104","0"
"2025","Jamaica","Violence against civilians","130","118"
"2025","Japan","Protests","1974","0"
"2025","Japan","Riots","7","0"
"2025","Japan","Strategic developments","2","0"
"2025","Jordan","Battles","3","7"
"2025","Jordan","Explosions/Remote violence","3","0"
"2025","Jordan","Protests","70","0"
"2025","Jordan","Riots","2","0"
"2025","Jordan","Strategic developments","13","0"
"2025","Jordan","Violence against civilians","1","2"
"2025","Kazakhstan","Explosions/Remote violence","1","0"
"2025","Kazakhstan","Protests","438","0"
"2025","Kazakhstan","Riots","6","0"
"2025","Kazakhstan","Strategic developments","20","3"
"2025","Kazakhstan","Violence against civilians","67","5"
"2025","Kenya","Battles","156","200"
"2025","Kenya","Explosions/Remote violence","26","60"
"2025","Kenya","Protests","1395","10"
"2025","Kenya","Riots","1222","493"
"2025","Kenya","Strategic developments","317","2"
"2025","Kenya","Violence against civilians","311","211"
"2025","Kosovo","Explosions/Remote violence","1","0"
"2025","Kosovo","Protests","81","0"
"2025","Kosovo","Riots","2","0"
"2025","Kosovo","Strategic developments","46","0"
"2025","Kosovo","Violence against civilians","9","1"
"2025","Kyrgyzstan","Explosions/Remote violence","1","0"
"2025","Kyrgyzstan","Protests","101","0"
"2025","Kyrgyzstan","Riots","8","0"
"2025","Kyrgyzstan","Strategic developments","7","0"
"2025","Kyrgyzstan","Violence against civilians","40","5"
"2025","Laos","Battles","1","5"
"2025","Laos","Explosions/Remote violence","1","0"
"2025","Laos","Protests","1","0"
"2025","Latvia","Protests","34","0"
"2025","Latvia","Strategic developments","5","0"
"2025","Latvia","Violence against civilians","3","3"
"2025","Lebanon","Battles","132","46"
"2025","Lebanon","Explosions/Remote violence","1763","329"
"2025","Lebanon","Protests","354","0"
"2025","Lebanon","Riots","77","0"
"2025","Lebanon","Strategic developments","1259","0"
"2025","Lebanon","Violence against civilians","120","36"
"2025","Lesotho","Protests","5","0"
"2025","Lesotho","Violence against civilians","1","0"
"2025","Liberia","Battles","1","0"
"2025","Liberia","Protests","66","0"
"2025","Liberia","Riots","24","12"
"2025","Liberia","Strategic developments","1","0"
"2025","Liberia","Violence against civilians","8","10"
"2025","Libya","Battles","157","189"
"2025","Libya","Explosions/Remote violence","46","11"
"2025","Libya","Protests","201","0"
"2025","Libya","Riots","82","6"
"2025","Libya","Strategic developments","369","5"
"2025","Libya","Violence against civilians","134","73"
"2025","Lithuania","Protests","107","0"
"2025","Lithuania","Strategic developments","10","0"
"2025","Lithuania","Violence against civilians","1","0"
"2025","Luxembourg","Protests","59","0"
"2025","Madagascar","Battles","137","205"
"2025","Madagascar","Protests","208","3"
"2025","Madagascar","Riots","229","57"
"2025","Madagascar","Strategic developments","108","0"
"2025","Madagascar","Violence against civilians","65","24"
"2025","Malawi","Protests","37","0"
"2025","Malawi","Riots","89","41"
"2025","Malawi","Strategic developments","4","0"
"2025","Malawi","Violence against civilians","4","0"
"2025","Malaysia","Protests","197","0"
"2025","Malaysia","Riots","6","2"
"2025","Malaysia","Strategic developments","168","0"
"2025","Malaysia","Violence against civilians","7","4"
"2025","Maldives","Protests","79","0"
"2025","Maldives","Riots","2","0"
"2025","Maldives","Strategic developments","3","0"
"2025","Mali","Battles","452","1902"
"2025","Mali","Explosions/Remote violence","615","997"
"2025","Mali","Protests","45","0"
"2025","Mali","Riots","11","16"
"2025","Mali","Strategic developments","650","3"
"2025","Mali","Violence against civilians","514","1012"
"2025","Malta","Protests","50","0"
"2025","Martinique","Battles","1","0"
"2025","Martinique","Protests","39","0"
"2025","Martinique","Riots","5","0"
"2025","Martinique","Strategic developments","2","0"
"2025","Mauritania","Battles","2","0"
"2025","Mauritania","Protests","313","0"
"2025","Mauritania","Riots","9","0"
"2025","Mauritania","Strategic developments","16","0"
"2025","Mauritania","Violence against civilians","6","0"
"2025","Mauritius","Protests","103","0"
"2025","Mauritius","Riots","13","1"
"2025","Mauritius","Strategic developments","4","0"
"2025","Mauritius","Violence against civilians","5","0"
"2025","Mayotte","Protests","117","0"
"2025","Mayotte","Riots","27","0"
"2025","Mayotte","Violence against civilians","1","0"
"2025","Mediterranean Sea","Explosions/Remote violence","43","0"
"2025","Mediterranean Sea","Protests","6","0"
"2025","Mediterranean Sea","Strategic developments","349","0"
"2025","Mediterranean Sea","Violence against civilians","20","10"
"2025","Mexico","Battles","1603","1474"
"2025","Mexico","Explosions/Remote violence","85","40"
"2025","Mexico","Protests","6800","1"
"2025","Mexico","Riots","583","61"
"2025","Mexico","Strategic developments","1957","0"
"2025","Mexico","Violence against civilians","5977","6496"
"2025","Moldova","Explosions/Remote violence","1","0"
"2025","Moldova","Protests","170","0"
"2025","Moldova","Riots","6","0"
"2025","Moldova","Strategic developments","67","0"
"2025","Moldova","Violence against civilians","3","0"
"2025","Monaco","Protests","1","0"
"2025","Mongolia","Protests","88","0"
"2025","Mongolia","Strategic developments","2","0"
"2025","Montenegro","Protests","195","0"
"2025","Montenegro","Riots","6","0"
"2025","Montenegro","Strategic developments","12","0"
"2025","Montenegro","Violence against civilians","2","0"
"2025","Morocco","Battles","1","0"
"2025","Morocco","Explosions/Remote violence","19","48"
"2025","Morocco","Protests","2687","0"
"2025","Morocco","Riots","80","5"
"2025","Morocco","Strategic developments","53","0"
"2025","Morocco","Violence against civilians","11","1"
"2025","Mozambique","Battles","110","294"
"2025","Mozambique","Explosions/Remote violence","17","7"
"2025","Mozambique","Protests","125","4"
"2025","Mozambique","Riots","140","68"
"2025","Mozambique","Strategic developments","230","1"
"2025","Mozambique","Violence against civilians","222","320"
"2025","Myanmar","Battles","4157","10788"
"2025","Myanmar","Explosions/Remote violence","5000","3864"
"2025","Myanmar","Protests","699","6"
"2025","Myanmar","Riots","3","6"
"2025","Myanmar","Strategic developments","3035","15"
"2025","Myanmar","Violence against civilians","1824","929"
"2025","Namibia","Protests","64","0"
"2025","Namibia","Riots","2","0"
"2025","Namibia","Strategic developments","1","0"
"2025","Namibia","Violence against civilians","1","1"
"2025","Nepal","Explosions/Remote violence","2","0"
"2025","Nepal","Protests","1810","0"
"2025","Nepal","Riots","396","80"
"2025","Nepal","Strategic developments","51","0"
"2025","Nepal","Violence against civilians","24","1"
"2025","Netherlands","Protests","921","0"
"2025","Netherlands","Riots","42","0"
"2025","Netherlands","Strategic developments","22","0"
"2025","Netherlands","Violence against civilians","2","1"
"2025","New Caledonia","Protests","30","0"
"2025","New Caledonia","Riots","3","0"
"2025","New Caledonia","Strategic developments","1","0"
"2025","New Zealand","Protests","143","0"
"2025","Nicaragua","Battles","2","2"
"2025","Nicaragua","Protests","4","0"
"2025","Nicaragua","Strategic developments","66","0"
"2025","Nicaragua","Violence against civilians","8","6"
"2025","Niger","Battles","207","941"
"2025","Niger","Explosions/Remote violence","82","201"
"2025","Niger","Protests","22","1"
"2025","Niger","Riots","19","30"
"2025","Niger","Strategic developments","343","3"
"2025","Niger","Violence against civilians","239","762"
"2025","Nigeria","Battles","1929","6821"
"2025","Nigeria","Explosions/Remote violence","188","1131"
"2025","Nigeria","Protests","681","12"
"2025","Nigeria","Riots","302","257"
"2025","Nigeria","Strategic developments","398","0"
"2025","Nigeria","Violence against civilians","3072","4637"
"2025","North Korea","Strategic developments","76","0"
"2025","North Korea","Violence against civilians","1","1"
"2025","North Macedonia","Protests","142","0"
"2025","North Macedonia","Riots","1","0"
"2025","North Macedonia","Strategic developments","21","1"
"2025","North Macedonia","Violence against civilians","4","0"
"2025","Northern Mariana Islands","Protests","2","0"
"2025","Norway","Explosions/Remote violence","1","0"
"2025","Norway","Protests","470","0"
"2025","Norway","Strategic developments","18","0"
"2025","Norway","Violence against civilians","1","1"
"2025","Oman","Strategic developments","2","0"
"2025","Pacific Ocean","Explosions/Remote violence","68","296"
"2025","Pacific Ocean","Protests","3","0"
"2025","Pacific Ocean","Riots","5","0"
"2025","Pacific Ocean","Strategic developments","101","0"
"2025","Pakistan","Battles","1380","3565"
"2025","Pakistan","Explosions/Remote violence","819","947"
"2025","Pakistan","Protests","7121","3"
"2025","Pakistan","Riots","200","65"
"2025","Pakistan","Strategic developments","575","46"
"2025","Pakistan","Violence against civilians","1377","749"
"2025","Palau","Protests","1","0"
"2025","Palau","Strategic developments","1","0"
"2025","Palestine","Battles","526","566"
"2025","Palestine","Explosions/Remote violence","7393","13898"
"2025","Palestine","Protests","277","0"
"2025","Palestine","Riots","4600","59"
"2025","Palestine","Strategic developments","3312","2"
"2025","Palestine","Violence against civilians","2312","2164"
"2025","Panama","Protests","328","0"
"2025","Panama","Riots","79","1"
"2025","Panama","Strategic developments","15","0"
"2025","Panama","Violence against civilians","3","0"
"2025","Papua New Guinea","Protests","45","0"
"2025","Papua New Guinea","Riots","176","138"
"2025","Papua New Guinea","Strategic developments","66","11"
"2025","Papua New Guinea","Violence against civilians","10","6"
"2025","Paraguay","Protests","839","0"
"2025","Paraguay","Riots","12","0"
"2025","Paraguay","Violence against civilians","2","0"
"2025","Peru","Battles","3","1"
"2025","Peru","Explosions/Remote violence","17","0"
"2025","Peru","Protests","1254","0"
"2025","Peru","Riots","314","9"
"2025","Peru","Strategic developments","44","0"
"2025","Peru","Violence against civilians","61","37"
"2025","Philippines","Battles","191","240"
"2025","Philippines","Explosions/Remote violence","19","3"
"2025","Philippines","Protests","606","0"
"2025","Philippines","Riots","22","6"
"2025","Philippines","Strategic developments","63","0"
"2025","Philippines","Violence against civilians","301","285"
"2025","Poland","Explosions/Remote violence","17","0"
"2025","Poland","Protests","783","0"
"2025","Poland","Riots","60","0"
"2025","Poland","Strategic developments","97","0"
"2025","Poland","Violence against civilians","2","0"
"2025","Portugal","Protests","356","0"
"2025","Portugal","Riots","4","0"
"2025","Portugal","Strategic developments","3","0"
"2025","Portugal","Violence against civilians","3","0"
"2025","Puerto Rico","Battles","47","51"
"2025","Puerto Rico","Protests","51","0"
"2025","Puerto Rico","Riots","1","0"
"2025","Puerto Rico","Strategic developments","19","0"
"2025","Puerto Rico","Violence against civilians","153","118"
"2025","Qatar","Explosions/Remote violence","2","6"
"2025","Qatar","Strategic developments","5","0"
"2025","Republic of Congo","Protests","5","0"
"2025","Republic of Congo","Riots","6","17"
"2025","Republic of Congo","Strategic developments","4","0"
"2025","Reunion","Protests","110","0"
"2025","Reunion","Riots","4","0"
"2025","Reunion","Strategic developments","3","0"
"2025","Romania","Protests","441","0"
"2025","Romania","Riots","12","0"
"2025","Romania","Strategic developments","60","0"
"2025","Romania","Violence against civilians","6","0"
"2025","Russia","Battles","1343","1061"
"2025","Russia","Explosions/Remote violence","14967","704"
"2025","Russia","Protests","413","0"
"2025","Russia","Riots","7","0"
"2025","Russia","Strategic developments","3601","10"
"2025","Russia","Violence against civilians","311","46"
"2025","Rwanda","Battles","1","0"
"2025","Rwanda","Explosions/Remote violence","2","13"
"2025","Rwanda","Protests","3","0"
"2025","Rwanda","Riots","1","1"
"2025","Rwanda","Strategic developments","12","0"
"2025","Rwanda","Violence against civilians","4","5"
"2025","Saint Kitts and Nevis","Protests","1","0"
"2025","Saint Lucia","Protests","7","0"
"2025","Saint Lucia","Strategic developments","1","0"
"2025","Saint Vincent and the Grenadines","Strategic developments","1","0"
"2025","Saint-Martin","Protests","2","0"
"2025","Samoa","Strategic developments","1","0"
"2025","San Marino","Protests","3","0"
"2025","Sao Tome and Principe","Protests","5","0"
"2025","Saudi Arabia","Explosions/Remote violence","4","0"
"2025","Saudi Arabia","Strategic developments","14","0"
"2025","Saudi Arabia","Violence against civilians","1","1"
"2025","Senegal","Battles","2","1"
"2025","Senegal","Explosions/Remote violence","1","0"
"2025","Senegal","Protests","110","0"
"2025","Senegal","Riots","52","4"
"2025","Senegal","Strategic developments","15","1"
"2025","Senegal","Violence against civilians","3","1"
"2025","Serbia","Battles","2","0"
"2025","Serbia","Explosions/Remote violence","1","0"
"2025","Serbia","Protests","2854","0"
"2025","Serbia","Riots","71","0"
"2025","Serbia","Strategic developments","81","1"
"2025","Serbia","Violence against civilians","62","2"
"2025","Seychelles","Protests","1","0"
"2025","Seychelles","Strategic developments","2","0"
"2025","Sierra Leone","Battles","1","0"
"2025","Sierra Leone","Protests","3","0"
"2025","Sierra Leone","Riots","8","2"
"2025","Sierra Leone","Strategic developments","10","0"
"2025","Sierra Leone","Violence against civilians","3","4"
"2025","Singapore","Protests","1","0"
"2025","Singapore","Strategic developments","2","0"
"2025","Slovakia","Protests","367","0"
"2025","Slovakia","Riots","2","0"
"2025","Slovakia","Strategic developments","18","0"
"2025","Slovakia","Violence against civilians","3","0"
"2025","Slovenia","Protests","86","0"
"2025","Slovenia","Riots","3","0"
"2025","Slovenia","Strategic developments","6","0"
"2025","Slovenia","Violence against civilians","3","0"
"2025","Somalia","Battles","2788","6687"
"2025","Somalia","Explosions/Remote violence","945","2631"
"2025","Somalia","Protests","363","9"
"2025","Somalia","Riots","83","35"
"2025","Somalia","Strategic developments","1277","38"
"2025","Somalia","Violence against civilians","651","415"
"2025","South Africa","Battles","1","0"
"2025","South Africa","Protests","1294","0"
"2025","South Africa","Riots","391","108"
"2025","South Africa","Strategic developments","28","0"
"2025","South Africa","Violence against civilians","65","52"
"2025","South Korea","Explosions/Remote violence","1","0"
"2025","South Korea","Protests","5960","0"
"2025","South Korea","Riots","26","0"
"2025","South Korea","Strategic developments","14","0"
"2025","South Sudan","Battles","732","2120"
"2025","South Sudan","Explosions/Remote violence","179","137"
"2025","South Sudan","Protests","41","9"
"2025","South Sudan","Riots","22","26"
"2025","South Sudan","Strategic developments","295","0"
"2025","South Sudan","Violence against civilians","799","971"
"2025","Spain","Protests","4088","0"
"2025","Spain","Riots","72","0"
"2025","Spain","Strategic developments","12","0"
"2025","Spain","Violence against civilians","8","2"
"2025","Sri Lanka","Battles","1","1"
"2025","Sri Lanka","Explosions/Remote violence","1","0"
"2025","Sri Lanka","Protests","651","0"
"2025","Sri Lanka","Riots","35","1"
"2025","Sri Lanka","Strategic developments","107","0"
"2025","Sri Lanka","Violence against civilians","39","7"
"2025","Sudan","Battles","1292","10077"
"2025","Sudan","Explosions/Remote violence","1351","5570"
"2025","Sudan","Protests","175","0"
"2025","Sudan","Riots","12","17"
"2025","Sudan","Strategic developments","1367","1"
"2025","Sudan","Violence against civilians","1242","4697"
"2025","Suriname","Protests","16","0"
"2025","Suriname","Riots","1","0"
"2025","Suriname","Strategic developments","4","0"
"2025","Suriname","Violence against civilians","1","0"
"2025","Sweden","Protests","986","0"
"2025","Sweden","Riots","4","0"
"2025","Sweden","Strategic developments","19","0"
"2025","Sweden","Violence against civilians","1","1"
"2025","Switzerland","Protests","221","0"
"2025","Switzerland","Riots","21","0"
"2025","Switzerland","Strategic developments","7","0"
"2025","Syria","Battles","1562","2425"
"2025","Syria","Explosions/Remote violence","2299","1658"
"2025","Syria","Protests","917","11"
"2025","Syria","Riots","55","8"
"2025","Syria","Strategic developments","2932","0"
"2025","Syria","Violence against civilians","2794","3778"
"2025","Taiwan","Protests","880","0"
"2025","Taiwan","Strategic developments","1","0"
"2025","Tajikistan","Battles","2","9"
"2025","Tajikistan","Riots","1","3"
"2025","Tajikistan","Strategic developments","1","0"
"2025","Tajikistan","Violence against civilians","4","6"
"2025","Tanzania","Battles","2","13"
"2025","Tanzania","Protests","78","13"
"2025","Tanzania","Riots","113","42"
"2025","Tanzania","Strategic developments","111","0"
"2025","Tanzania","Violence against civilians","134","70"
"2025","Thailand","Battles","128","68"
"2025","Thailand","Explosions/Remote violence","128","33"
"2025","Thailand","Protests","97","0"
"2025","Thailand","Riots","1","0"
"2025","Thailand","Strategic developments","65","0"
"2025","Thailand","Violence against civilians","33","22"
"2025","Togo","Battles","51","64"
"2025","Togo","Explosions/Remote violence","15","14"
"2025","Togo","Protests","13","0"
"2025","Togo","Riots","9","9"
"2025","Togo","Strategic developments","37","0"
"2025","Togo","Violence against civilians","19","13"
"2025","Tonga","Strategic developments","1","0"
"2025","Trinidad and Tobago","Battles","52","54"
"2025","Trinidad and Tobago","Protests","57","0"
"2025","Trinidad and Tobago","Riots","8","0"
"2025","Trinidad and Tobago","Strategic developments","24","0"
"2025","Trinidad and Tobago","Violence against civilians","208","131"
"2025","Tunisia","Explosions/Remote violence","5","2"
"2025","Tunisia","Protests","501","0"
"2025","Tunisia","Riots","32","0"
"2025","Tunisia","Strategic developments","14","0"
"2025","Tunisia","Violence against civilians","3","1"
"2025","Turkey","Battles","4","12"
"2025","Turkey","Explosions/Remote violence","5","0"
"2025","Turkey","Protests","5560","0"
"2025","Turkey","Riots","39","0"
"2025","Turkey","Strategic developments","265","0"
"2025","Turkey","Violence against civilians","21","3"
"2025","Turkmenistan","Violence against civilians","5","2"
"2025","Uganda","Battles","24","41"
"2025","Uganda","Explosions/Remote violence","2","3"
"2025","Uganda","Protests","110","0"
"2025","Uganda","Riots","157","95"
"2025","Uganda","Strategic developments","84","0"
"2025","Uganda","Violence against civilians","99","60"
"2025","Ukraine","Battles","29620","64501"
"2025","Ukraine","Explosions/Remote violence","46328","13512"
"2025","Ukraine","Protests","403","0"
"2025","Ukraine","Riots","12","0"
"2025","Ukraine","Strategic developments","1682","3"
"2025","Ukraine","Violence against civilians","89","83"
"2025","United Arab Emirates","Riots","1","0"
"2025","United Arab Emirates","Strategic developments","1","0"
"2025","United Arab Emirates","Violence against civilians","2","0"
"2025","United Kingdom","Protests","1037","0"
"2025","United Kingdom","Riots","43","0"
"2025","United Kingdom","Strategic developments","52","0"
"2025","United Kingdom","Violence against civilians","8","3"
"2025","United States","Battles","10","9"
"2025","United States","Explosions/Remote violence","1","1"
"2025","United States","Protests","18619","1"
"2025","United States","Riots","123","1"
"2025","United States","Strategic developments","599","0"
"2025","United States","Violence against civilians","35","30"
"2025","Uruguay","Protests","52","0"
"2025","Uruguay","Riots","4","0"
"2025","Uruguay","Strategic developments","1","0"
"2025","Uzbekistan","Protests","90","0"
"2025","Uzbekistan","Riots","9","0"
"2025","Uzbekistan","Strategic developments","3","1"
"2025","Uzbekistan","Violence against civilians","20","5"
"2025","Vanuatu","Strategic developments","1","0"
"2025","Venezuela","Battles","193","299"
"2025","Venezuela","Explosions/Remote violence","5","5"
"2025","Venezuela","Protests","690","0"
"2025","Venezuela","Riots","31","4"
"2025","Venezuela","Strategic developments","246","0"
"2025","Venezuela","Violence against civilians","109","89"
"2025","Vietnam","Protests","1","0"
"2025","Yemen","Battles","1862","1713"
"2025","Yemen","Explosions/Remote violence","1031","926"
"2025","Yemen","Protests","7862","3"
"2025","Yemen","Riots","163","2"
"2025","Yemen","Strategic developments","975","14"
"2025","Yemen","Violence against civilians","853","236"
"2025","Zambia","Battles","3","0"
"2025","Zambia","Protests","5","0"
"2025","Zambia","Riots","31","17"
"2025","Zambia","Strategic developments","4","0"
"2025","Zambia","Violence against civilians","2","0"
"2025","Zimbabwe","Explosions/Remote violence","1","0"
"2025","Zimbabwe","Protests","18","0"
"2025","Zimbabwe","Riots","23","8"
"2025","Zimbabwe","Strategic developments","6","0"
"2025","Zimbabwe","Violence against civilians","7","1"
"2026","Afghanistan","Battles","127","86"
"2026","Afghanistan","Explosions/Remote violence","218","448"
"2026","Afghanistan","Protests","64","1"
"2026","Afghanistan","Riots","11","7"
"2026","Afghanistan","Strategic developments","168","24"
"2026","Afghanistan","Violence against civilians","112","65"
"2026","Akrotiri and Dhekelia","Explosions/Remote violence","1","0"
"2026","Akrotiri and Dhekelia","Protests","1","0"
"2026","Akrotiri and Dhekelia","Strategic developments","3","0"
"2026","Albania","Protests","23","0"
"2026","Albania","Riots","8","0"
"2026","Albania","Strategic developments","7","0"
"2026","Algeria","Battles","6","17"
"2026","Algeria","Explosions/Remote violence","1","2"
"2026","Algeria","Protests","13","0"
"2026","Algeria","Riots","2","0"
"2026","Algeria","Strategic developments","8","0"
"2026","Algeria","Violence against civilians","4","9"
"2026","American Samoa","Protests","1","0"
"2026","Andorra","Protests","5","0"
"2026","Angola","Protests","16","0"
"2026","Angola","Riots","19","14"
"2026","Angola","Strategic developments","15","4"
"2026","Angola","Violence against civilians","4","2"
"2026","Antigua and Barbuda","Protests","6","0"
"2026","Antigua and Barbuda","Strategic developments","1","0"
"2026","Argentina","Protests","872","0"
"2026","Argentina","Riots","48","0"
"2026","Argentina","Strategic developments","3","0"
"2026","Armenia","Explosions/Remote violence","4","1"
"2026","Armenia","Protests","110","0"
"2026","Armenia","Strategic developments","6","0"
"2026","Aruba","Protests","1","0"
"2026","Atlantic Ocean","Explosions/Remote violence","30","90"
"2026","Atlantic Ocean","Protests","5","0"
"2026","Atlantic Ocean","Strategic developments","50","0"
"2026","Australia","Protests","227","0"
"2026","Australia","Riots","6","0"
"2026","Australia","Strategic developments","4","0"
"2026","Australia","Violence against civilians","1","0"
"2026","Austria","Protests","112","0"
"2026","Austria","Strategic developments","3","0"
"2026","Azerbaijan","Explosions/Remote violence","10","1"
"2026","Azerbaijan","Protests","1","0"
"2026","Azerbaijan","Strategic developments","19","0"
"2026","Bahamas","Strategic developments","1","0"
"2026","Bahrain","Explosions/Remote violence","42","3"
"2026","Bahrain","Protests","269","0"
"2026","Bahrain","Riots","130","0"
"2026","Bahrain","Strategic developments","136","0"
"2026","Bahrain","Violence against civilians","6","0"
"2026","Bangladesh","Battles","5","1"
"2026","Bangladesh","Explosions/Remote violence","6","0"
"2026","Bangladesh","Protests","636","0"
"2026","Bangladesh","Riots","508","89"
"2026","Bangladesh","Strategic developments","42","3"
"2026","Bangladesh","Violence against civilians","106","50"
"2026","Belarus","Explosions/Remote violence","1","0"
"2026","Belarus","Strategic developments","15","0"
"2026","Belarus","Violence against civilians","2","0"
"2026","Belgium","Explosions/Remote violence","1","0"
"2026","Belgium","Protests","386","0"
"2026","Belgium","Riots","9","0"
"2026","Belgium","Strategic developments","1","0"
"2026","Belize","Battles","10","9"
"2026","Belize","Protests","21","0"
"2026","Belize","Riots","1","0"
"2026","Belize","Strategic developments","3","0"
"2026","Belize","Violence against civilians","24","16"
"2026","Benin","Battles","8","44"
"2026","Benin","Protests","4","0"
"2026","Benin","Riots","4","2"
"2026","Benin","Strategic developments","17","0"
"2026","Benin","Violence against civilians","1","3"
"2026","Bermuda","Protests","1","0"
"2026","Bolivia","Battles","3","1"
"2026","Bolivia","Explosions/Remote violence","1","0"
"2026","Bolivia","Protests","813","0"
"2026","Bolivia","Riots","59","6"
"2026","Bolivia","Strategic developments","6","0"
"2026","Bolivia","Violence against civilians","4","1"
"2026","Bosnia and Herzegovina","Protests","77","0"
"2026","Bosnia and Herzegovina","Strategic developments","6","0"
"2026","Bosnia and Herzegovina","Violence against civilians","5","0"
"2026","Botswana","Protests","6","0"
"2026","Botswana","Riots","2","2"
"2026","Brazil","Battles","1846","1609"
"2026","Brazil","Explosions/Remote violence","9","0"
"2026","Brazil","Protests","638","0"
"2026","Brazil","Riots","226","20"
"2026","Brazil","Strategic developments","645","0"
"2026","Brazil","Violence against civilians","1873","1580"
"2026","British Indian Ocean Territory","Explosions/Remote violence","1","0"
"2026","British Indian Ocean Territory","Strategic developments","2","0"
"2026","Bulgaria","Protests","192","0"
"2026","Bulgaria","Strategic developments","7","0"
"2026","Burkina Faso","Battles","376","1275"
"2026","Burkina Faso","Explosions/Remote violence","75","88"
"2026","Burkina Faso","Protests","29","0"
"2026","Burkina Faso","Riots","3","2"
"2026","Burkina Faso","Strategic developments","155","0"
"2026","Burkina Faso","Violence against civilians","95","240"
"2026","Burundi","Battles","4","4"
"2026","Burundi","Explosions/Remote violence","2","3"
"2026","Burundi","Riots","15","7"
"2026","Burundi","Strategic developments","42","0"
"2026","Burundi","Violence against civilians","54","18"
"2026","Cambodia","Protests","7","0"
"2026","Cambodia","Strategic developments","1","0"
"2026","Cameroon","Battles","392","472"
"2026","Cameroon","Explosions/Remote violence","26","22"
"2026","Cameroon","Protests","32","0"
"2026","Cameroon","Riots","132","17"
"2026","Cameroon","Strategic developments","603","0"
"2026","Cameroon","Violence against civilians","1076","233"
"2026","Canada","Protests","579","0"
"2026","Canada","Riots","4","0"
"2026","Canada","Strategic developments","15","0"
"2026","Canada","Violence against civilians","2","7"
"2026","Cape Verde","Protests","7","0"
"2026","Cape Verde","Strategic developments","2","0"
"2026","Caribbean Netherlands","Protests","1","0"
"2026","Central African Republic","Battles","48","76"
"2026","Central African Republic","Protests","24","9"
"2026","Central African Republic","Riots","19","15"
"2026","Central African Republic","Strategic developments","126","0"
"2026","Central African Republic","Violence against civilians","157","147"
"2026","Chad","Battles","20","75"
"2026","Chad","Explosions/Remote violence","5","20"
"2026","Chad","Protests","2","0"
"2026","Chad","Riots","19","82"
"2026","Chad","Strategic developments","40","0"
"2026","Chad","Violence against civilians","48","40"
"2026","Chile","Battles","10","1"
"2026","Chile","Protests","298","0"
"2026","Chile","Riots","112","1"
"2026","Chile","Strategic developments","19","0"
"2026","Chile","Violence against civilians","24","7"
"2026","China","Protests","546","0"
"2026","China","Riots","38","0"
"2026","China","Strategic developments","18","0"
"2026","China","Violence against civilians","71","0"
"2026","Colombia","Battles","317","271"
"2026","Colombia","Explosions/Remote violence","156","79"
"2026","Colombia","Protests","731","0"
"2026","Colombia","Riots","149","10"
"2026","Colombia","Strategic developments","511","2"
"2026","Colombia","Violence against civilians","422","442"
"2026","Comoros","Protests","20","0"
"2026","Comoros","Riots","12","2"
"2026","Comoros","Strategic developments","4","0"
"2026","Costa Rica","Protests","40","0"
"2026","Costa Rica","Riots","4","0"
"2026","Costa Rica","Strategic developments","3","0"
"2026","Costa Rica","Violence against civilians","2","0"
"2026","Croatia","Protests","68","0"
"2026","Croatia","Strategic developments","8","0"
"2026","Cuba","Battles","1","5"
"2026","Cuba","Protests","156","7"
"2026","Cuba","Riots","14","0"
"2026","Cuba","Strategic developments","63","0"
"2026","Cuba","Violence against civilians","20","0"
"2026","Curacao","Protests","1","0"
"2026","Cyprus","Explosions/Remote violence","1","0"
"2026","Cyprus","Protests","93","0"
"2026","Cyprus","Riots","13","0"
"2026","Cyprus","Strategic developments","62","2"
"2026","Cyprus","Violence against civilians","3","0"
"2026","Czech Republic","Protests","391","0"
"2026","Czech Republic","Riots","1","0"
"2026","Czech Republic","Strategic developments","7","0"
"2026","Democratic Republic of Congo","Battles","583","814"
"2026","Democratic Republic of Congo","Explosions/Remote violence","127","136"
"2026","Democratic Republic of Congo","Protests","70","9"
"2026","Democratic Republic of Congo","Riots","113","100"
"2026","Democratic Republic of Congo","Strategic developments","370","0"
"2026","Democratic Republic of Congo","Violence against civilians","371","840"
"2026","Denmark","Protests","157","0"
"2026","Denmark","Strategic developments","1","0"
"2026","Djibouti","Battles","3","0"
"2026","Djibouti","Explosions/Remote violence","1","4"
"2026","Djibouti","Strategic developments","1","0"
"2026","Djibouti","Violence against civilians","1","0"
"2026","Dominica","Protests","2","0"
"2026","Dominican Republic","Battles","2","1"
"2026","Dominican Republic","Protests","56","0"
"2026","Dominican Republic","Riots","11","3"
"2026","Dominican Republic","Strategic developments","9","0"
"2026","Dominican Republic","Violence against civilians","8","5"
"2026","East Timor","Protests","4","0"
"2026","Ecuador","Battles","206","278"
"2026","Ecuador","Explosions/Remote violence","67","7"
"2026","Ecuador","Protests","183","0"
"2026","Ecuador","Riots","34","5"
"2026","Ecuador","Strategic developments","342","0"
"2026","Ecuador","Violence against civilians","943","1225"
"2026","Egypt","Explosions/Remote violence","1","1"
"2026","Egypt","Protests","65","0"
"2026","Egypt","Riots","8","0"
"2026","Egypt","Strategic developments","10","0"
"2026","Egypt","Violence against civilians","10","3"
"2026","El Salvador","Battles","2","2"
"2026","El Salvador","Protests","58","0"
"2026","El Salvador","Riots","1","0"
"2026","El Salvador","Strategic developments","7","0"
"2026","El Salvador","Violence against civilians","6","4"
"2026","Equatorial Guinea","Protests","1","0"
"2026","Eritrea","Strategic developments","3","0"
"2026","Estonia","Protests","22","0"
"2026","Estonia","Strategic developments","8","0"
"2026","eSwatini","Protests","14","0"
"2026","eSwatini","Riots","1","1"
"2026","Ethiopia","Battles","603","2229"
"2026","Ethiopia","Explosions/Remote violence","39","130"
"2026","Ethiopia","Protests","120","1"
"2026","Ethiopia","Riots","8","4"
"2026","Ethiopia","Strategic developments","190","6"
"2026","Ethiopia","Violence against civilians","164","365"
"2026","Faroe Islands","Protests","1","0"
"2026","Faroe Islands","Strategic developments","1","0"
"2026","Fiji","Protests","2","0"
"2026","Fiji","Violence against civilians","2","1"
"2026","Finland","Protests","86","0"
"2026","Finland","Strategic developments","7","0"
"2026","France","Protests","2314","0"
"2026","France","Riots","110","1"
"2026","France","Strategic developments","47","0"
"2026","France","Violence against civilians","14","3"
"2026","French Guiana","Protests","22","0"
"2026","French Polynesia","Protests","12","0"
"2026","Gabon","Protests","15","0"
"2026","Gabon","Riots","2","1"
"2026","Gabon","Strategic developments","6","0"
"2026","Gambia","Protests","1","0"
"2026","Gambia","Riots","2","0"
"2026","Georgia","Explosions/Remote violence","1","0"
"2026","Georgia","Protests","218","0"
"2026","Georgia","Strategic developments","7","0"
"2026","Georgia","Violence against civilians","1","0"
"2026","Germany","Protests","1295","0"
"2026","Germany","Riots","38","0"
"2026","Germany","Strategic developments","42","0"
"2026","Germany","Violence against civilians","3","0"
"2026","Ghana","Battles","30","36"
"2026","Ghana","Protests","90","0"
"2026","Ghana","Riots","74","27"
"2026","Ghana","Strategic developments","60","0"
"2026","Ghana","Violence against civilians","60","43"
"2026","Greece","Explosions/Remote violence","3","0"
"2026","Greece","Protests","415","0"
"2026","Greece","Riots","25","2"
"2026","Greece","Strategic developments","88","69"
"2026","Greece","Violence against civilians","7","0"
"2026","Greenland","Protests","9","0"
"2026","Greenland","Strategic developments","4","0"
"2026","Guadeloupe","Protests","27","0"
"2026","Guadeloupe","Violence against civilians","1","0"
"2026","Guam","Protests","6","0"
"2026","Guatemala","Battles","72","86"
"2026","Guatemala","Protests","123","0"
"2026","Guatemala","Riots","20","2"
"2026","Guatemala","Strategic developments","40","0"
"2026","Guatemala","Violence against civilians","242","245"
"2026","Guinea","Battles","1","1"
"2026","Guinea","Protests","40","0"
"2026","Guinea","Riots","19","1"
"2026","Guinea","Strategic developments","12","0"
"2026","Guinea","Violence against civilians","4","0"
"2026","Guinea-Bissau","Protests","2","0"
"2026","Guinea-Bissau","Riots","1","0"
"2026","Guinea-Bissau","Strategic developments","3","0"
"2026","Guinea-Bissau","Violence against civilians","2","1"
"2026","Guyana","Battles","2","0"
"2026","Guyana","Protests","9","0"
"2026","Guyana","Riots","1","0"
"2026","Haiti","Battles","217","734"
"2026","Haiti","Explosions/Remote violence","33","161"
"2026","Haiti","Protests","71","0"
"2026","Haiti","Riots","73","39"
"2026","Haiti","Strategic developments","93","0"
"2026","Haiti","Violence against civilians","173","253"
"2026","Honduras","Battles","46","48"
"2026","Honduras","Protests","172","0"
"2026","Honduras","Riots","32","1"
"2026","Honduras","Strategic developments","45","0"
"2026","Honduras","Violence against civilians","181","211"
"2026","Hungary","Protests","53","0"
"2026","Hungary","Strategic developments","13","0"
"2026","Hungary","Violence against civilians","9","0"
"2026","Iceland","Protests","15","0"
"2026","Iceland","Strategic developments","1","0"
"2026","India","Battles","105","101"
"2026","India","Explosions/Remote violence","36","13"
"2026","India","Protests","8491","0"
"2026","India","Riots","1095","74"
"2026","India","Strategic developments","709","5"
"2026","India","Violence against civilians","295","93"
"2026","Indian Ocean","Battles","6","0"
"2026","Indian Ocean","Explosions/Remote violence","130","119"
"2026","Indian Ocean","Strategic developments","161","0"
"2026","Indian Ocean","Violence against civilians","19","0"
"2026","Indonesia","Battles","32","31"
"2026","Indonesia","Explosions/Remote violence","50","18"
"2026","Indonesia","Protests","1446","0"
"2026","Indonesia","Riots","269","34"
"2026","Indonesia","Strategic developments","54","1"
"2026","Indonesia","Violence against civilians","91","58"
"2026","Iran","Battles","54","77"
"2026","Iran","Explosions/Remote violence","2954","1516"
"2026","Iran","Protests","3461","4956"
"2026","Iran","Riots","197","22669"
"2026","Iran","Strategic developments","442","10"
"2026","Iran","Violence against civilians","35","36"
"2026","Iraq","Battles","81","40"
"2026","Iraq","Explosions/Remote violence","537","188"
"2026","Iraq","Protests","636","0"
"2026","Iraq","Riots","32","0"
"2026","Iraq","Strategic developments","662","2"
"2026","Iraq","Violence against civilians","78","43"
"2026","Ireland","Protests","131","0"
"2026","Ireland","Strategic developments","2","0"
"2026","Israel","Battles","1","1"
"2026","Israel","Explosions/Remote violence","1140","26"
"2026","Israel","Protests","390","0"
"2026","Israel","Riots","47","0"
"2026","Israel","Strategic developments","458","0"
"2026","Israel","Violence against civilians","6","2"
"2026","Italy","Protests","918","0"
"2026","Italy","Riots","32","0"
"2026","Italy","Strategic developments","24","2"
"2026","Italy","Violence against civilians","3","0"
"2026","Ivory Coast","Battles","1","0"
"2026","Ivory Coast","Protests","11","0"
"2026","Ivory Coast","Riots","18","4"
"2026","Ivory Coast","Strategic developments","12","0"
"2026","Ivory Coast","Violence against civilians","1","1"
"2026","Jamaica","Battles","54","67"
"2026","Jamaica","Protests","30","0"
"2026","Jamaica","Riots","7","1"
"2026","Jamaica","Strategic developments","39","0"
"2026","Jamaica","Violence against civilians","53","54"
"2026","Japan","Protests","1002","0"
"2026","Japan","Strategic developments","4","0"
"2026","Jordan","Explosions/Remote violence","29","0"
"2026","Jordan","Protests","3","0"
"2026","Jordan","Riots","2","1"
"2026","Jordan","Strategic developments","95","0"
"2026","Kazakhstan","Battles","1","0"
"2026","Kazakhstan","Protests","116","0"
"2026","Kazakhstan","Riots","2","0"
"2026","Kazakhstan","Strategic developments","9","0"
"2026","Kazakhstan","Violence against civilians","23","3"
"2026","Kenya","Battles","62","83"
"2026","Kenya","Explosions/Remote violence","11","11"
"2026","Kenya","Protests","559","3"
"2026","Kenya","Riots","440","165"
"2026","Kenya","Strategic developments","132","0"
"2026","Kenya","Violence against civilians","94","77"
"2026","Kosovo","Protests","15","0"
"2026","Kosovo","Strategic developments","6","0"
"2026","Kosovo","Violence against civilians","4","0"
"2026","Kuwait","Battles","2","0"
"2026","Kuwait","Explosions/Remote violence","79","13"
"2026","Kuwait","Strategic developments","144","0"
"2026","Kyrgyzstan","Protests","42","0"
"2026","Kyrgyzstan","Riots","1","0"
"2026","Kyrgyzstan","Strategic developments","2","0"
"2026","Kyrgyzstan","Violence against civilians","8","1"
"2026","Laos","Violence against civilians","1","1"
"2026","Latvia","Explosions/Remote violence","1","0"
"2026","Latvia","Protests","22","0"
"2026","Latvia","Strategic developments","3","0"
"2026","Lebanon","Battles","109","153"
"2026","Lebanon","Explosions/Remote violence","5829","2012"
"2026","Lebanon","Protests","114","0"
"2026","Lebanon","Riots","26","1"
"2026","Lebanon","Strategic developments","658","1"
"2026","Lebanon","Violence against civilians","21","11"
"2026","Lesotho","Protests","3","0"
"2026","Lesotho","Violence against civilians","1","1"
"2026","Liberia","Battles","2","0"
"2026","Liberia","Protests","20","0"
"2026","Liberia","Riots","8","1"
"2026","Liberia","Strategic developments","6","0"
"2026","Liberia","Violence against civilians","3","0"
"2026","Libya","Battles","49","53"
"2026","Libya","Explosions/Remote violence","11","11"
"2026","Libya","Protests","60","0"
"2026","Libya","Riots","8","1"
"2026","Libya","Strategic developments","119","2"
"2026","Libya","Violence against civilians","39","22"
"2026","Lithuania","Protests","48","0"
"2026","Lithuania","Strategic developments","5","0"
"2026","Luxembourg","Protests","14","0"
"2026","Madagascar","Battles","23","30"
"2026","Madagascar","Protests","63","0"
"2026","Madagascar","Riots","47","9"
"2026","Madagascar","Strategic developments","41","0"
"2026","Madagascar","Violence against civilians","24","14"
"2026","Malawi","Protests","11","0"
"2026","Malawi","Riots","30","21"
"2026","Malawi","Strategic developments","1","0"
"2026","Malaysia","Protests","62","0"
"2026","Malaysia","Strategic developments","89","0"
"2026","Malaysia","Violence against civilians","1","0"
"2026","Maldives","Protests","27","0"
"2026","Maldives","Riots","2","0"
"2026","Maldives","Strategic developments","10","0"
"2026","Maldives","Violence against civilians","2","0"
"2026","Mali","Battles","185","767"
"2026","Mali","Explosions/Remote violence","213","1199"
"2026","Mali","Protests","12","0"
"2026","Mali","Riots","3","12"
"2026","Mali","Strategic developments","253","0"
"2026","Mali","Violence against civilians","195","352"
"2026","Malta","Protests","11","0"
"2026","Martinique","Protests","24","0"
"2026","Martinique","Violence against civilians","1","0"
"2026","Mauritania","Battles","1","0"
"2026","Mauritania","Protests","91","0"
"2026","Mauritania","Riots","1","0"
"2026","Mauritania","Strategic developments","11","0"
"2026","Mauritania","Violence against civilians","1","0"
"2026","Mauritius","Protests","28","0"
"2026","Mauritius","Riots","7","0"
"2026","Mauritius","Strategic developments","4","0"
"2026","Mauritius","Violence against civilians","2","0"
"2026","Mayotte","Protests","25","0"
"2026","Mayotte","Riots","41","1"
"2026","Mayotte","Strategic developments","1","0"
"2026","Mayotte","Violence against civilians","2","1"
"2026","Mediterranean Sea","Explosions/Remote violence","19","0"
"2026","Mediterranean Sea","Strategic developments","221","132"
"2026","Mexico","Battles","583","515"
"2026","Mexico","Explosions/Remote violence","28","4"
"2026","Mexico","Protests","2346","1"
"2026","Mexico","Riots","186","13"
"2026","Mexico","Strategic developments","816","2"
"2026","Mexico","Violence against civilians","2033","2117"
"2026","Moldova","Protests","41","0"
"2026","Moldova","Riots","2","0"
"2026","Moldova","Strategic developments","28","1"
"2026","Moldova","Violence against civilians","4","1"
"2026","Monaco","Protests","4","0"
"2026","Mongolia","Protests","18","0"
"2026","Montenegro","Protests","94","0"
"2026","Montenegro","Riots","1","0"
"2026","Montenegro","Strategic developments","11","0"
"2026","Morocco","Battles","1","0"
"2026","Morocco","Explosions/Remote violence","1","0"
"2026","Morocco","Protests","481","0"
"2026","Morocco","Riots","10","1"
"2026","Morocco","Strategic developments","15","0"
"2026","Morocco","Violence against civilians","2","1"
"2026","Mozambique","Battles","30","128"
"2026","Mozambique","Explosions/Remote violence","12","30"
"2026","Mozambique","Protests","25","0"
"2026","Mozambique","Riots","48","38"
"2026","Mozambique","Strategic developments","80","0"
"2026","Mozambique","Violence against civilians","43","30"
"2026","Myanmar","Battles","1335","2860"
"2026","Myanmar","Explosions/Remote violence","1826","1561"
"2026","Myanmar","Protests","193","0"
"2026","Myanmar","Strategic developments","1523","1"
"2026","Myanmar","Violence against civilians","662","257"
"2026","Namibia","Explosions/Remote violence","1","0"
"2026","Namibia","Protests","26","0"
"2026","Namibia","Riots","2","1"
"2026","Nepal","Explosions/Remote violence","5","0"
"2026","Nepal","Protests","573","0"
"2026","Nepal","Riots","88","2"
"2026","Nepal","Strategic developments","60","0"
"2026","Nepal","Violence against civilians","13","3"
"2026","Netherlands","Explosions/Remote violence","4","0"
"2026","Netherlands","Protests","266","0"
"2026","Netherlands","Riots","23","0"
"2026","Netherlands","Strategic developments","2","0"
"2026","Netherlands","Violence against civilians","3","0"
"2026","New Caledonia","Protests","27","0"
"2026","New Caledonia","Riots","1","0"
"2026","New Zealand","Protests","21","0"
"2026","Nicaragua","Riots","2","0"
"2026","Nicaragua","Strategic developments","17","0"
"2026","Nicaragua","Violence against civilians","3","2"
"2026","Niger","Battles","115","419"
"2026","Niger","Explosions/Remote violence","19","89"
"2026","Niger","Protests","28","0"
"2026","Niger","Riots","6","24"
"2026","Niger","Strategic developments","140","0"
"2026","Niger","Violence against civilians","97","373"
"2026","Nigeria","Battles","1086","3656"
"2026","Nigeria","Explosions/Remote violence","123","728"
"2026","Nigeria","Protests","286","0"
"2026","Nigeria","Riots","104","150"
"2026","Nigeria","Strategic developments","366","34"
"2026","Nigeria","Violence against civilians","1370","2324"
"2026","Niue","Strategic developments","1","0"
"2026","North Korea","Strategic developments","28","0"
"2026","North Korea","Violence against civilians","3","0"
"2026","North Macedonia","Protests","79","0"
"2026","North Macedonia","Riots","1","0"
"2026","North Macedonia","Strategic developments","3","0"
"2026","Norway","Explosions/Remote violence","1","0"
"2026","Norway","Protests","206","0"
"2026","Norway","Strategic developments","1","0"
"2026","Oman","Explosions/Remote violence","14","4"
"2026","Oman","Strategic developments","5","0"
"2026","Pacific Ocean","Battles","5","0"
"2026","Pacific Ocean","Explosions/Remote violence","79","233"
"2026","Pacific Ocean","Strategic developments","220","0"
"2026","Pakistan","Battles","542","1496"
"2026","Pakistan","Explosions/Remote violence","353","323"
"2026","Pakistan","Protests","2590","0"
"2026","Pakistan","Riots","60","40"
"2026","Pakistan","Strategic developments","250","4"
"2026","Pakistan","Violence against civilians","547","334"
"2026","Palestine","Battles","65","115"
"2026","Palestine","Explosions/Remote violence","1220","528"
"2026","Palestine","Protests","100","0"
"2026","Palestine","Riots","2111","20"
"2026","Palestine","Strategic developments","1054","0"
"2026","Palestine","Violence against civilians","721","119"
"2026","Panama","Protests","62","0"
"2026","Panama","Riots","1","0"
"2026","Panama","Strategic developments","1","0"
"2026","Panama","Violence against civilians","1","1"
"2026","Papua New Guinea","Battles","1","1"
"2026","Papua New Guinea","Protests","20","0"
"2026","Papua New Guinea","Riots","58","60"
"2026","Papua New Guinea","Strategic developments","32","4"
"2026","Papua New Guinea","Violence against civilians","5","7"
"2026","Paraguay","Protests","313","0"
"2026","Paraguay","Riots","3","0"
"2026","Peru","Battles","5","3"
"2026","Peru","Explosions/Remote violence","2","0"
"2026","Peru","Protests","390","0"
"2026","Peru","Riots","79","8"
"2026","Peru","Strategic developments","46","0"
"2026","Peru","Violence against civilians","24","18"
"2026","Philippines","Battles","69","101"
"2026","Philippines","Explosions/Remote violence","2","0"
"2026","Philippines","Protests","232","0"
"2026","Philippines","Riots","7","0"
"2026","Philippines","Strategic developments","60","0"
"2026","Philippines","Violence against civilians","93","96"
"2026","Poland","Protests","184","0"
"2026","Poland","Riots","1","0"
"2026","Poland","Strategic developments","31","0"
"2026","Poland","Violence against civilians","2","0"
"2026","Portugal","Protests","145","0"
"2026","Portugal","Strategic developments","1","0"
"2026","Puerto Rico","Battles","13","13"
"2026","Puerto Rico","Protests","80","0"
"2026","Puerto Rico","Strategic developments","8","0"
"2026","Puerto Rico","Violence against civilians","52","53"
"2026","Qatar","Battles","1","0"
"2026","Qatar","Explosions/Remote violence","19","0"
"2026","Qatar","Strategic developments","67","7"
"2026","Republic of Congo","Battles","1","0"
"2026","Republic of Congo","Protests","1","0"
"2026","Republic of Congo","Strategic developments","4","0"
"2026","Reunion","Protests","42","0"
"2026","Reunion","Riots","5","0"
"2026","Reunion","Strategic developments","2","0"
"2026","Romania","Explosions/Remote violence","1","0"
"2026","Romania","Protests","173","0"
"2026","Romania","Strategic developments","53","0"
"2026","Russia","Battles","10","10"
"2026","Russia","Explosions/Remote violence","5986","237"
"2026","Russia","Protests","116","0"
"2026","Russia","Riots","11","1"
"2026","Russia","Strategic developments","2288","1"
"2026","Russia","Violence against civilians","76","3"
"2026","Rwanda","Protests","1","0"
"2026","Rwanda","Strategic developments","5","0"
"2026","Rwanda","Violence against civilians","1","0"
"2026","Saint Lucia","Protests","2","0"
"2026","Saint-Martin","Riots","1","0"
"2026","Sao Tome and Principe","Protests","2","0"
"2026","Sao Tome and Principe","Riots","3","0"
"2026","Saudi Arabia","Battles","1","0"
"2026","Saudi Arabia","Explosions/Remote violence","27","5"
"2026","Saudi Arabia","Strategic developments","125","0"
"2026","Senegal","Battles","3","1"
"2026","Senegal","Protests","39","0"
"2026","Senegal","Riots","14","2"
"2026","Senegal","Strategic developments","5","0"
"2026","Serbia","Protests","751","0"
"2026","Serbia","Riots","8","0"
"2026","Serbia","Strategic developments","31","0"
"2026","Serbia","Violence against civilians","24","0"
"2026","Seychelles","Protests","1","0"
"2026","Sierra Leone","Battles","1","0"
"2026","Sierra Leone","Protests","1","0"
"2026","Sierra Leone","Riots","4","1"
"2026","Sierra Leone","Strategic developments","3","0"
"2026","Sierra Leone","Violence against civilians","2","0"
"2026","Singapore","Protests","2","0"
"2026","Singapore","Strategic developments","1","0"
"2026","Slovakia","Protests","47","0"
"2026","Slovakia","Riots","1","0"
"2026","Slovakia","Strategic developments","3","0"
"2026","Slovakia","Violence against civilians","1","0"
"2026","Slovenia","Protests","24","0"
"2026","Slovenia","Riots","1","0"
"2026","Slovenia","Strategic developments","6","0"
"2026","Slovenia","Violence against civilians","1","0"
"2026","Solomon Islands","Protests","1","0"
"2026","Solomon Islands","Strategic developments","1","0"
"2026","Solomon Islands","Violence against civilians","1","0"
"2026","Somalia","Battles","1140","1671"
"2026","Somalia","Explosions/Remote violence","379","1106"
"2026","Somalia","Protests","248","5"
"2026","Somalia","Riots","19","10"
"2026","Somalia","Strategic developments","368","0"
"2026","Somalia","Violence against civilians","330","202"
"2026","South Africa","Protests","422","0"
"2026","South Africa","Riots","144","22"
"2026","South Africa","Strategic developments","15","0"
"2026","South Africa","Violence against civilians","25","26"
"2026","South Korea","Protests","2185","1"
"2026","South Korea","Riots","2","0"
"2026","South Korea","Strategic developments","4","0"
"2026","South Sudan","Battles","303","1288"
"2026","South Sudan","Explosions/Remote violence","29","22"
"2026","South Sudan","Protests","8","0"
"2026","South Sudan","Riots","2","1"
"2026","South Sudan","Strategic developments","90","3"
"2026","South Sudan","Violence against civilians","201","398"
"2026","Southern Ocean","Riots","5","0"
"2026","Spain","Protests","1961","0"
"2026","Spain","Riots","22","0"
"2026","Spain","Strategic developments","11","0"
"2026","Sri Lanka","Protests","241","0"
"2026","Sri Lanka","Riots","8","0"
"2026","Sri Lanka","Strategic developments","66","0"
"2026","Sri Lanka","Violence against civilians","5","3"
"2026","Sudan","Battles","298","1791"
"2026","Sudan","Explosions/Remote violence","550","2207"
"2026","Sudan","Protests","51","0"
"2026","Sudan","Riots","8","4"
"2026","Sudan","Strategic developments","290","0"
"2026","Sudan","Violence against civilians","293","530"
"2026","Suriname","Protests","5","0"
"2026","Suriname","Riots","1","0"
"2026","Suriname","Strategic developments","1","0"
"2026","Sweden","Protests","416","0"
"2026","Sweden","Strategic developments","9","0"
"2026","Switzerland","Protests","102","0"
"2026","Switzerland","Riots","10","0"
"2026","Switzerland","Strategic developments","3","0"
"2026","Syria","Battles","475","355"
"2026","Syria","Explosions/Remote violence","734","345"
"2026","Syria","Protests","527","0"
"2026","Syria","Riots","29","0"
"2026","Syria","Strategic developments","1590","1"
"2026","Syria","Violence against civilians","458","382"
"2026","Taiwan","Protests","253","0"
"2026","Taiwan","Strategic developments","8","0"
"2026","Tajikistan","Battles","4","12"
"2026","Tajikistan","Protests","1","0"
"2026","Tajikistan","Strategic developments","2","1"
"2026","Tajikistan","Violence against civilians","5","5"
"2026","Tanzania","Protests","17","0"
"2026","Tanzania","Riots","40","23"
"2026","Tanzania","Strategic developments","29","0"
"2026","Tanzania","Violence against civilians","20","4"
"2026","Thailand","Battles","14","8"
"2026","Thailand","Explosions/Remote violence","38","1"
"2026","Thailand","Protests","39","0"
"2026","Thailand","Strategic developments","35","0"
"2026","Thailand","Violence against civilians","14","8"
"2026","Togo","Battles","4","0"
"2026","Togo","Explosions/Remote violence","2","1"
"2026","Togo","Protests","2","0"
"2026","Togo","Strategic developments","19","0"
"2026","Togo","Violence against civilians","2","1"
"2026","Tokelau","Strategic developments","1","0"
"2026","Trinidad and Tobago","Battles","21","17"
"2026","Trinidad and Tobago","Protests","33","0"
"2026","Trinidad and Tobago","Riots","3","0"
"2026","Trinidad and Tobago","Strategic developments","10","0"
"2026","Trinidad and Tobago","Violence against civilians","80","69"
"2026","Tunisia","Battles","2","6"
"2026","Tunisia","Protests","104","0"
"2026","Tunisia","Riots","5","0"
"2026","Tunisia","Strategic developments","13","0"
"2026","Tunisia","Violence against civilians","2","1"
"2026","Turkey","Battles","1","1"
"2026","Turkey","Explosions/Remote violence","3","0"
"2026","Turkey","Protests","2497","0"
"2026","Turkey","Riots","13","1"
"2026","Turkey","Strategic developments","59","0"
"2026","Turkey","Violence against civilians","2","0"
"2026","Turkmenistan","Strategic developments","1","0"
"2026","Turkmenistan","Violence against civilians","1","0"
"2026","Uganda","Battles","8","13"
"2026","Uganda","Protests","37","3"
"2026","Uganda","Riots","68","33"
"2026","Uganda","Strategic developments","81","3"
"2026","Uganda","Violence against civilians","54","39"
"2026","Ukraine","Battles","11572","19437"
"2026","Ukraine","Explosions/Remote violence","22065","5786"
"2026","Ukraine","Protests","159","0"
"2026","Ukraine","Riots","10","0"
"2026","Ukraine","Strategic developments","442","33"
"2026","Ukraine","Violence against civilians","27","11"
"2026","United Arab Emirates","Explosions/Remote violence","101","13"
"2026","United Arab Emirates","Strategic developments","121","0"
"2026","United Kingdom","Explosions/Remote violence","1","0"
"2026","United Kingdom","Protests","386","0"
"2026","United Kingdom","Riots","20","0"
"2026","United Kingdom","Strategic developments","20","0"
"2026","United Kingdom","Violence against civilians","4","0"
"2026","United States","Battles","6","2"
"2026","United States","Explosions/Remote violence","1","0"
"2026","United States","Protests","8590","2"
"2026","United States","Riots","61","0"
"2026","United States","Strategic developments","168","0"
"2026","United States","Violence against civilians","15","13"
"2026","Uruguay","Protests","24","0"
"2026","Uzbekistan","Protests","29","0"
"2026","Uzbekistan","Riots","1","0"
"2026","Uzbekistan","Strategic developments","1","0"
"2026","Uzbekistan","Violence against civilians","4","1"
"2026","Vanuatu","Protests","2","0"
"2026","Venezuela","Battles","78","159"
"2026","Venezuela","Explosions/Remote violence","11","45"
"2026","Venezuela","Protests","1266","0"
"2026","Venezuela","Riots","14","6"
"2026","Venezuela","Strategic developments","69","0"
"2026","Venezuela","Violence against civilians","59","40"
"2026","Yemen","Battles","431","501"
"2026","Yemen","Explosions/Remote violence","180","147"
"2026","Yemen","Protests","1350","3"
"2026","Yemen","Riots","15","1"
"2026","Yemen","Strategic developments","527","0"
"2026","Yemen","Violence against civilians","273","94"
"2026","Zambia","Protests","2","0"
"2026","Zambia","Riots","10","2"
"2026","Zambia","Strategic developments","3","0"
"2026","Zimbabwe","Protests","16","0"
"2026","Zimbabwe","Riots","10","0"
"2026","Zimbabwe","Strategic developments","8","0"
"2026","Zimbabwe","Violence against civilians","16","3"
